v 34.5 167.0 126.0
v 35.0 167.0 125.5
v 35.0 166.5 126.0
v 35.0 167.0 126.5
v 35.0 167.5 126.0
v 35.5 166.0 126.0
v 36.0 166.0 125.5
v 36.0 165.5 126.0
v 36.0 166.0 126.5
v 35.5 166.0 128.0
v 36.0 166.0 127.5
v 36.0 165.5 128.0
v 36.0 166.0 128.5
v 36.0 167.0 125.5
v 36.0 166.5 127.0
v 35.5 167.0 127.0
v 36.0 166.5 128.0
v 36.0 167.0 127.5
v 35.5 168.0 124.0
v 36.0 168.0 123.5
v 36.0 167.5 124.0
v 36.0 167.5 125.0
v 35.5 168.0 125.0
v 35.5 168.0 126.0
v 36.0 168.0 126.5
v 36.0 167.5 127.0
v 35.5 169.0 124.0
v 36.0 169.0 123.5
v 36.0 169.0 124.5
v 36.0 168.5 125.0
v 36.0 168.5 126.0
v 35.5 170.0 122.0
v 36.0 170.0 121.5
v 36.0 169.5 122.0
v 36.0 169.5 123.0
v 35.5 170.0 123.0
v 36.0 169.5 124.0
v 36.0 170.0 123.5
v 35.5 171.0 122.0
v 36.0 171.0 121.5
v 36.0 171.0 122.5
v 36.0 170.5 123.0
v 36.0 171.5 122.0
v 36.5 165.0 128.0
v 37.0 165.0 127.5
v 37.0 164.5 128.0
v 37.0 165.0 128.5
v 36.5 166.0 126.0
v 37.0 166.0 127.5
v 37.0 166.0 128.5
v 37.0 167.0 125.5
v 37.0 166.5 126.0
v 37.0 166.5 127.0
v 36.5 166.5 127.5
v 36.5 167.0 128.0
v 37.0 167.0 128.5
v 37.0 168.0 123.5
v 37.0 167.5 124.0
v 37.0 167.5 125.0
v 37.0 167.5 127.0
v 37.0 168.0 126.5
v 37.0 167.5 128.0
v 36.5 169.0 122.0
v 37.0 169.0 121.5
v 37.0 168.5 122.0
v 37.0 168.5 123.0
v 36.5 169.0 123.0
v 37.0 168.5 125.0
v 37.0 169.0 124.5
v 37.0 168.5 126.0
v 37.0 170.0 121.5
v 36.5 169.5 123.5
v 37.0 170.0 123.5
v 37.0 169.5 124.0
v 36.5 171.0 121.0
v 37.0 171.0 120.5
v 37.0 170.5 121.0
v 37.0 170.5 123.0
v 37.0 171.0 122.5
v 37.0 171.5 121.0
v 37.0 171.5 122.0
v 37.5 165.0 128.0
v 38.0 166.0 127.5
v 38.0 165.5 128.0
v 38.0 166.0 128.5
v 38.0 167.0 125.5
v 38.0 166.5 126.0
v 37.5 167.0 127.0
v 38.0 167.0 126.5
v 38.0 166.5 128.0
v 37.5 167.0 128.0
v 38.0 168.0 123.5
v 38.0 167.5 124.0
v 38.0 167.5 125.0
v 38.0 168.0 126.5
v 38.0 169.0 121.5
v 38.0 168.5 122.0
v 38.0 168.5 123.0
v 38.0 168.5 125.0
v 38.0 169.0 124.5
v 38.0 168.5 126.0
v 38.0 170.0 121.5
v 38.0 169.5 124.0
v 38.0 170.0 123.5
v 37.5 171.0 121.0
v 38.0 171.0 121.5
v 38.0 170.5 123.0
v 38.0 171.0 122.5
v 38.0 171.5 122.0
v 38.5 166.0 128.0
v 38.5 167.0 126.0
v 38.5 168.0 124.0
v 38.5 168.0 125.0
v 38.5 168.0 126.0
v 39.0 169.0 121.5
v 39.0 168.5 122.0
v 39.0 168.5 123.0
v 39.0 168.5 124.0
v 39.0 169.0 124.5
v 39.0 170.0 121.5
v 38.5 170.0 124.0
v 39.0 170.0 124.5
v 39.0 171.0 121.5
v 39.0 170.5 123.0
v 39.0 171.0 122.5
v 39.0 170.5 124.0
v 39.0 171.5 122.0
v 39.5 169.0 122.0
v 39.5 169.0 123.0
v 40.0 169.0 123.5
v 40.0 168.5 124.0
v 40.0 169.0 124.5
v 40.0 170.0 121.5
v 40.0 169.5 122.0
v 40.0 169.5 123.0
v 40.0 170.0 124.5
v 40.0 170.5 122.0
v 39.5 171.0 122.0
v 40.0 170.5 123.0
v 40.0 170.5 124.0
v 40.5 169.0 124.0
v 40.5 170.0 122.0
v 40.5 170.0 123.0
v 40.5 170.0 124.0
v 41.5 115.0 134.0
v 42.0 115.0 133.5
v 42.0 114.5 134.0
v 42.0 115.0 134.5
v 42.0 115.5 134.0
v 42.5 114.0 133.0
v 43.0 114.0 132.5
v 43.0 113.5 133.0
v 43.0 114.0 133.5
v 43.0 114.5 133.0
v 43.0 115.0 133.5
v 43.0 114.5 134.0
v 43.0 115.0 134.5
v 42.5 116.0 134.0
v 43.0 116.0 133.5
v 43.0 116.0 134.5
v 43.0 116.5 134.0
v 43.0 117.0 134.5
v 42.5 117.0 135.0
v 43.0 116.5 135.0
v 43.0 116.5 136.0
v 42.5 117.0 136.0
v 43.0 117.0 136.5
v 43.0 117.5 135.0
v 42.5 118.0 136.0
v 43.0 118.0 135.5
v 43.0 118.0 136.5
v 43.0 118.5 136.0
v 43.5 114.0 133.0
v 43.5 115.0 134.0
v 43.5 116.0 134.0
v 43.5 117.0 135.0
v 43.5 117.0 136.0
v 43.5 118.0 136.0
v 44.5 84.0 98.0
v 45.0 84.0 97.5
v 45.0 83.5 98.0
v 45.0 84.0 98.5
v 45.0 84.5 98.0
v 45.5 84.0 98.0
v 46.5 108.0 124.0
v 47.0 108.0 123.5
v 47.0 107.5 124.0
v 47.0 108.0 124.5
v 46.5 109.0 122.0
v 47.0 109.0 121.5
v 47.0 108.5 122.0
v 47.0 108.5 123.0
v 46.5 109.0 123.0
v 46.5 109.0 124.0
v 47.0 109.0 124.5
v 46.5 110.0 122.0
v 47.0 110.0 121.5
v 46.5 110.0 123.0
v 46.5 110.0 124.0
v 47.0 110.0 124.5
v 47.0 110.5 122.0
v 47.0 110.5 123.0
v 47.0 110.5 124.0
v 47.5 107.0 122.0
v 48.0 107.0 121.5
v 48.0 106.5 122.0
v 48.0 107.0 122.5
v 47.5 108.0 120.0
v 48.0 108.0 119.5
v 48.0 107.5 120.0
v 48.0 107.5 121.0
v 47.5 108.0 121.0
v 47.5 108.0 122.0
v 48.0 107.5 123.0
v 47.5 108.0 123.0
v 48.0 107.5 124.0
v 48.0 108.0 124.5
v 47.5 109.0 120.0
v 48.0 109.0 119.5
v 47.5 109.0 121.0
v 48.0 108.5 125.0
v 47.5 109.0 125.0
v 48.0 109.0 125.5
v 48.0 109.5 120.0
v 47.5 110.0 121.0
v 48.0 110.0 120.5
v 48.0 109.5 125.0
v 48.0 110.0 124.5
v 48.0 110.5 121.0
v 48.0 110.5 122.0
v 48.0 110.5 123.0
v 48.0 110.5 124.0
v 48.5 107.0 120.0
v 49.0 107.0 119.5
v 49.0 106.5 120.0
v 49.0 107.0 120.5
v 49.0 107.0 121.5
v 49.0 106.5 122.0
v 49.0 107.0 122.5
v 48.5 107.0 124.0
v 49.0 107.0 123.5
v 49.0 106.5 124.0
v 49.0 107.0 124.5
v 49.0 108.0 119.5
v 49.0 107.5 121.0
v 49.0 107.5 123.0
v 49.0 108.0 124.5
v 49.0 109.0 119.5
v 49.0 108.5 125.0
v 49.0 109.0 125.5
v 49.0 109.5 120.0
v 49.0 110.0 120.5
v 49.0 109.5 125.0
v 49.0 110.0 124.5
v 49.0 110.5 121.0
v 49.0 110.5 122.0
v 49.0 110.5 123.0
v 49.0 110.5 124.0
v 49.5 106.0 120.0
v 50.0 106.0 119.5
v 50.0 105.5 120.0
v 50.0 106.0 120.5
v 50.0 107.0 119.5
v 50.0 106.5 121.0
v 49.5 107.0 121.0
v 50.0 106.5 122.0
v 50.0 106.5 123.0
v 49.5 107.0 123.0
v 50.0 106.5 124.0
v 50.0 107.0 124.5
v 50.0 108.0 119.5
v 50.0 107.5 125.0
v 49.5 108.0 125.0
v 50.0 108.0 125.5
v 50.0 109.0 119.5
v 50.0 109.0 124.5
v 49.5 109.0 125.0
v 50.0 108.5 125.0
v 50.0 109.5 120.0
v 49.5 110.0 121.0
v 50.0 109.5 121.0
v 49.5 110.0 122.0
v 50.0 109.5 122.0
v 50.0 110.0 122.5
v 49.5 110.0 124.0
v 50.0 109.5 124.0
v 50.0 110.0 123.5
v 50.0 110.5 123.0
v 50.5 106.0 120.0
v 51.0 107.0 119.5
v 51.0 106.5 120.0
v 50.5 107.0 121.0
v 51.0 107.0 120.5
v 51.0 107.0 121.5
v 51.0 106.5 122.0
v 50.5 107.0 123.0
v 51.0 107.0 122.5
v 50.5 107.0 124.0
v 50.5 108.0 119.0
v 51.0 108.0 118.5
v 51.0 107.5 119.0
v 51.0 107.5 121.0
v 51.0 107.5 123.0
v 51.0 107.5 124.0
v 50.5 108.0 125.0
v 51.0 108.0 124.5
v 51.0 108.5 119.0
v 51.0 109.0 119.5
v 50.5 109.0 124.0
v 51.0 108.5 124.0
v 51.0 109.0 123.5
v 51.0 109.5 120.0
v 51.0 109.5 121.0
v 51.0 109.5 122.0
v 50.5 110.0 123.0
v 51.0 109.5 123.0
v 51.5 100.0 128.0
v 52.0 100.0 127.5
v 52.0 99.5 128.0
v 52.0 100.0 128.5
v 52.0 100.5 128.0
v 51.5 102.0 127.0
v 52.0 102.0 126.5
v 52.0 101.5 127.0
v 52.0 102.0 127.5
v 51.5 103.0 127.0
v 52.0 103.0 126.5
v 52.0 103.0 127.5
v 51.5 103.0 129.0
v 52.0 103.0 128.5
v 52.0 102.5 129.0
v 52.0 102.5 130.0
v 51.5 103.0 130.0
v 52.0 103.0 130.5
v 51.5 104.0 127.0
v 52.0 104.0 126.5
v 52.0 104.0 127.5
v 52.0 103.5 129.0
v 52.0 103.5 130.0
v 52.0 104.5 127.0
v 51.5 106.0 122.0
v 52.0 106.0 121.5
v 52.0 105.5 122.0
v 52.0 106.0 122.5
v 51.5 107.0 120.0
v 52.0 107.0 121.5
v 52.0 106.5 123.0
v 51.5 107.0 123.0
v 52.0 107.0 123.5
v 51.5 108.0 119.0
v 52.0 108.0 119.5
v 52.0 107.5 120.0
v 51.5 108.0 121.0
v 52.0 108.0 120.5
v 52.0 108.0 121.5
v 52.0 108.0 123.5
v 51.5 108.0 124.0
v 52.0 109.0 119.5
v 52.0 108.5 121.0
v 52.0 109.0 121.5
v 51.5 109.0 122.0
v 52.0 108.5 122.0
v 51.5 109.0 123.0
v 52.0 108.5 123.0
v 52.0 109.5 120.0
v 52.0 109.5 121.0
v 52.5 99.0 128.0
v 53.0 99.0 127.5
v 53.0 98.5 128.0
v 53.0 98.5 129.0
v 52.5 99.0 129.0
v 53.0 98.5 130.0
v 52.5 99.0 130.0
v 53.0 98.5 131.0
v 52.5 99.0 131.0
v 53.0 99.0 131.5
v 52.5 100.0 127.0
v 53.0 100.0 126.5
v 53.0 99.5 127.0
v 52.5 100.0 129.0
v 52.5 100.0 130.0
v 53.0 100.0 130.5
v 53.0 99.5 131.0
v 52.5 101.0 127.0
v 53.0 101.0 126.5
v 52.5 101.0 128.0
v 52.5 101.0 129.0
v 52.5 101.0 130.0
v 53.0 100.5 131.0
v 52.5 101.0 131.0
v 53.0 101.0 131.5
v 53.0 102.0 126.5
v 52.5 102.0 128.0
v 52.5 102.0 129.0
v 52.5 102.0 130.0
v 52.5 102.0 131.0
v 53.0 102.0 131.5
v 52.5 103.0 105.0
v 53.0 103.0 104.5
v 53.0 102.5 105.0
v 53.0 103.0 105.5
v 52.5 103.0 120.0
v 53.0 103.0 119.5
v 53.0 102.5 120.0
v 53.0 103.0 120.5
v 53.0 103.0 126.5
v 52.5 103.0 128.0
v 53.0 102.5 131.0
v 53.0 103.0 130.5
v 52.5 104.0 102.0
v 53.0 104.0 101.5
v 53.0 103.5 102.0
v 53.0 103.5 103.0
v 52.5 104.0 103.0
v 53.0 103.5 104.0
v 52.5 104.0 104.0
v 52.5 104.0 105.0
v 53.0 103.5 106.0
v 52.5 104.0 106.0
v 53.0 104.0 106.5
v 52.5 104.0 120.0
v 53.0 104.0 119.5
v 53.0 104.0 120.5
v 53.0 103.5 127.0
v 52.5 104.0 127.0
v 53.0 103.5 128.0
v 52.5 104.0 129.0
v 53.0 104.0 128.5
v 53.0 104.0 129.5
v 53.0 103.5 130.0
v 52.5 105.0 102.0
v 53.0 105.0 101.5
v 53.0 105.0 102.5
v 53.0 104.5 103.0
v 52.5 105.0 104.0
v 53.0 105.0 103.5
v 52.5 105.0 105.0
v 53.0 105.0 105.5
v 53.0 104.5 106.0
v 53.0 104.5 120.0
v 53.0 104.5 129.0
v 53.0 105.5 102.0
v 53.0 105.5 104.0
v 52.5 106.0 105.0
v 53.0 106.0 104.5
v 53.0 106.0 105.5
v 52.5 106.0 122.0
v 53.0 106.5 105.0
v 53.0 107.0 121.5
v 53.0 106.5 122.0
v 53.0 106.5 123.0
v 53.0 107.0 123.5
v 52.5 108.0 120.0
v 53.0 107.5 122.0
v 52.5 108.0 122.0
v 52.5 108.0 123.0
v 53.0 107.5 123.0
v 52.5 109.0 120.0
v 52.5 109.0 121.0
v 52.5 161.0 124.0
v 53.0 161.0 123.5
v 53.0 160.5 124.0
v 53.0 161.0 124.5
v 52.5 161.0 126.0
v 53.0 161.0 125.5
v 53.0 160.5 126.0
v 53.0 161.0 126.5
v 53.0 161.5 124.0
v 53.0 161.5 126.0
v 53.5 99.0 128.0
v 54.0 99.0 128.5
v 54.0 98.5 129.0
v 54.0 98.5 130.0
v 54.0 98.5 131.0
v 54.0 98.5 132.0
v 53.5 99.0 132.0
v 54.0 99.0 132.5
v 53.5 100.0 127.0
v 54.0 100.0 127.5
v 54.0 99.5 128.0
v 53.5 100.0 131.0
v 53.5 100.0 132.0
v 54.0 100.0 132.5
v 53.5 101.0 127.0
v 54.0 101.0 127.5
v 53.5 101.0 132.0
v 54.0 101.0 132.5
v 53.5 102.0 127.0
v 54.0 102.0 127.5
v 54.0 101.5 132.0
v 54.0 102.0 131.5
v 53.5 103.0 103.0
v 54.0 103.0 102.5
v 54.0 102.5 103.0
v 54.0 102.5 104.0
v 53.5 103.0 104.0
v 54.0 102.5 105.0
v 54.0 103.0 105.5
v 54.0 103.0 119.5
v 54.0 102.5 120.0
v 54.0 103.0 120.5
v 53.5 103.0 127.0
v 54.0 103.0 127.5
v 54.0 102.5 131.0
v 54.0 103.0 130.5
v 54.0 104.0 101.5
v 54.0 103.5 102.0
v 54.0 103.5 106.0
v 54.0 104.0 106.5
v 54.0 104.0 119.5
v 54.0 104.0 120.5
v 54.0 103.5 128.0
v 54.0 104.0 128.5
v 53.5 104.0 130.0
v 54.0 104.0 130.5
v 53.5 105.0 101.0
v 54.0 105.0 100.5
v 54.0 104.5 101.0
v 53.5 105.0 103.0
v 54.0 104.5 106.0
v 54.0 105.0 105.5
v 54.0 104.5 120.0
v 54.0 104.5 129.0
v 54.0 104.5 130.0
v 54.0 105.5 101.0
v 53.5 106.0 102.0
v 54.0 106.0 101.5
v 53.5 106.0 103.0
v 53.5 106.0 104.0
v 54.0 105.5 105.0
v 54.0 106.0 104.5
v 53.5 106.0 105.0
v 54.0 106.5 102.0
v 54.0 106.5 103.0
v 54.0 106.5 104.0
v 53.5 107.0 122.0
v 53.5 107.0 123.0
v 53.5 161.0 124.0
v 53.5 161.0 126.0
v 55.0 99.0 128.5
v 55.0 98.5 129.0
v 55.0 98.5 130.0
v 55.0 98.5 131.0
v 54.5 99.0 132.0
v 55.0 99.0 131.5
v 55.0 100.0 127.5
v 55.0 99.5 128.0
v 54.5 100.0 132.0
v 55.0 100.0 131.5
v 55.0 101.0 127.5
v 54.5 101.0 132.0
v 55.0 101.0 131.5
v 55.0 101.5 128.0
v 54.5 102.0 128.0
v 55.0 102.0 128.5
v 55.0 102.0 131.5
v 55.0 103.0 102.5
v 55.0 102.5 103.0
v 54.5 103.0 104.0
v 55.0 103.0 103.5
v 54.5 103.0 105.0
v 54.5 103.0 120.0
v 55.0 102.5 121.0
v 55.0 103.0 120.5
v 54.5 103.0 121.0
v 55.0 103.0 121.5
v 54.5 103.0 128.0
v 55.0 102.5 129.0
v 54.5 103.0 129.0
v 55.0 103.0 129.5
v 55.0 102.5 131.0
v 55.0 103.0 130.5
v 55.0 104.0 101.5
v 55.0 103.5 102.0
v 55.0 103.5 104.0
v 55.0 104.0 104.5
v 54.5 104.0 105.0
v 54.5 104.0 106.0
v 54.5 104.0 120.0
v 55.0 103.5 121.0
v 54.5 104.0 129.0
v 55.0 103.5 130.0
v 54.5 104.0 130.0
v 55.0 105.0 100.5
v 55.0 104.5 101.0
v 54.5 105.0 105.0
v 55.0 105.0 104.5
v 55.0 105.5 101.0
v 55.0 106.0 101.5
v 55.0 106.0 104.5
v 55.0 106.5 102.0
v 55.0 106.5 103.0
v 55.0 106.5 104.0
v 55.5 99.0 129.0
v 55.5 99.0 130.0
v 55.5 99.0 131.0
v 55.5 100.0 128.0
v 55.5 100.0 129.0
v 56.0 100.0 129.5
v 56.0 99.5 130.0
v 56.0 100.0 130.5
v 55.5 100.0 131.0
v 55.5 101.0 128.0
v 55.5 101.0 129.0
v 56.0 100.5 130.0
v 55.5 101.0 130.0
v 55.5 101.0 131.0
v 55.5 102.0 129.0
v 55.5 102.0 130.0
v 55.5 102.0 131.0
v 55.5 103.0 103.0
v 55.5 103.0 121.0
v 55.5 103.0 130.0
v 56.0 104.0 101.5
v 56.0 103.5 102.0
v 56.0 103.5 103.0
v 55.5 104.0 104.0
v 56.0 104.0 103.5
v 55.5 105.0 101.0
v 56.0 104.5 102.0
v 55.5 105.0 102.0
v 56.0 105.0 102.5
v 55.5 105.0 104.0
v 56.0 105.0 103.5
v 55.5 106.0 102.0
v 56.0 105.5 103.0
v 55.5 106.0 103.0
v 55.5 106.0 104.0
v 56.5 100.0 130.0
v 56.5 104.0 102.0
v 56.5 104.0 103.0
v 56.5 105.0 103.0
v 57.5 88.0 81.0
v 58.0 88.0 80.5
v 58.0 87.5 81.0
v 58.0 87.5 82.0
v 57.5 88.0 82.0
v 58.0 87.5 83.0
v 57.5 88.0 83.0
v 58.0 88.0 83.5
v 57.5 89.0 81.0
v 58.0 89.0 80.5
v 57.5 89.0 82.0
v 58.0 89.0 82.5
v 58.0 88.5 83.0
v 57.5 90.0 81.0
v 58.0 90.0 80.5
v 57.5 90.0 82.0
v 58.0 90.0 82.5
v 58.0 90.5 81.0
v 58.0 90.5 82.0
v 59.0 88.0 80.5
v 59.0 87.5 81.0
v 59.0 87.5 82.0
v 58.5 88.0 83.0
v 59.0 88.0 82.5
v 59.0 89.0 80.5
v 59.0 89.0 82.5
v 59.0 89.5 81.0
v 58.5 90.0 81.0
v 59.0 90.0 81.5
v 59.0 90.0 82.5
v 59.0 90.5 82.0
v 59.5 88.0 81.0
v 59.5 88.0 82.0
v 59.5 89.0 81.0
v 59.5 89.0 82.0
v 59.5 90.0 82.0
v 61.5 157.0 125.0
v 62.0 157.0 124.5
v 62.0 156.5 125.0
v 62.0 157.0 125.5
v 61.5 158.0 124.0
v 62.0 158.0 123.5
v 62.0 157.5 124.0
v 61.5 158.0 125.0
v 62.0 158.0 125.5
v 61.5 159.0 124.0
v 62.0 159.0 123.5
v 62.0 159.0 124.5
v 62.0 158.5 125.0
v 62.0 159.5 124.0
v 62.5 156.0 124.0
v 63.0 156.0 123.5
v 63.0 155.5 124.0
v 63.0 155.5 125.0
v 62.5 156.0 125.0
v 63.0 156.0 125.5
v 62.5 157.0 123.0
v 63.0 157.0 122.5
v 63.0 156.5 123.0
v 62.5 157.0 124.0
v 63.0 157.0 125.5
v 62.5 158.0 119.0
v 63.0 158.0 118.5
v 63.0 157.5 119.0
v 63.0 157.5 120.0
v 62.5 158.0 120.0
v 63.0 157.5 121.0
v 62.5 158.0 121.0
v 63.0 157.5 122.0
v 62.5 158.0 122.0
v 62.5 158.0 123.0
v 63.0 158.0 124.5
v 62.5 158.0 125.0
v 63.0 157.5 125.0
v 62.5 159.0 119.0
v 63.0 159.0 118.5
v 62.5 159.0 120.0
v 62.5 159.0 121.0
v 62.5 159.0 122.0
v 62.5 159.0 123.0
v 63.0 159.0 124.5
v 62.5 160.0 119.0
v 63.0 160.0 118.5
v 62.5 160.0 120.0
v 62.5 160.0 121.0
v 63.0 160.0 121.5
v 63.0 159.5 122.0
v 63.0 159.5 123.0
v 63.0 159.5 124.0
v 63.0 160.5 119.0
v 63.0 160.5 120.0
v 63.0 160.5 121.0
v 62.5 165.0 155.0
v 63.0 165.0 154.5
v 63.0 164.5 155.0
v 63.0 165.0 155.5
v 62.5 166.0 155.0
v 63.0 166.0 154.5
v 63.0 166.0 155.5
v 62.5 167.0 155.0
v 63.0 167.0 154.5
v 63.0 167.0 155.5
v 63.0 167.5 155.0
v 63.5 155.0 124.0
v 64.0 155.0 123.5
v 64.0 154.5 124.0
v 64.0 155.0 124.5
v 63.5 156.0 123.0
v 64.0 156.0 122.5
v 64.0 155.5 123.0
v 64.0 156.0 124.5
v 63.5 156.0 125.0
v 63.5 157.0 118.0
v 64.0 157.0 117.5
v 64.0 156.5 118.0
v 64.0 156.5 119.0
v 63.5 157.0 119.0
v 64.0 156.5 120.0
v 63.5 157.0 120.0
v 64.0 156.5 121.0
v 63.5 157.0 121.0
v 64.0 156.5 122.0
v 63.5 157.0 122.0
v 63.5 157.0 125.0
v 64.0 157.0 124.5
v 63.5 158.0 118.0
v 64.0 158.0 117.5
v 64.0 158.0 124.5
v 64.0 158.5 118.0
v 64.0 159.0 118.5
v 63.5 159.0 124.0
v 64.0 158.5 124.0
v 64.0 159.0 123.5
v 64.0 159.5 119.0
v 63.5 160.0 119.0
v 64.0 160.0 119.5
v 64.0 159.5 122.0
v 64.0 160.0 121.5
v 64.0 159.5 123.0
v 64.0 160.5 120.0
v 64.0 160.5 121.0
v 63.5 164.0 155.0
v 64.0 164.0 154.5
v 64.0 163.5 155.0
v 64.0 164.0 155.5
v 64.0 165.0 154.5
v 64.0 165.0 155.5
v 64.0 166.0 154.5
v 64.0 166.0 155.5
v 64.0 166.5 155.0
v 63.5 167.0 155.0
v 65.0 155.0 123.5
v 65.0 154.5 124.0
v 65.0 155.0 124.5
v 64.5 156.0 121.0
v 65.0 156.0 120.5
v 65.0 155.5 121.0
v 65.0 155.5 122.0
v 64.5 156.0 122.0
v 65.0 155.5 123.0
v 65.0 156.0 124.5
v 65.0 157.0 117.5
v 65.0 156.5 118.0
v 65.0 156.5 119.0
v 65.0 156.5 120.0
v 64.5 157.0 124.0
v 65.0 156.5 124.0
v 65.0 157.0 123.5
v 65.0 158.0 117.5
v 64.5 158.0 124.0
v 65.0 158.0 123.5
v 65.0 158.5 118.0
v 64.5 159.0 119.0
v 65.0 158.5 119.0
v 64.5 159.0 120.0
v 65.0 158.5 120.0
v 65.0 159.0 120.5
v 64.5 159.0 123.0
v 65.0 158.5 123.0
v 65.0 159.0 122.5
v 64.5 160.0 120.0
v 65.0 159.5 121.0
v 64.5 160.0 121.0
v 65.0 159.5 122.0
v 64.5 160.0 155.0
v 65.0 160.0 154.5
v 65.0 159.5 155.0
v 65.0 160.0 155.5
v 64.5 161.0 155.0
v 65.0 161.0 154.5
v 65.0 161.0 155.5
v 64.5 162.0 155.0
v 65.0 162.0 154.5
v 65.0 162.0 155.5
v 64.5 163.0 155.0
v 65.0 163.0 154.5
v 65.0 163.0 155.5
v 65.0 164.0 154.5
v 65.0 164.0 155.5
v 65.0 165.0 154.5
v 65.0 165.0 155.5
v 65.0 166.0 154.5
v 65.0 166.0 155.5
v 65.0 166.5 155.0
v 65.5 155.0 123.0
v 66.0 155.0 122.5
v 66.0 154.5 123.0
v 66.0 155.0 123.5
v 65.5 155.0 124.0
v 66.0 156.0 120.5
v 66.0 155.5 121.0
v 66.0 155.5 122.0
v 66.0 156.0 123.5
v 65.5 155.5 123.5
v 65.5 156.0 124.0
v 65.5 157.0 118.0
v 66.0 157.0 118.5
v 66.0 156.5 119.0
v 66.0 156.5 120.0
v 65.5 157.0 123.0
v 66.0 156.5 123.0
v 66.0 157.0 122.5
v 65.5 158.0 118.0
v 66.0 158.0 118.5
v 65.5 158.0 122.0
v 66.0 157.5 122.0
v 66.0 158.0 121.5
v 65.5 158.0 123.0
v 66.0 158.5 119.0
v 66.0 158.5 120.0
v 65.5 159.0 121.0
v 66.0 158.5 121.0
v 65.5 159.0 122.0
v 65.5 160.0 154.0
v 66.0 160.0 153.5
v 66.0 159.5 154.0
v 66.0 160.0 154.5
v 65.5 160.0 155.0
v 65.5 161.0 154.0
v 66.0 161.0 153.5
v 66.0 161.0 154.5
v 65.5 161.0 155.0
v 65.5 162.0 154.0
v 66.0 162.0 153.5
v 66.0 162.0 154.5
v 65.5 162.0 155.0
v 65.5 163.0 154.0
v 66.0 163.0 153.5
v 66.0 163.0 154.5
v 65.5 163.0 155.0
v 65.5 164.0 154.0
v 66.0 164.0 153.5
v 65.5 163.5 154.5
v 66.0 163.5 155.0
v 66.0 164.0 155.5
v 65.5 165.0 154.0
v 66.0 165.0 153.5
v 65.5 164.5 154.5
v 65.5 165.0 155.0
v 66.0 164.5 155.0
v 66.0 165.0 154.5
v 65.5 166.0 154.0
v 66.0 166.0 153.5
v 66.0 166.0 154.5
v 65.5 166.0 155.0
v 66.0 166.5 154.0
v 66.5 155.0 123.0
v 66.5 156.0 121.0
v 66.5 156.0 122.0
v 66.5 156.0 123.0
v 66.5 157.0 119.0
v 67.0 157.0 119.5
v 67.0 156.5 120.0
v 67.0 156.5 121.0
v 67.0 157.0 121.5
v 66.5 157.0 122.0
v 66.5 158.0 119.0
v 67.0 158.0 119.5
v 66.5 158.0 121.0
v 67.0 157.5 121.0
v 67.0 158.0 120.5
v 67.0 158.5 120.0
v 66.5 160.0 154.0
v 67.0 161.0 153.5
v 67.0 160.5 154.0
v 67.0 161.0 154.5
v 67.0 162.0 153.5
v 67.0 162.0 154.5
v 67.0 163.0 153.5
v 67.0 163.0 154.5
v 67.0 164.0 153.5
v 66.5 164.0 155.0
v 67.0 164.0 154.5
v 67.0 165.0 153.5
v 67.0 165.0 154.5
v 67.0 165.5 154.0
v 66.5 166.0 154.0
v 67.5 153.0 98.0
v 68.0 153.0 97.5
v 68.0 152.5 98.0
v 68.0 153.0 98.5
v 67.5 154.0 96.0
v 68.0 154.0 95.5
v 68.0 153.5 96.0
v 68.0 153.5 97.0
v 67.5 154.0 97.0
v 68.0 153.5 98.0
v 68.0 154.0 97.5
v 68.0 154.5 96.0
v 68.0 154.5 97.0
v 67.5 157.0 120.0
v 67.5 157.0 121.0
v 67.5 158.0 120.0
v 67.5 161.0 153.0
v 68.0 161.0 152.5
v 68.0 160.5 153.0
v 68.0 161.0 153.5
v 67.5 161.0 154.0
v 67.5 162.0 153.0
v 68.0 162.0 152.5
v 68.0 162.0 153.5
v 67.5 162.0 154.0
v 67.5 163.0 153.0
v 68.0 163.0 152.5
v 68.0 163.0 153.5
v 67.5 163.0 154.0
v 67.5 164.0 153.0
v 68.0 164.0 152.5
v 68.0 164.0 153.5
v 67.5 164.0 154.0
v 68.0 164.5 153.0
v 67.5 165.0 154.0
v 69.0 153.0 97.5
v 69.0 152.5 98.0
v 69.0 152.5 99.0
v 68.5 153.0 99.0
v 69.0 153.0 99.5
v 69.0 154.0 95.5
v 69.0 153.5 96.0
v 69.0 153.5 97.0
v 68.5 153.5 97.5
v 68.5 154.0 98.0
v 69.0 154.0 98.5
v 69.0 153.5 99.0
v 69.0 154.5 96.0
v 69.0 154.5 97.0
v 69.0 154.5 98.0
v 68.5 161.0 153.0
v 69.0 162.0 152.5
v 69.0 161.5 153.0
v 69.0 162.0 153.5
v 69.0 163.0 152.5
v 69.0 163.0 153.5
v 69.0 164.0 152.5
v 69.0 164.0 153.5
v 69.0 164.5 153.0
v 69.5 152.0 100.0
v 70.0 152.0 99.5
v 70.0 151.5 100.0
v 70.0 152.0 100.5
v 70.0 153.0 97.5
v 70.0 152.5 98.0
v 70.0 152.5 99.0
v 69.5 153.0 100.0
v 70.0 153.0 100.5
v 69.5 154.0 96.0
v 70.0 154.0 96.5
v 70.0 153.5 97.0
v 69.5 154.0 99.0
v 70.0 154.0 99.5
v 70.0 153.5 100.0
v 70.0 154.5 97.0
v 70.0 154.5 98.0
v 70.0 154.5 99.0
v 69.5 162.0 153.0
v 69.5 163.0 153.0
v 69.5 164.0 153.0
v 71.0 152.0 99.5
v 71.0 151.5 100.0
v 71.0 151.5 101.0
v 70.5 152.0 101.0
v 71.0 152.0 101.5
v 71.0 153.0 97.5
v 71.0 152.5 98.0
v 71.0 152.5 99.0
v 71.0 152.5 101.0
v 71.0 153.0 100.5
v 70.5 154.0 97.0
v 71.0 154.0 97.5
v 71.0 153.5 100.0
v 71.0 154.0 99.5
v 71.0 154.5 98.0
v 71.0 154.5 99.0
v 71.5 137.0 116.0
v 72.0 137.0 115.5
v 72.0 136.5 116.0
v 72.0 137.0 116.5
v 71.5 138.0 115.0
v 72.0 138.0 114.5
v 72.0 137.5 115.0
v 71.5 138.0 116.0
v 72.0 137.5 117.0
v 71.5 138.0 117.0
v 72.0 138.0 117.5
v 71.5 139.0 115.0
v 72.0 139.0 114.5
v 71.5 139.0 116.0
v 71.5 139.0 117.0
v 72.0 138.5 118.0
v 71.5 139.0 118.0
v 72.0 139.0 118.5
v 72.0 139.5 115.0
v 71.5 140.0 116.0
v 72.0 140.0 115.5
v 71.5 140.0 117.0
v 71.5 140.0 118.0
v 72.0 140.0 118.5
v 71.5 140.0 123.0
v 72.0 140.0 122.5
v 72.0 139.5 123.0
v 72.0 139.5 124.0
v 71.5 140.0 124.0
v 72.0 139.5 125.0
v 71.5 140.0 125.0
v 72.0 139.5 126.0
v 71.5 140.0 126.0
v 72.0 140.0 126.5
v 72.0 140.5 116.0
v 71.5 141.0 117.0
v 72.0 141.0 116.5
v 71.5 141.0 118.0
v 72.0 141.0 118.5
v 72.0 140.5 123.0
v 71.5 141.0 124.0
v 72.0 141.0 123.5
v 71.5 141.0 125.0
v 71.5 141.0 126.0
v 72.0 140.5 127.0
v 71.5 141.0 127.0
v 72.0 141.0 127.5
v 72.0 141.5 117.0
v 72.0 141.5 118.0
v 71.5 142.0 124.0
v 72.0 142.0 123.5
v 71.5 142.0 125.0
v 72.0 142.0 125.5
v 72.0 141.5 126.0
v 71.5 142.0 127.0
v 72.0 142.0 126.5
v 72.0 142.0 127.5
v 72.0 142.5 124.0
v 72.0 142.5 125.0
v 72.0 142.5 127.0
v 71.5 152.0 98.0
v 72.0 152.0 97.5
v 72.0 151.5 98.0
v 72.0 151.5 99.0
v 71.5 152.0 99.0
v 72.0 151.5 100.0
v 72.0 151.5 101.0
v 72.0 152.0 101.5
v 72.0 153.0 97.5
v 71.5 153.0 101.0
v 72.0 153.0 101.5
v 72.0 153.5 98.0
v 71.5 154.0 98.0
v 72.0 154.0 98.5
v 72.0 153.5 100.0
v 72.0 154.0 99.5
v 72.0 153.5 101.0
v 71.5 154.0 149.0
v 72.0 154.0 148.5
v 72.0 153.5 149.0
v 72.0 154.0 149.5
v 72.0 154.5 99.0
v 72.0 154.5 149.0
v 71.5 156.0 150.0
v 72.0 156.0 149.5
v 72.0 155.5 150.0
v 72.0 156.0 150.5
v 71.5 157.0 150.0
v 72.0 157.0 149.5
v 72.0 157.0 150.5
v 71.5 158.0 150.0
v 72.0 158.0 149.5
v 72.0 158.0 150.5
v 71.5 159.0 150.0
v 72.0 159.0 149.5
v 72.0 159.0 150.5
v 72.0 159.5 150.0
v 72.5 136.0 116.0
v 73.0 136.0 115.5
v 73.0 135.5 116.0
v 73.0 135.5 117.0
v 72.5 136.0 117.0
v 73.0 136.0 117.5
v 72.5 137.0 115.0
v 73.0 137.0 114.5
v 73.0 136.5 115.0
v 72.5 137.0 117.0
v 73.0 137.0 117.5
v 72.5 137.0 120.0
v 73.0 137.0 119.5
v 73.0 136.5 120.0
v 73.0 136.5 121.0
v 72.5 137.0 121.0
v 73.0 137.0 121.5
v 72.5 138.0 114.0
v 73.0 138.0 113.5
v 73.0 137.5 114.0
v 73.0 138.0 117.5
v 72.5 138.0 120.0
v 73.0 138.0 119.5
v 72.5 138.0 121.0
v 73.0 137.5 122.0
v 72.5 138.0 122.0
v 73.0 138.0 122.5
v 72.5 138.0 125.0
v 73.0 138.0 124.5
v 73.0 137.5 125.0
v 73.0 138.0 125.5
v 72.5 139.0 114.0
v 73.0 139.0 113.5
v 73.0 138.5 118.0
v 73.0 138.5 119.0
v 72.5 139.0 119.0
v 72.5 139.0 120.0
v 72.5 139.0 121.0
v 72.5 139.0 122.0
v 73.0 139.0 122.5
v 72.5 139.0 124.0
v 73.0 139.0 123.5
v 73.0 138.5 124.0
v 72.5 139.0 125.0
v 73.0 138.5 126.0
v 72.5 139.0 126.0
v 73.0 139.0 126.5
v 72.5 140.0 113.0
v 73.0 140.0 112.5
v 73.0 139.5 113.0
v 72.5 140.0 114.0
v 72.5 140.0 115.0
v 72.5 140.0 119.0
v 72.5 140.0 120.0
v 72.5 140.0 121.0
v 72.5 140.0 122.0
v 73.0 139.5 123.0
v 73.0 139.5 127.0
v 72.5 140.0 127.0
v 73.0 140.0 127.5
v 72.5 141.0 113.0
v 73.0 141.0 112.5
v 73.0 141.0 113.5
v 73.0 140.5 114.0
v 73.0 140.5 115.0
v 73.0 140.5 116.0
v 73.0 141.0 116.5
v 72.5 141.0 119.0
v 73.0 141.0 119.5
v 73.0 140.5 120.0
v 73.0 140.5 121.0
v 72.5 141.0 122.0
v 73.0 141.0 121.5
v 72.5 141.0 123.0
v 73.0 140.5 128.0
v 72.5 141.0 128.0
v 73.0 141.0 128.5
v 73.0 141.5 113.0
v 73.0 141.5 117.0
v 73.0 141.5 118.0
v 73.0 141.5 119.0
v 73.0 141.5 122.0
v 72.5 142.0 123.0
v 73.0 142.0 122.5
v 72.5 142.0 126.0
v 72.5 142.0 128.0
v 73.0 141.5 129.0
v 72.5 142.0 129.0
v 73.0 142.0 129.5
v 73.0 142.5 123.0
v 72.5 143.0 124.0
v 73.0 143.0 123.5
v 72.5 143.0 125.0
v 72.5 143.0 126.0
v 72.5 143.0 127.0
v 72.5 143.0 128.0
v 72.5 143.0 129.0
v 73.0 143.0 129.5
v 73.0 143.5 124.0
v 73.0 143.5 125.0
v 73.0 143.5 126.0
v 73.0 143.5 127.0
v 73.0 143.5 128.0
v 73.0 143.5 129.0
v 72.5 151.0 100.0
v 73.0 151.0 99.5
v 73.0 150.5 100.0
v 73.0 150.5 101.0
v 72.5 151.0 101.0
v 73.0 150.5 102.0
v 72.5 151.0 102.0
v 73.0 151.0 102.5
v 73.0 152.0 97.5
v 73.0 151.5 98.0
v 72.5 152.0 99.0
v 73.0 152.0 98.5
v 73.0 152.0 99.5
v 72.5 152.0 102.0
v 73.0 152.0 102.5
v 73.0 153.0 97.5
v 73.0 152.5 99.0
v 73.0 152.5 102.0
v 73.0 153.0 101.5
v 72.5 153.0 148.0
v 73.0 153.0 147.5
v 73.0 152.5 148.0
v 73.0 153.0 148.5
v 73.0 153.5 98.0
v 72.5 154.0 99.0
v 73.0 153.5 99.0
v 72.5 154.0 100.0
v 73.0 154.0 99.5
v 73.0 154.0 100.5
v 73.0 153.5 101.0
v 73.0 153.5 148.0
v 72.5 154.0 149.0
v 73.0 154.5 100.0
v 72.5 156.0 150.0
v 72.5 157.0 149.0
v 73.0 157.0 148.5
v 73.0 156.5 149.0
v 73.0 157.0 149.5
v 72.5 157.0 150.0
v 73.0 157.5 149.0
v 72.5 158.0 150.0
v 72.5 159.0 150.0
v 73.5 135.0 119.0
v 74.0 135.0 118.5
v 74.0 134.5 119.0
v 74.0 135.0 119.5
v 73.5 135.0 124.0
v 74.0 135.0 123.5
v 74.0 134.5 124.0
v 74.0 135.0 124.5
v 73.5 136.0 114.0
v 74.0 136.0 113.5
v 74.0 135.5 114.0
v 74.0 136.0 114.5
v 74.0 136.0 115.5
v 74.0 135.5 116.0
v 74.0 135.5 117.0
v 74.0 135.5 118.0
v 73.5 136.0 118.0
v 73.5 136.0 119.0
v 74.0 135.5 120.0
v 73.5 136.0 120.0
v 74.0 135.5 121.0
v 73.5 136.0 121.0
v 74.0 136.0 121.5
v 73.5 136.0 123.0
v 74.0 136.0 122.5
v 74.0 135.5 123.0
v 73.5 136.0 124.0
v 74.0 135.5 125.0
v 73.5 136.0 125.0
v 74.0 135.5 126.0
v 73.5 136.0 126.0
v 74.0 136.0 126.5
v 73.5 137.0 114.0
v 74.0 137.0 113.5
v 74.0 137.0 114.5
v 73.5 137.0 115.0
v 74.0 137.0 115.5
v 73.5 137.0 118.0
v 73.5 137.0 119.0
v 74.0 136.5 122.0
v 73.5 137.0 122.0
v 74.0 136.5 123.0
v 74.0 137.0 122.5
v 73.5 137.0 124.0
v 74.0 137.0 123.5
v 73.5 137.0 125.0
v 73.5 137.0 126.0
v 74.0 137.0 126.5
v 73.5 138.0 113.0
v 74.0 138.0 112.5
v 74.0 137.5 113.0
v 74.0 137.5 115.0
v 73.5 138.0 118.0
v 73.5 138.0 119.0
v 74.0 137.5 123.0
v 73.5 138.0 123.0
v 73.5 138.0 124.0
v 73.5 138.0 126.0
v 74.0 138.0 126.5
v 73.5 139.0 113.0
v 74.0 139.0 112.5
v 73.5 139.0 123.0
v 74.0 139.0 126.5
v 74.0 140.0 112.5
v 74.0 139.5 127.0
v 74.0 140.0 127.5
v 73.5 140.0 129.0
v 74.0 140.0 128.5
v 74.0 139.5 129.0
v 74.0 140.0 129.5
v 73.5 141.0 112.0
v 74.0 141.0 111.5
v 74.0 140.5 112.0
v 73.5 141.0 114.0
v 73.5 141.0 115.0
v 73.5 141.0 116.0
v 73.5 141.0 119.0
v 74.0 140.5 119.0
v 74.0 141.0 118.5
v 73.5 141.0 120.0
v 74.0 141.0 119.5
v 73.5 141.0 121.0
v 74.0 140.5 128.0
v 74.0 140.5 129.0
v 74.0 141.0 128.5
v 74.0 141.5 112.0
v 73.5 142.0 113.0
v 74.0 142.0 112.5
v 74.0 142.0 113.5
v 74.0 141.5 114.0
v 74.0 141.5 115.0
v 74.0 141.5 116.0
v 74.0 141.5 117.0
v 74.0 141.5 118.0
v 74.0 141.5 120.0
v 74.0 141.5 121.0
v 74.0 141.5 122.0
v 74.0 142.0 122.5
v 74.0 141.5 129.0
v 74.0 142.0 129.5
v 74.0 142.5 113.0
v 74.0 142.5 123.0
v 74.0 143.0 123.5
v 74.0 143.0 129.5
v 74.0 143.5 124.0
v 73.5 144.0 125.0
v 74.0 144.0 124.5
v 73.5 144.0 126.0
v 73.5 144.0 127.0
v 73.5 144.0 128.0
v 73.5 144.0 129.0
v 74.0 144.0 129.5
v 74.0 144.5 125.0
v 74.0 144.5 126.0
v 74.0 144.5 127.0
v 74.0 144.5 128.0
v 74.0 144.5 129.0
v 74.0 151.0 99.5
v 74.0 150.5 100.0
v 74.0 150.5 101.0
v 74.0 150.5 102.0
v 74.0 151.0 102.5
v 74.0 152.0 97.5
v 74.0 151.5 98.0
v 74.0 152.0 98.5
v 74.0 152.0 99.5
v 74.0 152.0 102.5
v 73.5 152.0 147.0
v 74.0 152.0 146.5
v 74.0 151.5 147.0
v 74.0 152.0 147.5
v 74.0 152.5 98.0
v 73.5 153.0 98.0
v 73.5 153.0 99.0
v 74.0 152.5 100.0
v 73.5 153.0 100.0
v 74.0 153.0 100.5
v 74.0 152.5 102.0
v 74.0 153.0 101.5
v 73.5 153.0 147.0
v 74.0 153.0 146.5
v 74.0 153.0 147.5
v 73.5 153.0 148.0
v 73.5 154.0 100.0
v 74.0 153.5 101.0
v 74.0 153.5 147.0
v 73.5 154.0 148.0
v 74.0 153.5 148.0
v 74.0 154.0 147.5
v 74.0 154.0 148.5
v 73.5 155.0 148.0
v 74.0 155.0 147.5
v 74.0 155.0 148.5
v 73.5 156.0 148.0
v 74.0 156.0 147.5
v 74.0 156.0 148.5
v 74.0 156.5 148.0
v 73.5 157.0 149.0
v 74.0 158.0 148.5
v 73.5 158.0 149.0
v 74.0 157.5 149.0
v 74.0 158.0 149.5
v 73.5 159.0 149.0
v 74.0 159.0 148.5
v 74.0 159.0 149.5
v 74.0 159.5 149.0
v 74.5 135.0 117.0
v 75.0 135.0 116.5
v 75.0 134.5 117.0
v 75.0 134.5 118.0
v 74.5 135.0 118.0
v 75.0 135.0 118.5
v 74.5 135.0 119.0
v 74.5 135.0 123.0
v 75.0 135.0 122.5
v 75.0 134.5 123.0
v 75.0 135.0 123.5
v 74.5 135.0 124.0
v 75.0 136.0 113.5
v 75.0 135.5 114.0
v 75.0 135.5 115.0
v 74.5 136.0 115.0
v 75.0 135.5 116.0
v 75.0 135.5 119.0
v 75.0 135.5 120.0
v 75.0 135.5 121.0
v 75.0 135.5 122.0
v 74.5 136.0 122.0
v 75.0 135.5 124.0
v 75.0 135.5 125.0
v 74.5 136.0 126.0
v 75.0 136.0 125.5
v 75.0 137.0 113.5
v 74.5 137.0 115.0
v 74.5 137.0 123.0
v 74.5 137.0 126.0
v 75.0 137.0 125.5
v 75.0 138.0 112.5
v 75.0 137.5 113.0
v 75.0 137.5 126.0
v 75.0 137.5 127.0
v 74.5 138.0 127.0
v 75.0 138.0 127.5
v 75.0 139.0 112.5
v 74.5 139.0 127.0
v 75.0 138.5 128.0
v 74.5 139.0 128.0
v 75.0 139.0 128.5
v 75.0 140.0 112.5
v 74.5 140.0 128.0
v 75.0 139.5 129.0
v 75.0 140.0 129.5
v 75.0 141.0 111.5
v 75.0 140.5 112.0
v 74.5 141.0 115.0
v 75.0 140.5 115.0
v 75.0 141.0 114.5
v 75.0 141.0 115.5
v 74.5 141.0 119.0
v 74.5 141.0 129.0
v 75.0 141.0 129.5
v 74.5 142.0 112.0
v 75.0 142.0 111.5
v 75.0 141.5 114.0
v 75.0 142.0 113.5
v 75.0 141.5 116.0
v 75.0 141.5 117.0
v 75.0 141.5 118.0
v 75.0 141.5 119.0
v 74.5 142.0 120.0
v 75.0 142.0 119.5
v 75.0 142.0 120.5
v 75.0 141.5 121.0
v 74.5 142.0 122.0
v 75.0 142.0 121.5
v 75.0 141.5 130.0
v 74.5 142.0 130.0
v 75.0 142.0 130.5
v 75.0 142.5 112.0
v 75.0 142.5 113.0
v 75.0 142.5 120.0
v 75.0 142.5 122.0
v 74.5 143.0 123.0
v 75.0 143.0 122.5
v 74.5 143.0 130.0
v 75.0 143.0 130.5
v 75.0 143.5 123.0
v 74.5 144.0 124.0
v 75.0 144.0 123.5
v 74.5 144.0 130.0
v 75.0 144.0 130.5
v 75.0 144.5 124.0
v 75.0 144.5 125.0
v 75.0 144.5 126.0
v 74.5 145.0 127.0
v 75.0 145.0 126.5
v 74.5 145.0 128.0
v 74.5 145.0 129.0
v 75.0 145.0 129.5
v 75.0 144.5 130.0
v 75.0 145.5 127.0
v 75.0 145.5 128.0
v 75.0 145.5 129.0
v 74.5 150.0 101.0
v 75.0 150.0 100.5
v 75.0 149.5 101.0
v 75.0 150.0 101.5
v 75.0 151.0 99.5
v 75.0 150.5 100.0
v 75.0 150.5 102.0
v 75.0 151.0 102.5
v 74.5 151.0 146.0
v 75.0 151.0 145.5
v 75.0 150.5 146.0
v 75.0 151.0 146.5
v 74.5 152.0 98.0
v 75.0 151.5 100.0
v 74.5 152.0 100.0
v 75.0 152.0 100.5
v 74.5 152.0 102.0
v 75.0 151.5 102.0
v 75.0 152.0 101.5
v 75.0 151.5 146.0
v 74.5 152.0 147.0
v 75.0 153.0 100.5
v 75.0 153.0 101.5
v 75.0 153.0 146.5
v 75.0 152.5 147.0
v 75.0 153.0 147.5
v 75.0 153.5 101.0
v 74.5 154.0 147.0
v 75.0 154.0 146.5
v 74.5 154.0 148.0
v 75.0 154.0 147.5
v 74.5 155.0 147.0
v 75.0 155.0 146.5
v 75.0 155.0 147.5
v 74.5 155.0 148.0
v 75.0 155.5 147.0
v 74.5 156.0 148.0
v 75.0 157.0 147.5
v 74.5 157.0 148.0
v 75.0 156.5 148.0
v 75.0 157.0 148.5
v 75.0 157.5 148.0
v 74.5 158.0 149.0
v 74.5 159.0 149.0
v 75.5 135.0 117.0
v 75.5 135.0 118.0
v 75.5 135.0 123.0
v 75.5 136.0 114.0
v 76.0 136.0 114.5
v 76.0 135.5 115.0
v 75.5 136.0 116.0
v 76.0 136.0 115.5
v 76.0 136.0 116.5
v 76.0 135.5 117.0
v 76.0 135.5 118.0
v 76.0 135.5 119.0
v 76.0 135.5 120.0
v 76.0 135.5 121.0
v 76.0 135.5 122.0
v 76.0 135.5 123.0
v 76.0 135.5 124.0
v 76.0 135.5 125.0
v 76.0 136.0 125.5
v 76.0 137.0 113.5
v 76.0 136.5 114.0
v 76.0 136.5 116.0
v 76.0 137.0 125.5
v 75.5 138.0 110.0
v 76.0 138.0 109.5
v 76.0 137.5 110.0
v 76.0 138.0 110.5
v 76.0 138.0 112.5
v 76.0 137.5 113.0
v 76.0 137.5 126.0
v 76.0 137.5 127.0
v 76.0 138.0 127.5
v 76.0 138.5 110.0
v 76.0 139.0 112.5
v 76.0 138.5 128.0
v 76.0 139.0 128.5
v 75.5 140.0 109.0
v 76.0 140.0 108.5
v 76.0 139.5 109.0
v 76.0 139.5 110.0
v 75.5 140.0 110.0
v 76.0 140.0 110.5
v 75.5 140.0 112.0
v 76.0 140.0 111.5
v 76.0 139.5 112.0
v 75.5 140.0 115.0
v 76.0 139.5 115.0
v 76.0 140.0 114.5
v 76.0 140.0 115.5
v 76.0 139.5 129.0
v 76.0 140.0 129.5
v 76.0 140.5 109.0
v 75.5 141.0 110.0
v 76.0 141.0 109.5
v 76.0 140.5 111.0
v 75.5 141.0 111.0
v 76.0 141.0 114.5
v 76.0 141.0 115.5
v 76.0 141.0 129.5
v 75.5 142.0 110.0
v 76.0 142.0 109.5
v 75.5 142.0 111.0
v 76.0 141.5 114.0
v 76.0 142.0 113.5
v 76.0 141.5 116.0
v 76.0 141.5 117.0
v 76.0 141.5 118.0
v 76.0 141.5 119.0
v 75.5 142.0 120.0
v 76.0 141.5 120.0
v 75.5 142.0 121.0
v 76.0 142.0 120.5
v 76.0 141.5 130.0
v 76.0 142.0 130.5
v 76.0 142.5 110.0
v 76.0 142.5 111.0
v 76.0 142.5 112.0
v 76.0 142.5 113.0
v 76.0 142.5 121.0
v 75.5 143.0 122.0
v 76.0 143.0 121.5
v 76.0 143.0 130.5
v 76.0 143.5 122.0
v 76.0 143.5 123.0
v 76.0 144.0 123.5
v 76.0 144.0 130.5
v 76.0 144.5 124.0
v 76.0 144.5 125.0
v 75.5 145.0 126.0
v 76.0 145.0 125.5
v 76.0 144.5 130.0
v 76.0 145.0 129.5
v 76.0 145.5 126.0
v 76.0 145.5 127.0
v 76.0 145.5 128.0
v 76.0 145.5 129.0
v 75.5 150.0 101.0
v 75.5 150.0 145.0
v 76.0 150.0 144.5
v 76.0 149.5 145.0
v 76.0 150.0 145.5
v 75.5 151.0 100.0
v 75.5 151.0 101.0
v 75.5 151.0 102.0
v 75.5 151.0 145.0
v 76.0 151.0 144.5
v 76.0 150.5 146.0
v 76.0 151.0 146.5
v 75.5 152.0 101.0
v 75.5 152.0 145.0
v 76.0 152.0 144.5
v 75.5 152.0 146.0
v 76.0 152.0 146.5
v 75.5 153.0 101.0
v 76.0 152.5 145.0
v 75.5 153.0 146.0
v 76.0 153.0 145.5
v 76.0 153.0 146.5
v 75.5 153.0 147.0
v 75.5 154.0 146.0
v 76.0 154.0 145.5
v 75.5 153.5 146.5
v 76.0 153.5 147.0
v 76.0 154.0 147.5
v 75.5 155.0 146.0
v 76.0 155.0 145.5
v 76.0 155.0 147.5
v 76.0 155.5 146.0
v 75.5 156.0 147.0
v 76.0 156.0 146.5
v 76.0 156.0 147.5
v 75.5 157.0 147.0
v 76.0 157.0 146.5
v 76.0 157.0 147.5
v 75.5 157.0 148.0
v 76.0 157.5 147.0
v 76.5 136.0 115.0
v 76.5 136.0 117.0
v 77.0 136.0 117.5
v 77.0 135.5 118.0
v 77.0 135.5 119.0
v 77.0 135.5 120.0
v 76.5 136.0 121.0
v 77.0 136.0 120.5
v 76.5 136.0 122.0
v 76.5 136.0 123.0
v 77.0 136.0 123.5
v 77.0 135.5 124.0
v 76.5 136.0 125.0
v 77.0 136.0 124.5
v 77.0 137.0 113.5
v 77.0 136.5 114.0
v 77.0 136.5 115.0
v 77.0 136.5 116.0
v 77.0 136.5 117.0
v 77.0 136.5 121.0
v 77.0 136.5 122.0
v 77.0 137.0 122.5
v 76.5 137.0 123.0
v 77.0 137.0 123.5
v 77.0 136.5 125.0
v 77.0 137.0 125.5
v 76.5 138.0 110.0
v 77.0 138.0 112.5
v 77.0 137.5 113.0
v 77.0 137.5 123.0
v 77.0 137.5 126.0
v 76.5 138.0 127.0
v 77.0 138.0 126.5
v 76.5 139.0 108.0
v 77.0 139.0 107.5
v 77.0 138.5 108.0
v 77.0 139.0 108.5
v 77.0 139.0 109.5
v 76.5 139.0 110.0
v 77.0 138.5 110.0
v 77.0 138.5 111.0
v 76.5 139.0 111.0
v 77.0 139.0 111.5
v 77.0 139.0 112.5
v 76.5 139.0 115.0
v 77.0 138.5 115.0
v 77.0 139.0 114.5
v 77.0 139.0 115.5
v 77.0 138.5 127.0
v 76.5 139.0 128.0
v 77.0 139.0 127.5
v 77.0 139.5 108.0
v 76.5 140.0 109.0
v 77.0 139.5 110.0
v 76.5 140.0 110.0
v 77.0 139.5 111.0
v 77.0 140.0 111.5
v 77.0 139.5 112.0
v 77.0 140.0 114.5
v 77.0 140.0 115.5
v 77.0 139.5 128.0
v 76.5 140.0 129.0
v 77.0 140.0 128.5
v 77.0 140.5 110.0
v 77.0 141.0 109.5
v 77.0 140.5 111.0
v 76.5 141.0 114.0
v 77.0 140.5 114.0
v 77.0 141.0 113.5
v 77.0 140.5 116.0
v 76.5 141.0 116.0
v 76.5 141.0 117.0
v 77.0 140.5 117.0
v 76.5 141.0 118.0
v 77.0 140.5 118.0
v 77.0 141.0 118.5
v 77.0 140.5 129.0
v 77.0 141.0 129.5
v 77.0 142.0 109.5
v 76.5 142.0 113.0
v 77.0 141.5 113.0
v 77.0 142.0 112.5
v 77.0 141.5 119.0
v 77.0 141.5 120.0
v 77.0 142.0 120.5
v 77.0 141.5 130.0
v 77.0 142.0 130.5
v 76.5 143.0 108.0
v 77.0 143.0 107.5
v 77.0 142.5 108.0
v 77.0 142.5 109.0
v 76.5 143.0 109.0
v 76.5 143.0 110.0
v 77.0 143.0 110.5
v 77.0 142.5 111.0
v 77.0 142.5 112.0
v 77.0 142.5 121.0
v 77.0 143.0 121.5
v 77.0 143.0 130.5
v 77.0 143.5 108.0
v 77.0 143.5 109.0
v 77.0 143.5 110.0
v 77.0 143.5 122.0
v 77.0 143.5 123.0
v 77.0 144.0 123.5
v 77.0 144.0 130.5
v 77.0 144.5 124.0
v 77.0 144.5 125.0
v 77.0 145.0 125.5
v 77.0 144.5 130.0
v 77.0 145.0 129.5
v 77.0 145.5 126.0
v 77.0 145.5 127.0
v 77.0 145.5 128.0
v 77.0 145.5 129.0
v 76.5 150.0 144.0
v 77.0 150.0 143.5
v 77.0 149.5 144.0
v 77.0 149.5 145.0
v 77.0 150.0 145.5
v 76.5 151.0 144.0
v 77.0 151.0 143.5
v 76.5 151.0 146.0
v 77.0 151.0 145.5
v 77.0 151.5 144.0
v 77.0 152.0 144.5
v 77.0 151.5 146.0
v 77.0 152.0 146.5
v 76.5 153.0 145.0
v 77.0 153.0 144.5
v 77.0 153.0 146.5
v 76.5 154.0 145.0
v 77.0 154.0 144.5
v 76.5 154.0 147.0
v 77.0 154.0 146.5
v 77.0 154.5 145.0
v 77.0 155.0 145.5
v 76.5 155.0 147.0
v 77.0 155.0 146.5
v 76.5 156.0 146.0
v 77.0 156.0 145.5
v 77.0 156.0 146.5
v 76.5 155.5 146.5
v 76.5 156.0 147.0
v 76.5 157.0 146.0
v 77.0 157.0 145.5
v 77.0 157.0 146.5
v 76.5 157.0 147.0
v 77.0 157.5 146.0
v 77.5 136.0 118.0
v 77.5 136.0 119.0
v 77.5 136.0 120.0
v 77.5 136.0 124.0
v 77.5 137.0 107.0
v 78.0 137.0 106.5
v 78.0 136.5 107.0
v 78.0 137.0 107.5
v 77.5 137.0 114.0
v 77.5 137.0 115.0
v 77.5 137.0 116.0
v 77.5 137.0 117.0
v 78.0 137.0 117.5
v 78.0 136.5 118.0
v 78.0 136.5 119.0
v 78.0 136.5 120.0
v 77.5 137.0 121.0
v 78.0 137.0 120.5
v 77.5 137.0 122.0
v 77.5 137.0 124.0
v 77.5 137.0 125.0
v 77.5 138.0 107.0
v 78.0 138.0 106.5
v 78.0 138.0 107.5
v 77.5 138.0 111.0
v 78.0 138.0 110.5
v 78.0 137.5 111.0
v 78.0 138.0 111.5
v 77.5 138.0 113.0
v 77.5 138.0 114.0
v 77.5 138.0 115.0
v 77.5 138.0 116.0
v 78.0 138.0 116.5
v 78.0 137.5 117.0
v 78.0 137.5 121.0
v 78.0 138.0 121.5
v 77.5 138.0 122.0
v 77.5 138.0 123.0
v 77.5 138.0 124.0
v 77.5 138.0 125.0
v 77.5 138.0 126.0
v 78.0 138.5 107.0
v 78.0 139.0 107.5
v 78.0 138.5 108.0
v 78.0 139.0 108.5
v 78.0 139.0 109.5
v 78.0 138.5 110.0
v 78.0 139.0 111.5
v 77.5 139.0 113.0
v 77.5 139.0 114.0
v 77.5 139.0 116.0
v 78.0 138.5 117.0
v 77.5 139.0 117.0
v 78.0 139.0 117.5
v 78.0 138.5 122.0
v 78.0 138.5 123.0
v 78.0 138.5 124.0
v 78.0 139.0 124.5
v 77.5 139.0 125.0
v 77.5 139.0 126.0
v 77.5 139.0 127.0
v 77.5 140.0 108.0
v 78.0 140.0 107.5
v 78.0 140.0 108.5
v 77.5 140.0 110.0
v 78.0 140.0 109.5
v 78.0 140.0 110.5
v 78.0 139.5 111.0
v 78.0 140.0 111.5
v 78.0 139.5 112.0
v 78.0 139.5 113.0
v 78.0 140.0 113.5
v 77.5 140.0 114.0
v 77.5 140.0 116.0
v 77.5 140.0 117.0
v 78.0 140.0 117.5
v 78.0 139.5 125.0
v 78.0 139.5 126.0
v 78.0 140.0 126.5
v 77.5 140.0 127.0
v 77.5 140.0 128.0
v 78.0 140.5 108.0
v 78.0 141.0 109.5
v 78.0 140.5 111.0
v 78.0 141.0 113.5
v 78.0 140.5 118.0
v 78.0 141.0 118.5
v 77.5 141.0 127.0
v 78.0 141.0 126.5
v 77.5 141.0 128.0
v 77.5 141.0 129.0
v 77.5 142.0 106.0
v 78.0 142.0 105.5
v 78.0 141.5 106.0
v 78.0 142.0 106.5
v 78.0 142.0 109.5
v 77.5 142.0 112.0
v 78.0 141.5 112.0
v 78.0 142.0 111.5
v 78.0 141.5 113.0
v 78.0 141.5 119.0
v 78.0 141.5 120.0
v 78.0 142.0 120.5
v 78.0 141.5 127.0
v 78.0 141.5 128.0
v 78.0 142.0 128.5
v 77.5 142.0 129.0
v 77.5 142.0 130.0
v 77.5 143.0 105.0
v 78.0 143.0 104.5
v 78.0 142.5 105.0
v 77.5 143.0 106.0
v 78.0 142.5 107.0
v 77.5 143.0 107.0
v 78.0 142.5 108.0
v 78.0 142.5 109.0
v 78.0 142.5 111.0
v 78.0 143.0 110.5
v 78.0 142.5 121.0
v 77.5 143.0 122.0
v 78.0 142.5 122.0
v 78.0 143.0 122.5
v 77.5 143.0 129.0
v 78.0 143.0 128.5
v 77.5 143.0 130.0
v 77.5 144.0 104.0
v 78.0 144.0 103.5
v 78.0 143.5 104.0
v 77.5 144.0 105.0
v 77.5 144.0 106.0
v 77.5 144.0 107.0
v 77.5 144.0 108.0
v 77.5 144.0 109.0
v 78.0 144.0 109.5
v 78.0 143.5 110.0
v 78.0 143.5 123.0
v 77.5 144.0 124.0
v 78.0 143.5 124.0
v 78.0 144.0 124.5
v 77.5 144.0 129.0
v 78.0 144.0 128.5
v 77.5 144.0 130.0
v 78.0 144.5 104.0
v 78.0 144.5 105.0
v 77.5 145.0 106.0
v 78.0 145.0 105.5
v 78.0 145.0 106.5
v 78.0 144.5 107.0
v 78.0 144.5 108.0
v 78.0 144.5 109.0
v 78.0 144.5 125.0
v 78.0 145.0 125.5
v 78.0 144.5 129.0
v 78.0 145.0 129.5
v 78.0 145.5 106.0
v 78.0 145.5 126.0
v 78.0 145.5 127.0
v 78.0 145.5 128.0
v 78.0 145.5 129.0
v 78.0 145.5 130.0
v 77.5 146.0 130.0
v 78.0 146.0 129.5
v 78.0 146.0 130.5
v 78.0 146.5 130.0
v 77.5 148.0 142.0
v 78.0 148.0 141.5
v 78.0 147.5 142.0
v 78.0 147.5 143.0
v 77.5 148.0 143.0
v 78.0 148.0 143.5
v 77.5 149.0 142.0
v 78.0 149.0 141.5
v 77.5 149.0 143.0
v 78.0 148.5 144.0
v 77.5 149.0 144.0
v 78.0 149.0 144.5
v 77.5 150.0 142.0
v 78.0 150.0 141.5
v 77.5 150.0 143.0
v 78.0 150.0 144.5
v 77.5 150.0 145.0
v 78.0 150.5 142.0
v 77.5 151.0 143.0
v 78.0 151.0 142.5
v 78.0 150.5 145.0
v 78.0 151.0 145.5
v 77.5 152.0 134.0
v 78.0 152.0 133.5
v 78.0 151.5 134.0
v 78.0 152.0 134.5
v 78.0 151.5 143.0
v 77.5 152.0 144.0
v 78.0 152.0 143.5
v 77.5 152.0 146.0
v 78.0 152.0 145.5
v 78.0 152.5 134.0
v 77.5 153.0 144.0
v 78.0 153.0 143.5
v 78.0 152.5 146.0
v 78.0 153.0 146.5
v 78.0 153.5 144.0
v 78.0 154.0 144.5
v 78.0 154.0 146.5
v 77.5 155.0 145.0
v 78.0 155.0 144.5
v 78.0 155.0 146.5
v 77.5 156.0 145.0
v 78.0 156.0 144.5
v 78.0 156.0 146.5
v 78.0 156.5 145.0
v 78.0 157.0 145.5
v 78.0 157.0 146.5
v 78.0 157.5 146.0
v 79.0 137.0 106.5
v 79.0 136.5 107.0
v 79.0 137.0 107.5
v 78.5 137.0 110.0
v 79.0 137.0 109.5
v 79.0 136.5 110.0
v 79.0 137.0 110.5
v 78.5 137.0 118.0
v 78.5 137.0 119.0
v 78.5 137.0 120.0
v 79.0 138.0 106.5
v 79.0 138.0 107.5
v 79.0 137.5 110.0
v 78.5 138.0 111.0
v 78.5 138.0 117.0
v 79.0 138.0 117.5
v 79.0 137.5 118.0
v 79.0 138.0 118.5
v 78.5 138.0 119.0
v 78.5 138.0 120.0
v 78.5 138.0 121.0
v 79.0 138.5 107.0
v 79.0 139.0 107.5
v 79.0 138.5 108.0
v 79.0 139.0 108.5
v 79.0 139.0 109.5
v 79.0 138.5 110.0
v 78.5 139.0 111.0
v 79.0 139.0 110.5
v 79.0 139.0 117.5
v 79.0 138.5 119.0
v 79.0 138.5 120.0
v 79.0 138.5 121.0
v 79.0 138.5 122.0
v 78.5 139.0 123.0
v 79.0 139.0 122.5
v 78.5 139.0 124.0
v 79.0 140.0 107.5
v 79.0 140.0 108.5
v 79.0 139.5 110.0
v 78.5 140.0 110.0
v 78.5 140.0 112.0
v 78.5 140.0 113.0
v 79.0 139.5 118.0
v 78.5 140.0 118.0
v 79.0 140.0 118.5
v 79.0 139.5 123.0
v 79.0 139.5 124.0
v 78.5 140.0 125.0
v 79.0 140.0 124.5
v 78.5 140.0 126.0
v 78.5 141.0 105.0
v 79.0 141.0 104.5
v 79.0 140.5 105.0
v 79.0 140.5 106.0
v 78.5 141.0 106.0
v 79.0 141.0 106.5
v 78.5 141.0 108.0
v 79.0 141.0 107.5
v 79.0 141.0 108.5
v 79.0 141.0 109.5
v 79.0 140.5 110.0
v 79.0 140.5 111.0
v 79.0 140.5 112.0
v 79.0 141.0 112.5
v 78.5 141.0 113.0
v 78.5 141.0 119.0
v 79.0 140.5 119.0
v 79.0 141.0 119.5
v 79.0 140.5 125.0
v 79.0 140.5 126.0
v 79.0 141.0 126.5
v 78.5 142.0 105.0
v 79.0 142.0 104.5
v 79.0 142.0 106.5
v 79.0 141.5 108.0
v 79.0 141.5 110.0
v 78.5 142.0 110.0
v 78.5 142.0 111.0
v 79.0 141.5 111.0
v 79.0 141.5 112.0
v 79.0 141.5 120.0
v 78.5 142.0 121.0
v 79.0 141.5 121.0
v 79.0 142.0 121.5
v 78.5 142.0 127.0
v 79.0 142.0 126.5
v 78.5 142.0 128.0
v 78.5 143.0 104.0
v 79.0 143.0 103.5
v 79.0 142.5 104.0
v 79.0 142.5 107.0
v 79.0 142.5 108.0
v 79.0 142.5 109.0
v 79.0 142.5 110.0
v 79.0 143.0 110.5
v 79.0 142.5 122.0
v 78.5 143.0 123.0
v 79.0 142.5 123.0
v 79.0 143.0 123.5
v 79.0 142.5 127.0
v 79.0 143.0 127.5
v 78.5 143.0 128.0
v 79.0 144.0 103.5
v 78.5 144.0 109.0
v 79.0 143.5 109.0
v 79.0 144.0 108.5
v 79.0 143.5 110.0
v 79.0 143.5 124.0
v 78.5 144.0 125.0
v 79.0 143.5 125.0
v 79.0 144.0 125.5
v 79.0 143.5 128.0
v 79.0 144.0 128.5
v 78.5 145.0 104.0
v 79.0 145.0 103.5
v 78.5 145.0 105.0
v 79.0 144.5 107.0
v 79.0 145.0 106.5
v 79.0 144.5 108.0
v 78.5 145.0 126.0
v 79.0 144.5 126.0
v 78.5 145.0 127.0
v 79.0 144.5 127.0
v 79.0 145.0 127.5
v 79.0 144.5 129.0
v 79.0 145.0 129.5
v 79.0 145.5 104.0
v 79.0 145.5 105.0
v 79.0 145.5 106.0
v 79.0 145.5 128.0
v 79.0 145.5 129.0
v 79.0 146.0 129.5
v 79.0 145.5 130.0
v 79.0 146.0 130.5
v 79.0 146.5 130.0
v 78.5 147.0 142.0
v 79.0 147.0 141.5
v 79.0 146.5 142.0
v 79.0 147.0 142.5
v 79.0 148.0 141.5
v 79.0 147.5 143.0
v 79.0 148.0 143.5
v 79.0 149.0 141.5
v 79.0 148.5 144.0
v 79.0 149.0 144.5
v 79.0 150.0 141.5
v 79.0 150.0 144.5
v 78.5 151.0 142.0
v 79.0 151.0 141.5
v 78.5 151.0 145.0
v 79.0 151.0 144.5
v 78.5 152.0 134.0
v 79.0 151.5 142.0
v 79.0 151.5 143.0
v 79.0 152.0 143.5
v 79.0 151.5 145.0
v 79.0 152.0 145.5
v 79.0 153.0 143.5
v 78.5 153.0 146.0
v 79.0 153.0 145.5
v 78.5 154.0 144.0
v 79.0 154.0 143.5
v 78.5 154.0 146.0
v 79.0 154.0 145.5
v 79.0 154.5 144.0
v 79.0 155.0 144.5
v 78.5 155.0 146.0
v 79.0 155.0 145.5
v 79.0 156.0 144.5
v 78.5 156.0 146.0
v 79.0 156.0 145.5
v 78.5 157.0 145.0
v 79.0 157.0 144.5
v 79.0 157.0 145.5
v 78.5 156.5 145.5
v 78.5 157.0 146.0
v 79.0 157.5 145.0
v 79.5 80.0 136.0
v 80.0 80.0 135.5
v 80.0 79.5 136.0
v 80.0 80.0 136.5
v 80.0 80.5 136.0
v 79.5 136.0 107.0
v 80.0 136.0 106.5
v 80.0 135.5 107.0
v 80.0 136.0 107.5
v 80.0 137.0 106.5
v 80.0 137.0 107.5
v 79.5 137.0 110.0
v 80.0 137.5 107.0
v 79.5 138.0 107.0
v 79.5 138.0 118.0
v 79.5 139.0 108.0
v 79.5 139.0 110.0
v 79.5 139.0 118.0
v 79.5 139.0 119.0
v 79.5 139.0 120.0
v 79.5 139.0 121.0
v 79.5 139.0 122.0
v 79.5 140.0 106.0
v 80.0 140.0 105.5
v 80.0 139.5 106.0
v 80.0 140.0 106.5
v 79.5 140.0 108.0
v 79.5 140.0 119.0
v 80.0 140.0 119.5
v 80.0 139.5 120.0
v 80.0 139.5 121.0
v 80.0 139.5 122.0
v 79.5 140.0 123.0
v 80.0 140.0 122.5
v 80.0 140.0 123.5
v 80.0 139.5 124.0
v 80.0 140.0 124.5
v 79.5 141.0 105.0
v 80.0 141.0 105.5
v 80.0 141.0 106.5
v 79.5 141.0 108.0
v 80.0 141.0 109.5
v 80.0 140.5 110.0
v 79.5 141.0 111.0
v 80.0 141.0 110.5
v 79.5 141.0 112.0
v 79.5 141.0 120.0
v 80.0 140.5 120.0
v 79.5 141.0 121.0
v 80.0 140.5 121.0
v 80.0 141.0 121.5
v 80.0 140.5 123.0
v 80.0 140.5 125.0
v 79.5 141.0 126.0
v 80.0 141.0 125.5
v 80.0 142.0 104.5
v 80.0 141.5 105.0
v 80.0 142.0 106.5
v 80.0 142.0 107.5
v 79.5 142.0 108.0
v 80.0 141.5 108.0
v 80.0 142.0 108.5
v 80.0 141.5 110.0
v 79.5 142.0 122.0
v 80.0 141.5 122.0
v 79.5 142.0 123.0
v 80.0 141.5 123.0
v 80.0 142.0 123.5
v 80.0 141.5 126.0
v 80.0 142.0 126.5
v 79.5 143.0 104.0
v 80.0 142.5 105.0
v 79.5 143.0 105.0
v 79.5 143.0 106.0
v 80.0 142.5 106.0
v 79.5 143.0 107.0
v 80.0 143.0 107.5
v 80.0 142.5 109.0
v 79.5 143.0 110.0
v 80.0 143.0 109.5
v 79.5 143.0 124.0
v 80.0 142.5 124.0
v 79.5 143.0 125.0
v 80.0 142.5 125.0
v 79.5 143.0 126.0
v 80.0 142.5 126.0
v 79.5 143.0 127.0
v 79.5 144.0 104.0
v 79.5 144.0 105.0
v 79.5 144.0 106.0
v 79.5 144.0 107.0
v 80.0 143.5 108.0
v 79.5 144.0 108.0
v 80.0 143.5 109.0
v 79.5 144.0 126.0
v 79.5 144.0 127.0
v 79.5 144.0 128.0
v 79.5 145.0 104.0
v 79.5 145.0 105.0
v 79.5 145.0 106.0
v 79.5 145.0 128.0
v 79.5 145.0 129.0
v 79.5 146.0 130.0
v 79.5 146.0 141.0
v 80.0 146.0 140.5
v 80.0 145.5 141.0
v 80.0 146.0 141.5
v 79.5 147.0 141.0
v 80.0 147.0 140.5
v 80.0 146.5 142.0
v 80.0 147.0 142.5
v 79.5 148.0 141.0
v 80.0 148.0 140.5
v 79.5 148.0 143.0
v 80.0 148.0 142.5
v 80.0 148.5 141.0
v 80.0 149.0 141.5
v 80.0 148.5 143.0
v 79.5 149.0 144.0
v 80.0 149.0 143.5
v 80.0 150.0 141.5
v 80.0 149.5 144.0
v 80.0 150.0 144.5
v 80.0 151.0 141.5
v 80.0 151.0 144.5
v 80.0 151.5 142.0
v 79.5 152.0 143.0
v 80.0 152.0 142.5
v 79.5 152.0 145.0
v 80.0 152.0 144.5
v 80.0 152.5 143.0
v 80.0 153.0 143.5
v 79.5 153.0 145.0
v 80.0 153.0 144.5
v 80.0 154.0 143.5
v 80.0 153.5 145.0
v 80.0 154.0 145.5
v 79.5 155.0 144.0
v 80.0 155.0 143.5
v 80.0 154.5 145.0
v 80.0 155.0 144.5
v 79.5 155.0 145.0
v 80.0 155.5 144.0
v 79.5 156.0 145.0
v 79.5 157.0 145.0
v 81.0 80.0 135.5
v 81.0 79.5 136.0
v 81.0 80.0 136.5
v 80.5 81.0 136.0
v 81.0 81.0 135.5
v 81.0 81.0 136.5
v 81.0 81.5 136.0
v 80.5 119.0 128.0
v 81.0 119.0 127.5
v 81.0 118.5 128.0
v 81.0 118.5 129.0
v 80.5 119.0 129.0
v 81.0 119.0 129.5
v 81.0 119.5 128.0
v 81.0 119.5 129.0
v 80.5 136.0 107.0
v 80.5 137.0 107.0
v 80.5 139.0 110.0
v 81.0 139.0 109.5
v 81.0 138.5 110.0
v 81.0 139.0 110.5
v 80.5 140.0 106.0
v 80.5 140.0 110.0
v 81.0 140.0 109.5
v 81.0 140.0 110.5
v 80.5 140.0 120.0
v 80.5 140.0 121.0
v 80.5 140.0 122.0
v 80.5 140.0 124.0
v 80.5 141.0 106.0
v 81.0 141.0 109.5
v 81.0 141.0 110.5
v 80.5 141.0 122.0
v 80.5 141.0 123.0
v 80.5 141.0 124.0
v 80.5 141.0 125.0
v 80.5 142.0 105.0
v 80.5 142.0 106.0
v 80.5 142.0 108.0
v 81.0 141.5 110.0
v 80.5 142.0 124.0
v 80.5 142.0 125.0
v 80.5 142.0 126.0
v 81.0 143.0 107.5
v 81.0 142.5 108.0
v 80.5 143.0 109.0
v 81.0 143.0 108.5
v 81.0 143.5 108.0
v 80.5 146.0 141.0
v 81.0 147.0 140.5
v 81.0 146.5 141.0
v 80.5 147.0 142.0
v 81.0 147.0 141.5
v 81.0 148.0 140.5
v 81.0 147.5 142.0
v 81.0 148.0 142.5
v 81.0 148.5 141.0
v 81.0 149.0 141.5
v 81.0 148.5 143.0
v 81.0 149.0 143.5
v 81.0 150.0 141.5
v 80.5 150.0 144.0
v 81.0 150.0 143.5
v 81.0 151.0 141.5
v 81.0 150.5 144.0
v 81.0 151.0 144.5
v 81.0 151.5 142.0
v 81.0 152.0 142.5
v 81.0 152.0 144.5
v 81.0 152.5 143.0
v 81.0 153.0 143.5
v 81.0 153.0 144.5
v 81.0 154.0 143.5
v 80.5 154.0 145.0
v 81.0 154.0 144.5
v 81.0 154.5 144.0
v 80.5 155.0 144.0
v 81.5 79.0 136.0
v 82.0 79.0 135.5
v 82.0 78.5 136.0
v 82.0 79.0 136.5
v 82.0 80.0 135.5
v 82.0 80.0 136.5
v 82.0 81.0 135.5
v 82.0 81.0 136.5
v 81.5 82.0 136.0
v 82.0 82.0 135.5
v 82.0 82.0 136.5
v 82.0 82.5 136.0
v 81.5 115.0 121.0
v 82.0 115.0 120.5
v 82.0 114.5 121.0
v 82.0 114.5 122.0
v 81.5 115.0 122.0
v 82.0 115.0 122.5
v 81.5 116.0 121.0
v 82.0 116.0 120.5
v 81.5 116.0 122.0
v 82.0 116.0 122.5
v 81.5 117.0 121.0
v 82.0 117.0 120.5
v 82.0 117.0 121.5
v 82.0 116.5 122.0
v 81.5 117.0 127.0
v 82.0 117.0 126.5
v 82.0 116.5 127.0
v 82.0 117.0 127.5
v 82.0 117.5 121.0
v 81.5 118.0 126.0
v 82.0 118.0 125.5
v 82.0 117.5 126.0
v 81.5 118.0 127.0
v 82.0 117.5 128.0
v 81.5 118.0 128.0
v 82.0 117.5 129.0
v 81.5 118.0 129.0
v 82.0 118.0 129.5
v 81.5 119.0 126.0
v 82.0 119.0 125.5
v 81.5 119.0 127.0
v 82.0 119.0 129.5
v 81.5 120.0 126.0
v 82.0 120.0 125.5
v 81.5 120.0 127.0
v 81.5 120.0 128.0
v 82.0 120.0 128.5
v 82.0 119.5 129.0
v 81.5 121.0 126.0
v 82.0 121.0 125.5
v 81.5 121.0 127.0
v 82.0 121.0 127.5
v 82.0 120.5 128.0
v 82.0 121.5 126.0
v 82.0 121.5 127.0
v 81.5 139.0 110.0
v 81.5 140.0 110.0
v 81.5 141.0 110.0
v 81.5 143.0 108.0
v 81.5 147.0 141.0
v 81.5 148.0 141.0
v 81.5 148.0 142.0
v 82.0 148.5 142.0
v 82.0 149.0 141.5
v 81.5 149.0 143.0
v 82.0 149.0 142.5
v 82.0 150.0 141.5
v 81.5 150.0 143.0
v 82.0 150.0 142.5
v 82.0 150.5 142.0
v 81.5 151.0 142.0
v 82.0 150.5 143.0
v 82.0 151.0 142.5
v 81.5 151.0 144.0
v 82.0 151.0 143.5
v 82.0 152.0 142.5
v 81.5 152.0 144.0
v 82.0 152.0 143.5
v 82.0 152.5 143.0
v 81.5 153.0 144.0
v 81.5 154.0 144.0
v 83.0 79.0 135.5
v 83.0 78.5 136.0
v 83.0 79.0 136.5
v 83.0 80.0 135.5
v 83.0 80.0 136.5
v 83.0 81.0 135.5
v 83.0 81.0 136.5
v 83.0 82.0 135.5
v 83.0 82.0 136.5
v 82.5 83.0 135.0
v 83.0 83.0 134.5
v 83.0 82.5 135.0
v 82.5 83.0 136.0
v 83.0 83.0 136.5
v 82.5 84.0 135.0
v 83.0 84.0 134.5
v 82.5 84.0 136.0
v 83.0 84.0 136.5
v 82.5 85.0 135.0
v 83.0 85.0 134.5
v 83.0 85.0 135.5
v 83.0 84.5 136.0
v 83.0 85.5 135.0
v 82.5 115.0 121.0
v 82.5 115.0 122.0
v 83.0 116.0 120.5
v 83.0 115.5 121.0
v 83.0 115.5 122.0
v 83.0 116.0 122.5
v 83.0 117.0 120.5
v 82.5 117.0 122.0
v 83.0 117.0 122.5
v 83.0 117.0 126.5
v 83.0 116.5 127.0
v 83.0 116.5 128.0
v 82.5 117.0 128.0
v 83.0 116.5 129.0
v 82.5 117.0 129.0
v 83.0 117.0 129.5
v 83.0 117.5 121.0
v 82.5 118.0 122.0
v 83.0 118.0 121.5
v 83.0 118.0 122.5
v 82.5 118.0 125.0
v 83.0 118.0 124.5
v 83.0 117.5 125.0
v 83.0 117.5 126.0
v 83.0 118.0 129.5
v 82.5 119.0 122.0
v 83.0 119.0 121.5
v 83.0 119.0 122.5
v 82.5 119.0 124.0
v 83.0 119.0 123.5
v 83.0 118.5 124.0
v 82.5 119.0 125.0
v 83.0 119.0 129.5
v 82.5 119.0 131.0
v 83.0 119.0 130.5
v 83.0 118.5 131.0
v 83.0 119.0 131.5
v 83.0 119.5 122.0
v 82.5 120.0 124.0
v 83.0 120.0 123.5
v 82.5 120.0 125.0
v 82.5 120.0 129.0
v 83.0 120.0 129.5
v 83.0 119.5 131.0
v 82.5 121.0 124.0
v 83.0 121.0 123.5
v 82.5 121.0 125.0
v 82.5 121.0 128.0
v 82.5 121.0 129.0
v 83.0 121.0 129.5
v 82.5 122.0 124.0
v 83.0 122.0 123.5
v 82.5 122.0 125.0
v 82.5 122.0 126.0
v 82.5 122.0 127.0
v 82.5 122.0 128.0
v 83.0 122.0 128.5
v 83.0 121.5 129.0
v 82.5 123.0 124.0
v 83.0 123.0 123.5
v 82.5 123.0 125.0
v 83.0 123.0 125.5
v 83.0 122.5 126.0
v 83.0 122.5 127.0
v 83.0 122.5 128.0
v 83.0 123.5 124.0
v 83.0 123.5 125.0
v 82.5 149.0 142.0
v 82.5 150.0 142.0
v 82.5 151.0 143.0
v 82.5 152.0 143.0
v 84.0 79.0 135.5
v 84.0 78.5 136.0
v 84.0 79.0 136.5
v 84.0 80.0 135.5
v 84.0 80.0 136.5
v 84.0 81.0 135.5
v 84.0 81.0 136.5
v 83.5 82.0 135.0
v 84.0 82.0 134.5
v 84.0 81.5 135.0
v 84.0 82.0 136.5
v 84.0 83.0 134.5
v 84.0 82.5 137.0
v 83.5 83.0 137.0
v 84.0 83.0 137.5
v 84.0 84.0 134.5
v 83.5 84.0 137.0
v 84.0 84.0 137.5
v 84.0 85.0 134.5
v 83.5 85.0 136.0
v 84.0 85.0 136.5
v 84.0 84.5 137.0
v 83.5 86.0 135.0
v 84.0 86.0 134.5
v 83.5 86.0 136.0
v 84.0 86.0 136.5
v 84.0 86.5 135.0
v 84.0 86.5 136.0
v 83.5 105.0 132.0
v 84.0 105.0 131.5
v 84.0 104.5 132.0
v 84.0 105.0 132.5
v 83.5 106.0 132.0
v 84.0 106.0 131.5
v 84.0 106.0 132.5
v 83.5 107.0 132.0
v 84.0 107.0 131.5
v 84.0 107.0 132.5
v 84.0 107.5 132.0
v 83.5 110.0 128.0
v 84.0 110.0 127.5
v 84.0 109.5 128.0
v 84.0 110.0 128.5
v 83.5 111.0 128.0
v 84.0 111.0 127.5
v 84.0 111.0 128.5
v 84.0 111.5 128.0
v 83.5 116.0 121.0
v 83.5 116.0 122.0
v 83.5 116.0 128.0
v 84.0 116.0 127.5
v 84.0 115.5 128.0
v 84.0 116.0 128.5
v 83.5 117.0 121.0
v 84.0 117.0 121.5
v 84.0 116.5 122.0
v 84.0 117.0 122.5
v 84.0 117.0 126.5
v 84.0 116.5 127.0
v 84.0 117.0 128.5
v 83.5 117.0 129.0
v 84.0 118.0 121.5
v 84.0 118.0 122.5
v 83.5 118.0 125.0
v 84.0 118.0 125.5
v 84.0 117.5 126.0
v 83.5 118.0 129.0
v 84.0 118.0 128.5
v 84.0 119.0 121.5
v 84.0 118.5 123.0
v 83.5 119.0 123.0
v 84.0 118.5 124.0
v 84.0 118.5 125.0
v 83.5 119.0 129.0
v 84.0 119.0 128.5
v 83.5 119.0 131.0
v 83.5 120.0 122.0
v 84.0 120.0 121.5
v 83.5 120.0 123.0
v 83.5 120.0 129.0
v 84.0 120.0 128.5
v 83.5 121.0 122.0
v 84.0 121.0 121.5
v 83.5 121.0 123.0
v 84.0 120.5 129.0
v 84.0 121.0 129.5
v 84.0 121.5 122.0
v 83.5 122.0 123.0
v 84.0 122.0 122.5
v 84.0 121.5 129.0
v 84.0 122.0 128.5
v 83.5 123.0 123.0
v 84.0 123.0 122.5
v 83.5 123.0 126.0
v 83.5 123.0 127.0
v 83.5 123.0 128.0
v 84.0 123.0 128.5
v 84.0 123.5 123.0
v 83.5 124.0 124.0
v 84.0 124.0 123.5
v 83.5 124.0 125.0
v 84.0 124.0 125.5
v 84.0 123.5 126.0
v 84.0 123.5 127.0
v 84.0 123.5 128.0
v 84.0 124.5 124.0
v 84.0 124.5 125.0
v 83.5 136.0 110.0
v 84.0 136.0 109.5
v 84.0 135.5 110.0
v 84.0 135.5 111.0
v 83.5 136.0 111.0
v 84.0 136.0 111.5
v 83.5 137.0 110.0
v 84.0 137.0 109.5
v 84.0 137.0 110.5
v 84.0 136.5 111.0
v 84.0 137.5 110.0
v 85.0 79.0 135.5
v 85.0 78.5 136.0
v 85.0 79.0 136.5
v 84.5 80.0 135.0
v 85.0 80.0 134.5
v 85.0 79.5 135.0
v 85.0 80.0 136.5
v 84.5 81.0 135.0
v 85.0 81.0 134.5
v 85.0 81.0 136.5
v 85.0 82.0 134.5
v 85.0 82.0 136.5
v 85.0 83.0 134.5
v 85.0 82.5 137.0
v 85.0 83.0 137.5
v 85.0 84.0 134.5
v 85.0 84.0 137.5
v 85.0 85.0 134.5
v 84.5 85.0 137.0
v 85.0 85.0 137.5
v 85.0 86.0 134.5
v 85.0 85.5 137.0
v 85.0 86.0 136.5
v 84.5 87.0 135.0
v 85.0 87.0 134.5
v 85.0 87.0 135.5
v 85.0 86.5 136.0
v 85.0 87.5 135.0
v 84.5 104.0 133.0
v 85.0 104.0 132.5
v 85.0 103.5 133.0
v 85.0 103.5 134.0
v 84.5 104.0 134.0
v 85.0 104.0 134.5
v 84.5 105.0 132.0
v 85.0 105.0 132.5
v 84.5 105.0 133.0
v 84.5 105.0 134.0
v 85.0 105.0 134.5
v 84.5 106.0 132.0
v 85.0 105.5 133.0
v 84.5 106.0 134.0
v 85.0 106.0 133.5
v 85.0 106.0 134.5
v 84.5 107.0 129.0
v 85.0 107.0 128.5
v 85.0 106.5 129.0
v 85.0 106.5 130.0
v 84.5 107.0 130.0
v 85.0 107.0 130.5
v 84.5 107.0 132.0
v 85.0 106.5 134.0
v 84.5 108.0 128.0
v 85.0 108.0 127.5
v 85.0 107.5 128.0
v 84.5 108.0 129.0
v 84.5 108.0 130.0
v 85.0 108.0 130.5
v 84.5 109.0 127.0
v 85.0 109.0 126.5
v 85.0 108.5 127.0
v 84.5 109.0 128.0
v 84.5 109.0 129.0
v 84.5 109.0 130.0
v 85.0 109.0 130.5
v 84.5 110.0 127.0
v 85.0 110.0 126.5
v 84.5 110.0 129.0
v 85.0 110.0 129.5
v 85.0 109.5 130.0
v 84.5 111.0 127.0
v 85.0 111.0 126.5
v 85.0 110.5 129.0
v 85.0 111.0 128.5
v 85.0 111.5 127.0
v 85.0 111.5 128.0
v 84.5 116.0 128.0
v 84.5 117.0 122.0
v 85.0 117.0 126.5
v 85.0 116.5 127.0
v 85.0 116.5 128.0
v 85.0 117.0 128.5
v 84.5 118.0 122.0
v 85.0 118.0 125.5
v 85.0 117.5 126.0
v 85.0 118.0 128.5
v 84.5 119.0 122.0
v 85.0 118.5 123.0
v 85.0 119.0 122.5
v 85.0 118.5 124.0
v 85.0 118.5 125.0
v 85.0 119.0 128.5
v 85.0 120.0 121.5
v 85.0 119.5 122.0
v 85.0 120.0 128.5
v 85.0 121.0 121.5
v 84.5 121.0 129.0
v 85.0 121.0 128.5
v 84.5 122.0 122.0
v 85.0 122.0 121.5
v 84.5 122.0 128.0
v 85.0 121.5 128.0
v 85.0 122.0 127.5
v 85.0 122.5 122.0
v 85.0 123.0 122.5
v 84.5 123.0 128.0
v 85.0 123.0 127.5
v 85.0 123.5 123.0
v 85.0 124.0 123.5
v 84.5 124.0 125.0
v 85.0 123.5 125.0
v 85.0 124.0 124.5
v 85.0 123.5 126.0
v 85.0 123.5 127.0
v 85.0 124.5 124.0
v 84.5 133.0 110.0
v 85.0 133.0 109.5
v 85.0 132.5 110.0
v 85.0 133.0 110.5
v 84.5 134.0 110.0
v 85.0 134.0 109.5
v 85.0 134.0 110.5
v 84.5 135.0 110.0
v 85.0 135.0 109.5
v 85.0 135.0 110.5
v 84.5 136.0 109.0
v 85.0 136.0 108.5
v 85.0 135.5 109.0
v 85.0 136.0 110.5
v 84.5 136.0 111.0
v 84.5 137.0 108.0
v 85.0 137.0 107.5
v 85.0 136.5 108.0
v 84.5 137.0 109.0
v 84.5 136.5 109.5
v 84.5 137.0 110.0
v 85.0 136.5 110.0
v 85.0 137.0 109.5
v 85.0 137.5 108.0
v 85.0 137.5 109.0
v 85.5 79.0 136.0
v 86.0 80.0 134.5
v 86.0 79.5 135.0
v 86.0 79.5 136.0
v 86.0 80.0 136.5
v 86.0 81.0 134.5
v 86.0 81.0 136.5
v 86.0 82.0 134.5
v 86.0 82.0 136.5
v 86.0 83.0 134.5
v 85.5 83.0 137.0
v 86.0 83.0 136.5
v 86.0 84.0 134.5
v 85.5 84.0 137.0
v 86.0 84.0 136.5
v 86.0 85.0 134.5
v 85.5 85.0 137.0
v 86.0 85.0 136.5
v 86.0 86.0 134.5
v 85.5 86.0 136.0
v 86.0 85.5 136.0
v 86.0 86.0 135.5
v 86.0 86.5 135.0
v 85.5 87.0 135.0
v 85.5 100.0 134.0
v 86.0 100.0 133.5
v 86.0 99.5 134.0
v 86.0 100.0 134.5
v 85.5 101.0 134.0
v 86.0 101.0 133.5
v 86.0 101.0 134.5
v 85.5 102.0 134.0
v 86.0 102.0 133.5
v 86.0 101.5 135.0
v 85.5 102.0 135.0
v 86.0 102.0 135.5
v 85.5 103.0 134.0
v 86.0 103.0 133.5
v 85.5 103.0 135.0
v 86.0 103.0 135.5
v 85.5 104.0 131.0
v 86.0 104.0 130.5
v 86.0 103.5 131.0
v 86.0 104.0 131.5
v 85.5 104.0 133.0
v 86.0 104.0 133.5
v 85.5 104.0 135.0
v 86.0 104.0 135.5
v 85.5 105.0 130.0
v 86.0 105.0 129.5
v 86.0 104.5 130.0
v 85.5 105.0 131.0
v 86.0 104.5 132.0
v 85.5 105.0 132.0
v 86.0 105.0 132.5
v 85.5 105.0 133.0
v 86.0 105.0 133.5
v 85.5 105.0 135.0
v 86.0 105.0 135.5
v 85.5 106.0 128.0
v 86.0 106.0 127.5
v 86.0 105.5 128.0
v 86.0 106.0 128.5
v 85.5 106.0 130.0
v 86.0 106.0 129.5
v 85.5 106.0 131.0
v 85.5 106.0 132.0
v 86.0 106.0 132.5
v 85.5 106.0 134.0
v 86.0 105.5 134.0
v 86.0 105.5 135.0
v 85.5 107.0 128.0
v 86.0 107.0 127.5
v 86.0 106.5 129.0
v 85.5 107.0 131.0
v 85.5 107.0 132.0
v 86.0 107.0 132.5
v 85.5 108.0 127.0
v 86.0 108.0 126.5
v 86.0 107.5 127.0
v 85.5 108.0 131.0
v 86.0 108.0 131.5
v 86.0 107.5 132.0
v 85.5 109.0 126.0
v 86.0 109.0 125.5
v 86.0 108.5 126.0
v 86.0 108.5 131.0
v 86.0 109.0 130.5
v 85.5 110.0 126.0
v 86.0 110.0 125.5
v 86.0 109.5 130.0
v 86.0 110.0 129.5
v 86.0 110.5 126.0
v 86.0 111.0 126.5
v 86.0 110.5 129.0
v 86.0 111.0 128.5
v 86.0 111.5 127.0
v 86.0 111.5 128.0
v 85.5 117.0 127.0
v 85.5 117.0 128.0
v 85.5 118.0 123.0
v 86.0 118.0 122.5
v 86.0 117.5 123.0
v 86.0 117.5 124.0
v 85.5 118.0 124.0
v 86.0 117.5 125.0
v 85.5 118.0 125.0
v 86.0 117.5 126.0
v 85.5 118.0 127.0
v 86.0 118.0 126.5
v 86.0 118.0 127.5
v 86.0 117.5 128.0
v 86.0 118.0 128.5
v 86.0 119.0 122.5
v 85.5 119.0 127.0
v 86.0 119.0 126.5
v 86.0 118.5 128.0
v 85.5 119.0 128.0
v 85.5 120.0 122.0
v 86.0 120.0 122.5
v 86.0 119.5 127.0
v 86.0 120.0 127.5
v 85.5 120.0 128.0
v 85.5 121.0 122.0
v 86.0 121.0 122.5
v 85.5 121.0 128.0
v 86.0 121.0 127.5
v 85.5 122.0 122.0
v 86.0 122.0 122.5
v 85.5 122.0 127.0
v 86.0 121.5 127.0
v 86.0 122.0 126.5
v 86.0 123.0 122.5
v 85.5 123.0 126.0
v 86.0 122.5 126.0
v 86.0 123.0 125.5
v 85.5 123.0 127.0
v 86.0 123.5 123.0
v 86.0 124.0 123.5
v 86.0 123.5 125.0
v 86.0 124.0 124.5
v 86.0 124.5 124.0
v 85.5 131.0 109.0
v 86.0 131.0 108.5
v 86.0 130.5 109.0
v 86.0 131.0 109.5
v 85.5 132.0 106.0
v 86.0 132.0 105.5
v 86.0 131.5 106.0
v 86.0 131.5 107.0
v 85.5 132.0 107.0
v 86.0 131.5 108.0
v 85.5 132.0 108.0
v 85.5 132.0 109.0
v 86.0 132.0 109.5
v 85.5 133.0 106.0
v 86.0 133.0 105.5
v 85.5 133.0 107.0
v 85.5 133.0 108.0
v 85.5 133.0 109.0
v 86.0 133.0 109.5
v 85.5 133.0 110.0
v 85.5 134.0 106.0
v 86.0 134.0 105.5
v 85.5 134.0 107.0
v 85.5 134.0 108.0
v 85.5 134.0 109.0
v 86.0 134.0 109.5
v 85.5 134.0 110.0
v 85.5 135.0 106.0
v 86.0 135.0 105.5
v 85.5 135.0 107.0
v 85.5 135.0 108.0
v 85.5 135.0 109.0
v 86.0 135.0 109.5
v 85.5 135.0 110.0
v 85.5 136.0 105.0
v 86.0 136.0 104.5
v 86.0 135.5 105.0
v 85.5 136.0 106.0
v 85.5 136.0 107.0
v 85.5 136.0 108.0
v 86.0 136.0 109.5
v 85.5 135.5 109.5
v 85.5 136.0 110.0
v 86.0 136.5 105.0
v 85.5 137.0 106.0
v 86.0 137.0 105.5
v 85.5 137.0 107.0
v 86.0 137.0 108.5
v 85.5 137.0 109.0
v 86.0 136.5 109.0
v 85.5 138.0 104.0
v 86.0 138.0 103.5
v 86.0 137.5 104.0
v 86.0 138.0 104.5
v 85.5 138.0 106.0
v 86.0 138.0 105.5
v 86.0 138.0 106.5
v 86.0 137.5 107.0
v 86.0 137.5 108.0
v 86.0 138.5 104.0
v 86.0 138.5 106.0
v 87.0 80.0 134.5
v 87.0 79.5 135.0
v 86.5 80.0 136.0
v 87.0 80.0 135.5
v 87.0 81.0 134.5
v 86.5 81.0 136.0
v 87.0 81.0 135.5
v 87.0 82.0 134.5
v 86.5 82.0 136.0
v 87.0 82.0 135.5
v 87.0 83.0 134.5
v 86.5 83.0 136.0
v 87.0 83.0 135.5
v 87.0 84.0 134.5
v 86.5 84.0 136.0
v 87.0 84.0 135.5
v 87.0 85.0 134.5
v 86.5 85.0 136.0
v 87.0 85.0 135.5
v 87.0 85.5 135.0
v 86.5 86.0 135.0
v 86.5 99.0 134.0
v 87.0 99.0 133.5
v 87.0 98.5 134.0
v 87.0 99.0 134.5
v 87.0 100.0 133.5
v 87.0 99.5 135.0
v 86.5 100.0 135.0
v 87.0 100.0 135.5
v 87.0 101.0 133.5
v 86.5 101.0 135.0
v 87.0 101.0 135.5
v 86.5 102.0 132.0
v 87.0 102.0 131.5
v 87.0 101.5 132.0
v 87.0 101.5 133.0
v 86.5 102.0 133.0
v 87.0 101.5 136.0
v 86.5 102.0 136.0
v 87.0 102.0 136.5
v 86.5 103.0 131.0
v 87.0 103.0 130.5
v 87.0 102.5 131.0
v 86.5 103.0 132.0
v 86.5 103.0 133.0
v 86.5 103.0 136.0
v 87.0 103.0 136.5
v 86.5 104.0 129.0
v 87.0 104.0 128.5
v 87.0 103.5 129.0
v 87.0 103.5 130.0
v 86.5 104.0 130.0
v 86.5 104.0 132.0
v 86.5 104.0 133.0
v 86.5 103.5 133.5
v 86.5 104.0 134.0
v 87.0 103.5 134.0
v 87.0 104.0 133.5
v 86.5 104.0 135.0
v 87.0 103.5 135.0
v 86.5 103.5 135.5
v 87.0 104.0 135.5
v 86.5 104.0 136.0
v 87.0 104.0 136.5
v 86.5 105.0 129.0
v 87.0 105.0 128.5
v 86.5 105.0 133.0
v 87.0 105.0 133.5
v 86.5 105.0 134.0
v 86.5 105.0 135.0
v 87.0 104.5 136.0
v 86.5 106.0 126.0
v 87.0 106.0 125.5
v 87.0 105.5 126.0
v 87.0 105.5 127.0
v 86.5 106.0 127.0
v 87.0 105.5 128.0
v 86.5 106.0 129.0
v 87.0 105.5 133.0
v 87.0 106.0 132.5
v 86.5 107.0 126.0
v 87.0 107.0 125.5
v 86.5 107.0 127.0
v 87.0 107.0 132.5
v 86.5 108.0 126.0
v 87.0 108.0 125.5
v 86.5 108.0 131.0
v 87.0 107.5 131.0
v 87.0 108.0 130.5
v 87.0 107.5 132.0
v 87.0 109.0 125.5
v 87.0 109.0 130.5
v 87.0 110.0 125.5
v 87.0 109.5 130.0
v 87.0 110.0 129.5
v 86.5 111.0 126.0
v 87.0 111.0 125.5
v 87.0 110.5 129.0
v 87.0 111.0 128.5
v 87.0 111.5 126.0
v 87.0 111.5 127.0
v 87.0 111.5 128.0
v 86.5 116.0 125.0
v 87.0 116.0 124.5
v 87.0 115.5 125.0
v 87.0 115.5 126.0
v 86.5 116.0 126.0
v 87.0 115.5 127.0
v 86.5 116.0 127.0
v 87.0 116.0 127.5
v 86.5 117.0 123.0
v 87.0 117.0 122.5
v 87.0 116.5 123.0
v 87.0 116.5 124.0
v 86.5 117.0 124.0
v 86.5 117.0 125.0
v 86.5 117.0 126.0
v 86.5 117.0 127.0
v 87.0 116.5 128.0
v 86.5 117.0 128.0
v 87.0 117.0 128.5
v 86.5 118.0 122.0
v 87.0 118.0 121.5
v 87.0 117.5 122.0
v 86.5 118.0 127.0
v 87.0 118.0 128.5
v 86.5 119.0 122.0
v 87.0 119.0 121.5
v 86.5 119.0 127.0
v 87.0 118.5 128.0
v 87.0 119.0 127.5
v 86.5 120.0 122.0
v 87.0 120.0 121.5
v 87.0 120.0 126.5
v 86.5 120.0 127.0
v 87.0 119.5 127.0
v 87.0 120.5 122.0
v 87.0 121.0 122.5
v 86.5 121.0 127.0
v 87.0 121.0 126.5
v 87.0 122.0 122.5
v 87.0 122.0 126.5
v 87.0 123.0 122.5
v 87.0 122.5 126.0
v 87.0 123.0 125.5
v 86.5 124.0 123.0
v 87.0 124.0 122.5
v 87.0 123.5 125.0
v 87.0 124.0 124.5
v 87.0 124.5 123.0
v 86.5 125.0 124.0
v 87.0 125.0 123.5
v 87.0 125.0 124.5
v 87.0 125.5 124.0
v 86.5 127.0 126.0
v 87.0 127.0 125.5
v 87.0 126.5 126.0
v 87.0 126.5 127.0
v 86.5 127.0 127.0
v 87.0 127.0 127.5
v 87.0 127.5 126.0
v 86.5 128.0 127.0
v 87.0 128.0 126.5
v 87.0 128.0 127.5
v 86.5 129.0 108.0
v 87.0 129.0 107.5
v 87.0 128.5 108.0
v 87.0 129.0 108.5
v 87.0 128.5 127.0
v 86.5 130.0 108.0
v 87.0 130.0 107.5
v 87.0 130.0 108.5
v 86.5 131.0 107.0
v 87.0 131.0 106.5
v 87.0 130.5 107.0
v 86.5 131.0 108.0
v 87.0 131.0 108.5
v 86.5 131.0 109.0
v 87.0 132.0 105.5
v 87.0 131.5 106.0
v 87.0 132.0 108.5
v 86.5 131.5 108.5
v 86.5 132.0 109.0
v 86.5 133.0 105.0
v 87.0 133.0 104.5
v 87.0 132.5 105.0
v 86.5 133.0 109.0
v 87.0 133.0 108.5
v 86.5 134.0 105.0
v 87.0 134.0 104.5
v 86.5 134.0 109.0
v 87.0 134.0 108.5
v 86.5 135.0 105.0
v 87.0 135.0 104.5
v 86.5 135.0 109.0
v 87.0 135.0 108.5
v 86.5 136.0 104.0
v 87.0 136.0 103.5
v 87.0 135.5 104.0
v 86.5 136.0 108.0
v 87.0 135.5 108.0
v 87.0 136.0 107.5
v 86.5 136.0 109.0
v 86.5 137.0 104.0
v 87.0 137.0 103.5
v 86.5 137.0 105.0
v 86.5 137.0 107.0
v 87.0 136.5 107.0
v 87.0 137.0 106.5
v 86.5 137.0 108.0
v 87.0 138.0 103.5
v 86.5 138.0 105.0
v 86.5 137.5 105.5
v 86.5 138.0 106.0
v 87.0 137.5 106.0
v 87.0 138.0 105.5
v 86.5 139.0 104.0
v 87.0 139.0 103.5
v 86.5 139.0 105.0
v 87.0 139.0 105.5
v 86.5 140.0 104.0
v 87.0 140.0 103.5
v 87.0 140.0 104.5
v 87.0 139.5 105.0
v 87.0 140.5 104.0
v 87.5 80.0 135.0
v 87.5 81.0 135.0
v 87.5 82.0 135.0
v 87.5 83.0 135.0
v 87.5 84.0 135.0
v 87.5 85.0 135.0
v 88.0 99.0 133.5
v 88.0 98.5 134.0
v 88.0 98.5 135.0
v 87.5 99.0 135.0
v 88.0 99.0 135.5
v 87.5 100.0 132.0
v 88.0 100.0 131.5
v 88.0 99.5 132.0
v 88.0 99.5 133.0
v 87.5 100.0 133.0
v 88.0 99.5 136.0
v 87.5 100.0 136.0
v 88.0 100.0 136.5
v 87.5 101.0 130.0
v 88.0 101.0 129.5
v 88.0 100.5 130.0
v 88.0 100.5 131.0
v 87.5 101.0 131.0
v 87.5 101.0 132.0
v 87.5 101.0 133.0
v 87.5 101.0 136.0
v 88.0 101.0 136.5
v 87.5 102.0 127.0
v 88.0 102.0 126.5
v 88.0 101.5 127.0
v 88.0 101.5 128.0
v 87.5 102.0 128.0
v 88.0 101.5 129.0
v 87.5 102.0 129.0
v 87.5 102.0 130.0
v 87.5 102.0 131.0
v 88.0 102.0 136.5
v 87.5 103.0 127.0
v 88.0 103.0 126.5
v 87.5 103.0 128.0
v 87.5 103.0 129.0
v 87.5 103.0 130.0
v 88.0 102.5 137.0
v 87.5 103.0 137.0
v 88.0 103.0 137.5
v 87.5 104.0 124.0
v 88.0 104.0 123.5
v 88.0 103.5 124.0
v 88.0 103.5 125.0
v 87.5 104.0 125.0
v 88.0 103.5 126.0
v 87.5 104.0 126.0
v 88.0 103.5 127.0
v 88.0 104.0 126.5
v 87.5 104.0 128.0
v 88.0 104.0 127.5
v 87.5 104.0 134.0
v 88.0 104.0 134.5
v 88.0 103.5 135.0
v 87.5 104.0 136.0
v 88.0 103.5 136.0
v 88.0 103.5 137.0
v 88.0 104.5 124.0
v 88.0 104.5 125.0
v 87.5 105.0 126.0
v 88.0 105.0 125.5
v 88.0 104.5 127.0
v 87.5 105.0 127.0
v 88.0 104.5 128.0
v 88.0 105.0 127.5
v 88.0 105.0 128.5
v 88.0 104.5 134.0
v 88.0 105.0 133.5
v 88.0 106.0 125.5
v 88.0 105.5 128.0
v 87.5 106.0 133.0
v 88.0 106.0 133.5
v 88.0 107.0 125.5
v 87.5 107.0 132.0
v 88.0 106.5 132.0
v 88.0 107.0 131.5
v 88.0 106.5 133.0
v 87.5 108.0 125.0
v 88.0 108.0 124.5
v 88.0 107.5 125.0
v 88.0 107.5 131.0
v 88.0 108.0 130.5
v 87.5 109.0 125.0
v 88.0 109.0 124.5
v 87.5 109.0 130.0
v 88.0 108.5 130.0
v 88.0 109.0 129.5
v 87.5 110.0 125.0
v 88.0 110.0 124.5
v 88.0 110.0 129.5
v 88.0 110.5 125.0
v 88.0 110.5 126.0
v 87.5 111.0 126.0
v 88.0 111.0 126.5
v 88.0 110.5 129.0
v 88.0 111.0 128.5
v 88.0 111.5 127.0
v 88.0 111.5 128.0
v 87.5 115.0 126.0
v 88.0 115.0 125.5
v 88.0 114.5 126.0
v 88.0 114.5 127.0
v 87.5 115.0 127.0
v 88.0 115.0 127.5
v 87.5 116.0 124.0
v 88.0 116.0 123.5
v 88.0 115.5 124.0
v 88.0 115.5 125.0
v 88.0 115.5 128.0
v 87.5 116.0 128.0
v 88.0 116.0 128.5
v 87.5 117.0 122.0
v 88.0 117.0 121.5
v 88.0 116.5 122.0
v 88.0 116.5 123.0
v 88.0 117.0 128.5
v 87.5 118.0 121.0
v 88.0 118.0 120.5
v 88.0 117.5 121.0
v 88.0 118.0 128.5
v 87.5 119.0 121.0
v 88.0 119.0 120.5
v 87.5 119.0 127.0
v 88.0 118.5 127.0
v 88.0 119.0 126.5
v 88.0 118.5 128.0
v 87.5 120.0 121.0
v 88.0 120.0 120.5
v 88.0 120.0 126.5
v 88.0 120.5 121.0
v 88.0 120.5 122.0
v 88.0 121.0 122.5
v 87.5 121.0 126.0
v 88.0 120.5 126.0
v 88.0 121.0 125.5
v 88.0 122.0 122.5
v 87.5 122.0 126.0
v 88.0 122.0 125.5
v 88.0 123.0 122.5
v 87.5 123.0 125.0
v 88.0 122.5 125.0
v 88.0 123.0 124.5
v 87.5 124.0 106.0
v 88.0 124.0 105.5
v 88.0 123.5 106.0
v 88.0 124.0 106.5
v 88.0 124.0 122.5
v 87.5 124.0 124.0
v 88.0 123.5 124.0
v 88.0 124.0 123.5
v 87.5 125.0 106.0
v 88.0 125.0 105.5
v 88.0 125.0 106.5
v 88.0 124.5 123.0
v 87.5 124.5 123.5
v 88.0 124.5 124.0
v 88.0 125.0 123.5
v 88.0 124.5 125.0
v 87.5 125.0 125.0
v 88.0 124.5 126.0
v 87.5 125.0 126.0
v 88.0 124.5 127.0
v 87.5 125.0 127.0
v 88.0 124.5 128.0
v 87.5 125.0 128.0
v 88.0 125.0 128.5
v 87.5 126.0 106.0
v 88.0 126.0 105.5
v 88.0 126.0 106.5
v 88.0 125.5 124.0
v 87.5 126.0 125.0
v 88.0 126.0 124.5
v 87.5 126.0 126.0
v 87.5 126.0 127.0
v 87.5 126.0 128.0
v 88.0 125.5 129.0
v 87.5 126.0 129.0
v 88.0 126.0 129.5
v 87.5 127.0 106.0
v 88.0 127.0 105.5
v 88.0 127.0 106.5
v 88.0 126.5 125.0
v 88.0 127.0 125.5
v 87.5 127.0 128.0
v 87.5 127.0 129.0
v 88.0 126.5 130.0
v 87.5 127.0 130.0
v 88.0 127.0 130.5
v 87.5 128.0 106.0
v 88.0 128.0 105.5
v 88.0 127.5 107.0
v 87.5 128.0 107.0
v 88.0 128.0 107.5
v 87.5 128.0 126.0
v 88.0 128.0 125.5
v 87.5 128.0 128.0
v 87.5 128.0 129.0
v 88.0 128.0 129.5
v 88.0 127.5 130.0
v 87.5 129.0 106.0
v 88.0 129.0 105.5
v 87.5 129.0 107.0
v 88.0 129.0 107.5
v 87.5 129.0 108.0
v 88.0 128.5 126.0
v 87.5 129.0 127.0
v 88.0 129.0 126.5
v 87.5 129.0 128.0
v 88.0 129.0 128.5
v 88.0 128.5 129.0
v 87.5 130.0 106.0
v 88.0 130.0 105.5
v 87.5 130.0 107.0
v 88.0 130.0 107.5
v 87.5 130.0 108.0
v 88.0 129.5 127.0
v 87.5 130.0 128.0
v 88.0 130.0 127.5
v 88.0 130.0 128.5
v 87.5 131.0 105.0
v 88.0 131.0 104.5
v 88.0 130.5 105.0
v 87.5 131.0 106.0
v 88.0 131.0 107.5
v 87.5 130.5 107.5
v 87.5 131.0 108.0
v 88.0 130.5 128.0
v 87.5 132.0 104.0
v 88.0 132.0 103.5
v 88.0 131.5 104.0
v 87.5 132.0 105.0
v 87.5 132.0 108.0
v 88.0 132.0 107.5
v 87.5 133.0 104.0
v 88.0 133.0 103.5
v 87.5 133.0 108.0
v 88.0 133.0 107.5
v 87.5 134.0 104.0
v 88.0 134.0 103.5
v 87.5 134.0 108.0
v 88.0 134.0 107.5
v 87.5 135.0 104.0
v 88.0 135.0 103.5
v 87.5 135.0 107.0
v 88.0 134.5 107.0
v 88.0 135.0 106.5
v 87.5 135.0 108.0
v 88.0 136.0 103.5
v 87.5 136.0 107.0
v 88.0 136.0 106.5
v 88.0 137.0 103.5
v 87.5 137.0 106.0
v 88.0 136.5 106.0
v 88.0 137.0 105.5
v 87.5 138.0 103.0
v 88.0 138.0 102.5
v 88.0 137.5 103.0
v 88.0 138.0 105.5
v 88.0 138.5 103.0
v 88.0 138.5 104.0
v 87.5 139.0 104.0
v 87.5 139.0 105.0
v 88.0 138.5 105.0
v 87.5 140.0 104.0
v 88.5 99.0 127.0
v 89.0 99.0 126.5
v 89.0 98.5 127.0
v 89.0 99.0 127.5
v 88.5 99.0 132.0
v 89.0 99.0 131.5
v 89.0 98.5 132.0
v 89.0 98.5 133.0
v 88.5 99.0 133.0
v 89.0 98.5 134.0
v 89.0 98.5 135.0
v 89.0 99.0 135.5
v 88.5 100.0 127.0
v 89.0 100.0 126.5
v 89.0 99.5 128.0
v 88.5 100.0 128.0
v 89.0 100.0 128.5
v 88.5 100.0 130.0
v 89.0 100.0 129.5
v 89.0 99.5 130.0
v 89.0 99.5 131.0
v 88.5 100.0 131.0
v 89.0 99.5 136.0
v 89.0 100.0 136.5
v 88.5 101.0 127.0
v 89.0 101.0 126.5
v 88.5 101.0 128.0
v 89.0 100.5 129.0
v 88.5 101.0 129.0
v 88.5 101.0 135.0
v 89.0 100.5 135.0
v 89.0 101.0 134.5
v 89.0 101.0 135.5
v 89.0 101.0 136.5
v 88.5 102.0 124.0
v 89.0 102.0 123.5
v 89.0 101.5 124.0
v 89.0 102.0 124.5
v 88.5 102.0 126.0
v 89.0 102.0 125.5
v 89.0 101.5 126.0
v 88.5 102.0 135.0
v 89.0 102.0 134.5
v 89.0 101.5 136.0
v 88.5 102.0 136.0
v 89.0 102.0 136.5
v 89.0 101.5 137.0
v 88.5 102.0 137.0
v 89.0 102.0 137.5
v 88.5 103.0 122.0
v 89.0 103.0 121.5
v 89.0 102.5 122.0
v 89.0 102.5 123.0
v 88.5 103.0 123.0
v 88.5 103.0 124.0
v 89.0 102.5 125.0
v 88.5 103.0 125.0
v 88.5 103.0 126.0
v 89.0 102.5 135.0
v 89.0 103.0 135.5
v 88.5 103.0 136.0
v 88.5 102.5 136.5
v 89.0 103.0 136.5
v 89.0 103.0 137.5
v 88.5 104.0 122.0
v 89.0 104.0 121.5
v 88.5 104.0 123.0
v 88.5 104.0 127.0
v 89.0 103.5 135.0
v 89.0 104.0 134.5
v 89.0 103.5 137.0
v 88.5 105.0 122.0
v 89.0 105.0 121.5
v 88.5 105.0 123.0
v 88.5 105.0 124.0
v 88.5 105.0 125.0
v 88.5 105.0 128.0
v 89.0 104.5 134.0
v 89.0 105.0 133.5
v 89.0 105.5 122.0
v 89.0 105.5 123.0
v 88.5 106.0 124.0
v 89.0 106.0 123.5
v 89.0 106.0 124.5
v 89.0 105.5 125.0
v 89.0 105.5 126.0
v 88.5 106.0 126.0
v 89.0 106.0 126.5
v 88.5 106.0 133.0
v 89.0 105.5 133.0
v 89.0 106.0 132.5
v 89.0 106.5 124.0
v 88.5 107.0 126.0
v 89.0 107.0 126.5
v 89.0 106.5 132.0
v 89.0 107.0 131.5
v 89.0 108.0 124.5
v 89.0 107.5 125.0
v 89.0 107.5 126.0
v 88.5 108.0 130.0
v 89.0 107.5 130.0
v 89.0 108.0 129.5
v 89.0 107.5 131.0
v 89.0 109.0 124.5
v 89.0 109.0 129.5
v 89.0 109.5 125.0
v 88.5 110.0 125.0
v 89.0 110.0 125.5
v 88.5 110.0 129.0
v 89.0 109.5 129.0
v 89.0 110.0 128.5
v 89.0 110.5 126.0
v 88.5 111.0 127.0
v 89.0 110.5 127.0
v 89.0 111.0 127.5
v 89.0 111.0 128.5
v 89.0 111.5 128.0
v 88.5 115.0 126.0
v 88.5 115.0 127.0
v 88.5 116.0 124.0
v 88.5 116.0 125.0
v 88.5 116.0 126.0
v 88.5 116.0 127.0
v 88.5 116.0 128.0
v 88.5 117.0 122.0
v 89.0 117.0 122.5
v 89.0 116.5 123.0
v 89.0 116.5 124.0
v 89.0 116.5 125.0
v 89.0 117.0 125.5
v 88.5 117.0 126.0
v 89.0 117.0 126.5
v 89.0 116.5 127.0
v 89.0 116.5 128.0
v 89.0 117.0 128.5
v 88.5 118.0 121.0
v 89.0 118.0 121.5
v 89.0 117.5 122.0
v 88.5 118.0 126.0
v 89.0 118.0 125.5
v 89.0 117.5 127.0
v 88.5 118.0 127.0
v 88.5 118.0 128.0
v 89.0 117.5 128.0
v 88.5 119.0 119.0
v 89.0 119.0 118.5
v 89.0 118.5 119.0
v 89.0 119.0 119.5
v 89.0 119.0 120.5
v 89.0 118.5 121.0
v 89.0 118.5 126.0
v 89.0 119.0 126.5
v 88.5 120.0 119.0
v 89.0 120.0 118.5
v 89.0 119.5 120.0
v 88.5 120.0 120.0
v 89.0 120.0 126.5
v 89.0 120.5 119.0
v 89.0 120.5 120.0
v 89.0 120.5 121.0
v 89.0 120.5 122.0
v 89.0 121.0 122.5
v 89.0 120.5 126.0
v 89.0 121.0 125.5
v 89.0 121.5 123.0
v 88.5 122.0 123.0
v 89.0 122.0 123.5
v 88.5 122.0 125.0
v 89.0 121.5 125.0
v 89.0 122.0 124.5
v 88.5 123.0 106.0
v 89.0 123.0 105.5
v 89.0 122.5 106.0
v 89.0 123.0 106.5
v 88.5 123.0 123.0
v 89.0 122.5 124.0
v 88.5 123.0 124.0
v 89.0 124.0 105.5
v 89.0 124.0 106.5
v 88.5 124.0 123.0
v 88.5 124.0 127.0
v 89.0 124.0 126.5
v 89.0 123.5 127.0
v 89.0 123.5 128.0
v 88.5 124.0 128.0
v 89.0 124.0 128.5
v 89.0 125.0 105.5
v 89.0 125.0 106.5
v 89.0 125.0 123.5
v 89.0 124.5 124.0
v 89.0 124.5 125.0
v 89.0 124.5 126.0
v 89.0 124.5 129.0
v 88.5 125.0 129.0
v 89.0 125.0 129.5
v 88.5 126.0 105.0
v 89.0 126.0 104.5
v 89.0 125.5 105.0
v 89.0 126.0 106.5
v 88.5 126.0 124.0
v 89.0 126.0 123.5
v 89.0 125.5 130.0
v 88.5 126.0 130.0
v 89.0 126.0 130.5
v 88.5 127.0 105.0
v 89.0 127.0 104.5
v 89.0 127.0 106.5
v 89.0 126.5 124.0
v 88.5 127.0 125.0
v 89.0 127.0 124.5
v 89.0 127.0 130.5
v 88.5 128.0 105.0
v 89.0 128.0 104.5
v 88.5 128.0 107.0
v 89.0 128.0 106.5
v 89.0 127.5 125.0
v 89.0 128.0 125.5
v 88.5 128.0 130.0
v 89.0 128.0 130.5
v 88.5 129.0 105.0
v 89.0 129.0 104.5
v 88.5 129.0 107.0
v 89.0 129.0 106.5
v 88.5 129.0 126.0
v 89.0 129.0 125.5
v 88.5 129.0 129.0
v 89.0 129.0 129.5
v 89.0 128.5 130.0
v 88.5 130.0 105.0
v 89.0 130.0 104.5
v 88.5 130.0 107.0
v 89.0 130.0 106.5
v 89.0 129.5 126.0
v 89.0 129.5 127.0
v 88.5 130.0 128.0
v 89.0 129.5 128.0
v 89.0 129.5 129.0
v 89.0 131.0 104.5
v 88.5 131.0 107.0
v 89.0 131.0 106.5
v 89.0 132.0 103.5
v 89.0 131.5 104.0
v 88.5 132.0 107.0
v 89.0 132.0 106.5
v 89.0 133.0 103.5
v 88.5 133.0 107.0
v 89.0 133.0 106.5
v 89.0 134.0 103.5
v 88.5 134.0 106.0
v 89.0 133.5 106.0
v 89.0 134.0 105.5
v 88.5 134.0 107.0
v 89.0 135.0 103.5
v 88.5 135.0 106.0
v 89.0 135.0 105.5
v 89.0 136.0 103.5
v 88.5 136.0 106.0
v 89.0 136.0 105.5
v 88.5 137.0 103.0
v 89.0 137.0 102.5
v 89.0 136.5 103.0
v 88.5 137.0 105.0
v 89.0 136.5 105.0
v 89.0 137.0 104.5
v 89.0 138.0 102.5
v 89.0 138.0 103.5
v 88.5 138.0 104.0
v 89.0 137.5 104.0
v 88.5 138.0 105.0
v 89.0 138.5 103.0
v 89.5 97.0 128.0
v 90.0 97.0 127.5
v 90.0 96.5 128.0
v 90.0 96.5 129.0
v 89.5 97.0 129.0
v 90.0 96.5 130.0
v 89.5 97.0 130.0
v 90.0 96.5 131.0
v 89.5 97.0 131.0
v 90.0 97.0 131.5
v 89.5 98.0 126.0
v 90.0 98.0 125.5
v 90.0 97.5 126.0
v 90.0 97.5 127.0
v 89.5 98.0 127.0
v 89.5 98.0 128.0
v 89.5 98.0 129.0
v 89.5 98.0 130.0
v 89.5 98.0 131.0
v 90.0 97.5 132.0
v 89.5 98.0 132.0
v 90.0 97.5 133.0
v 89.5 98.0 133.0
v 90.0 97.5 134.0
v 89.5 98.0 134.0
v 90.0 97.5 135.0
v 89.5 98.0 135.0
v 90.0 97.5 136.0
v 89.5 98.0 136.0
v 90.0 98.0 136.5
v 89.5 99.0 126.0
v 90.0 99.0 125.5
v 89.5 99.0 128.0
v 89.5 99.0 129.0
v 89.5 99.0 130.0
v 89.5 99.0 131.0
v 89.5 99.0 136.0
v 90.0 99.0 136.5
v 89.5 100.0 125.0
v 90.0 100.0 124.5
v 90.0 99.5 125.0
v 89.5 100.0 126.0
v 89.5 100.0 129.0
v 90.0 100.0 136.5
v 89.5 101.0 124.0
v 90.0 101.0 123.5
v 90.0 100.5 124.0
v 89.5 101.0 125.0
v 89.5 101.0 126.0
v 89.5 101.0 135.0
v 90.0 100.5 136.0
v 90.0 101.0 135.5
v 89.5 101.0 136.0
v 89.5 102.0 122.0
v 90.0 102.0 121.5
v 90.0 101.5 122.0
v 90.0 101.5 123.0
v 89.5 102.0 123.0
v 89.5 102.0 125.0
v 89.5 102.0 135.0
v 90.0 102.0 135.5
v 89.5 102.0 137.0
v 90.0 103.0 121.5
v 90.0 103.0 135.5
v 89.5 103.0 137.0
v 89.5 104.0 121.0
v 90.0 104.0 120.5
v 90.0 103.5 121.0
v 90.0 103.5 135.0
v 90.0 104.0 134.5
v 90.0 104.5 121.0
v 90.0 105.0 121.5
v 89.5 105.0 134.0
v 90.0 105.0 134.5
v 90.0 105.5 122.0
v 89.5 106.0 123.0
v 90.0 106.0 122.5
v 89.5 106.0 125.0
v 89.5 106.0 126.0
v 89.5 106.0 132.0
v 90.0 105.5 132.0
v 90.0 106.0 131.5
v 90.0 105.5 133.0
v 90.0 105.5 134.0
v 90.0 106.5 123.0
v 89.5 107.0 124.0
v 90.0 107.0 123.5
v 89.5 107.0 125.0
v 89.5 107.0 126.0
v 89.5 107.0 131.0
v 90.0 106.5 131.0
v 90.0 107.0 130.5
v 90.0 107.5 124.0
v 90.0 108.0 124.5
v 90.0 107.5 130.0
v 90.0 108.0 129.5
v 90.0 108.5 125.0
v 89.5 109.0 125.0
v 90.0 109.0 125.5
v 89.5 109.0 129.0
v 90.0 108.5 129.0
v 90.0 109.0 128.5
v 89.5 110.0 126.0
v 90.0 109.5 126.0
v 90.0 110.0 126.5
v 89.5 110.0 128.0
v 90.0 109.5 128.0
v 90.0 110.0 127.5
v 90.0 110.5 127.0
v 89.5 111.0 128.0
v 89.5 117.0 123.0
v 89.5 117.0 124.0
v 89.5 117.0 125.0
v 89.5 117.0 127.0
v 89.5 117.0 128.0
v 90.0 118.0 121.5
v 90.0 117.5 122.0
v 90.0 117.5 123.0
v 90.0 118.0 123.5
v 89.5 118.0 124.0
v 89.5 118.0 125.0
v 89.5 119.0 119.0
v 89.5 119.0 121.0
v 90.0 119.0 121.5
v 90.0 118.5 124.0
v 90.0 119.0 124.5
v 89.5 119.0 125.0
v 89.5 119.0 126.0
v 89.5 120.0 105.0
v 90.0 120.0 104.5
v 90.0 119.5 105.0
v 90.0 120.0 105.5
v 89.5 120.0 119.0
v 89.5 120.0 120.0
v 89.5 120.0 121.0
v 90.0 120.0 121.5
v 89.5 120.0 125.0
v 90.0 120.0 124.5
v 89.5 120.0 126.0
v 90.0 120.5 105.0
v 90.0 120.5 122.0
v 89.5 121.0 123.0
v 90.0 120.5 123.0
v 89.5 121.0 124.0
v 90.0 120.5 124.0
v 89.5 121.0 125.0
v 89.5 122.0 105.0
v 90.0 122.0 104.5
v 90.0 121.5 105.0
v 90.0 122.0 105.5
v 89.5 122.0 124.0
v 89.5 123.0 105.0
v 90.0 123.0 104.5
v 90.0 123.0 105.5
v 89.5 123.0 106.0
v 89.5 124.0 105.0
v 90.0 124.0 104.5
v 90.0 124.0 105.5
v 89.5 124.0 106.0
v 89.5 124.0 126.0
v 90.0 124.0 125.5
v 90.0 123.5 126.0
v 90.0 123.5 127.0
v 90.0 123.5 128.0
v 90.0 123.5 129.0
v 89.5 124.0 129.0
v 90.0 124.0 129.5
v 89.5 125.0 105.0
v 90.0 125.0 104.5
v 90.0 125.0 105.5
v 89.5 125.0 106.0
v 90.0 125.0 123.5
v 90.0 124.5 124.0
v 90.0 124.5 125.0
v 90.0 124.5 130.0
v 89.5 125.0 130.0
v 90.0 124.5 131.0
v 89.5 125.0 131.0
v 90.0 125.0 131.5
v 90.0 126.0 104.5
v 90.0 126.0 105.5
v 89.5 125.5 105.5
v 89.5 126.0 106.0
v 90.0 126.0 123.5
v 89.5 126.0 131.0
v 90.0 126.0 131.5
v 90.0 127.0 104.5
v 89.5 127.0 106.0
v 90.0 127.0 105.5
v 90.0 126.5 124.0
v 90.0 127.0 124.5
v 89.5 127.0 131.0
v 90.0 127.0 131.5
v 89.5 128.0 104.0
v 90.0 128.0 103.5
v 90.0 127.5 104.0
v 89.5 128.0 106.0
v 90.0 128.0 105.5
v 90.0 127.5 125.0
v 90.0 128.0 125.5
v 90.0 127.5 131.0
v 90.0 128.0 130.5
v 89.5 129.0 104.0
v 90.0 129.0 103.5
v 89.5 129.0 106.0
v 90.0 129.0 105.5
v 90.0 129.0 125.5
v 90.0 128.5 130.0
v 90.0 129.0 129.5
v 89.5 130.0 104.0
v 90.0 130.0 103.5
v 89.5 130.0 106.0
v 90.0 130.0 105.5
v 90.0 129.5 126.0
v 90.0 129.5 127.0
v 90.0 129.5 128.0
v 90.0 129.5 129.0
v 89.5 131.0 104.0
v 90.0 131.0 103.5
v 89.5 131.0 106.0
v 90.0 131.0 105.5
v 90.0 132.0 103.5
v 89.5 132.0 106.0
v 90.0 132.0 105.5
v 89.5 133.0 103.0
v 90.0 133.0 102.5
v 90.0 132.5 103.0
v 89.5 133.0 105.0
v 90.0 132.5 105.0
v 90.0 133.0 104.5
v 89.5 133.0 106.0
v 89.5 134.0 103.0
v 90.0 134.0 102.5
v 89.5 134.0 105.0
v 90.0 134.0 104.5
v 89.5 135.0 103.0
v 90.0 135.0 102.5
v 89.5 134.5 103.5
v 89.5 135.0 104.0
v 90.0 134.5 104.0
v 90.0 135.0 103.5
v 89.5 135.0 105.0
v 89.5 136.0 102.0
v 90.0 136.0 101.5
v 90.0 135.5 102.0
v 89.5 136.0 103.0
v 89.5 135.5 103.5
v 90.0 135.5 104.0
v 90.0 136.0 104.5
v 89.5 136.0 105.0
v 90.0 136.5 102.0
v 90.0 137.0 102.5
v 90.0 137.0 103.5
v 89.5 137.0 104.0
v 90.0 136.5 104.0
v 90.0 137.5 103.0
v 89.5 138.0 103.0
v 90.5 96.0 128.0
v 91.0 96.0 127.5
v 91.0 95.5 128.0
v 91.0 95.5 129.0
v 90.5 96.0 129.0
v 91.0 95.5 130.0
v 90.5 96.0 130.0
v 91.0 95.5 131.0
v 90.5 96.0 131.0
v 91.0 95.5 132.0
v 90.5 96.0 132.0
v 91.0 96.0 132.5
v 90.5 97.0 126.0
v 91.0 97.0 125.5
v 91.0 96.5 126.0
v 91.0 96.5 127.0
v 90.5 97.0 127.0
v 90.5 97.0 132.0
v 91.0 96.5 133.0
v 90.5 97.0 133.0
v 91.0 97.0 133.5
v 90.5 98.0 124.0
v 91.0 98.0 123.5
v 91.0 97.5 124.0
v 91.0 97.5 125.0
v 90.5 98.0 125.0
v 91.0 97.5 134.0
v 91.0 97.5 135.0
v 91.0 97.5 136.0
v 91.0 98.0 136.5
v 90.5 99.0 124.0
v 91.0 99.0 123.5
v 90.5 99.0 125.0
v 91.0 99.0 136.5
v 90.5 100.0 124.0
v 91.0 100.0 123.5
v 90.5 100.0 136.0
v 91.0 99.5 136.0
v 91.0 100.0 135.5
v 90.5 101.0 122.0
v 91.0 101.0 121.5
v 91.0 100.5 122.0
v 91.0 100.5 123.0
v 90.5 101.0 123.0
v 91.0 101.0 135.5
v 91.0 102.0 121.5
v 91.0 102.0 135.5
v 90.5 103.0 121.0
v 91.0 103.0 120.5
v 91.0 102.5 121.0
v 91.0 103.0 135.5
v 91.0 104.0 120.5
v 90.5 104.0 135.0
v 91.0 104.0 135.5
v 90.5 105.0 121.0
v 91.0 105.0 120.5
v 91.0 104.5 135.0
v 91.0 105.0 134.5
v 91.0 105.5 121.0
v 90.5 106.0 122.0
v 91.0 106.0 121.5
v 90.5 106.0 132.0
v 91.0 106.0 132.5
v 91.0 105.5 133.0
v 91.0 105.5 134.0
v 91.0 106.5 122.0
v 91.0 106.5 123.0
v 91.0 107.0 123.5
v 90.5 107.0 131.0
v 90.5 107.0 132.0
v 91.0 107.0 132.5
v 91.0 107.5 124.0
v 90.5 108.0 125.0
v 91.0 107.5 125.0
v 91.0 108.0 125.5
v 91.0 107.5 130.0
v 91.0 108.0 129.5
v 91.0 107.5 131.0
v 91.0 107.5 132.0
v 91.0 109.0 125.5
v 91.0 108.5 129.0
v 91.0 109.0 128.5
v 91.0 109.5 126.0
v 90.5 110.0 127.0
v 91.0 109.5 127.0
v 91.0 109.5 128.0
v 90.5 118.0 122.0
v 90.5 118.0 123.0
v 90.5 119.0 122.0
v 90.5 119.0 123.0
v 90.5 119.0 124.0
v 90.5 120.0 105.0
v 90.5 120.0 122.0
v 90.5 120.0 123.0
v 90.5 120.0 124.0
v 90.5 122.0 105.0
v 90.5 123.0 105.0
v 90.5 124.0 105.0
v 90.5 124.0 124.0
v 91.0 124.0 123.5
v 91.0 123.5 124.0
v 91.0 123.5 125.0
v 90.5 124.0 125.0
v 91.0 123.5 126.0
v 91.0 123.5 127.0
v 91.0 123.5 128.0
v 91.0 123.5 129.0
v 91.0 123.5 130.0
v 90.5 124.0 130.0
v 91.0 123.5 131.0
v 90.5 124.0 131.0
v 91.0 124.0 131.5
v 90.5 125.0 105.0
v 91.0 125.0 123.5
v 91.0 124.5 132.0
v 90.5 125.0 132.0
v 91.0 125.0 132.5
v 90.5 126.0 105.0
v 91.0 126.0 123.5
v 91.0 125.5 132.0
v 91.0 126.0 131.5
v 90.5 127.0 104.0
v 91.0 127.0 103.5
v 91.0 126.5 104.0
v 91.0 127.0 104.5
v 90.5 127.0 105.0
v 90.5 127.0 124.0
v 91.0 127.0 123.5
v 91.0 127.0 131.5
v 91.0 128.0 103.5
v 91.0 128.0 104.5
v 90.5 127.5 104.5
v 90.5 128.0 105.0
v 91.0 127.5 124.0
v 90.5 128.0 125.0
v 91.0 128.0 124.5
v 91.0 127.5 131.0
v 91.0 128.0 130.5
v 91.0 129.0 103.5
v 90.5 129.0 105.0
v 91.0 129.0 104.5
v 91.0 128.5 125.0
v 91.0 128.5 126.0
v 90.5 129.0 126.0
v 90.5 129.0 127.0
v 91.0 128.5 127.0
v 90.5 129.0 128.0
v 91.0 128.5 128.0
v 90.5 129.0 129.0
v 91.0 128.5 129.0
v 91.0 128.5 130.0
v 91.0 130.0 103.5
v 90.5 130.0 105.0
v 91.0 130.0 104.5
v 91.0 131.0 103.5
v 90.5 131.0 105.0
v 91.0 131.0 104.5
v 90.5 132.0 103.0
v 91.0 132.0 102.5
v 91.0 131.5 103.0
v 90.5 132.0 104.0
v 91.0 131.5 104.0
v 91.0 132.0 103.5
v 90.5 132.0 105.0
v 90.5 133.0 102.0
v 91.0 133.0 101.5
v 91.0 132.5 102.0
v 91.0 132.5 104.0
v 91.0 133.0 104.5
v 91.0 133.5 102.0
v 91.0 134.0 102.5
v 90.5 134.0 104.0
v 91.0 133.5 104.0
v 91.0 134.0 103.5
v 90.5 135.0 102.0
v 91.0 135.0 101.5
v 91.0 134.5 102.0
v 91.0 135.0 103.5
v 91.0 136.0 101.5
v 91.0 136.0 102.5
v 90.5 136.0 103.0
v 91.0 135.5 103.0
v 90.5 136.0 104.0
v 91.0 136.5 102.0
v 90.5 137.0 103.0
v 91.5 95.0 131.0
v 92.0 95.0 130.5
v 92.0 94.5 131.0
v 92.0 95.0 131.5
v 91.5 96.0 125.0
v 92.0 96.0 124.5
v 92.0 95.5 125.0
v 92.0 95.5 126.0
v 91.5 96.0 126.0
v 92.0 95.5 127.0
v 91.5 96.0 127.0
v 92.0 95.5 128.0
v 92.0 95.5 129.0
v 92.0 95.5 130.0
v 92.0 95.5 132.0
v 92.0 95.5 133.0
v 91.5 96.0 133.0
v 92.0 96.0 133.5
v 91.5 97.0 125.0
v 92.0 97.0 124.5
v 92.0 96.5 134.0
v 91.5 97.0 134.0
v 92.0 97.0 134.5
v 92.0 98.0 123.5
v 92.0 97.5 124.0
v 92.0 97.5 135.0
v 92.0 97.5 136.0
v 92.0 98.0 136.5
v 91.5 99.0 123.0
v 92.0 99.0 122.5
v 92.0 98.5 123.0
v 91.5 99.0 136.0
v 92.0 98.5 136.0
v 92.0 99.0 135.5
v 91.5 100.0 121.0
v 92.0 100.0 120.5
v 92.0 99.5 121.0
v 92.0 99.5 122.0
v 91.5 100.0 122.0
v 91.5 100.0 123.0
v 92.0 100.0 135.5
v 91.5 101.0 121.0
v 92.0 101.0 120.5
v 92.0 101.0 135.5
v 91.5 102.0 121.0
v 92.0 102.0 120.5
v 92.0 102.0 135.5
v 91.5 103.0 120.0
v 92.0 103.0 119.5
v 92.0 102.5 120.0
v 92.0 103.0 135.5
v 91.5 104.0 120.0
v 92.0 104.0 119.5
v 92.0 104.0 135.5
v 91.5 105.0 120.0
v 92.0 105.0 119.5
v 91.5 105.0 135.0
v 92.0 105.0 135.5
v 92.0 105.5 120.0
v 91.5 106.0 121.0
v 92.0 106.0 120.5
v 91.5 106.0 133.0
v 92.0 106.0 133.5
v 92.0 105.5 134.0
v 92.0 105.5 135.0
v 92.0 106.5 121.0
v 92.0 106.5 122.0
v 92.0 106.5 123.0
v 91.5 107.0 124.0
v 92.0 106.5 124.0
v 91.5 107.0 125.0
v 92.0 106.5 125.0
v 92.0 107.0 125.5
v 91.5 107.0 129.0
v 92.0 106.5 129.0
v 92.0 107.0 128.5
v 92.0 107.0 129.5
v 92.0 106.5 133.0
v 92.0 107.0 132.5
v 91.5 108.0 126.0
v 92.0 107.5 126.0
v 91.5 108.0 127.0
v 92.0 107.5 127.0
v 92.0 108.0 127.5
v 91.5 108.0 129.0
v 92.0 108.0 128.5
v 92.0 107.5 130.0
v 92.0 107.5 131.0
v 92.0 107.5 132.0
v 91.5 109.0 126.0
v 91.5 109.0 127.0
v 92.0 108.5 128.0
v 91.5 109.0 128.0
v 91.5 122.0 130.0
v 92.0 122.0 129.5
v 92.0 121.5 130.0
v 92.0 122.0 130.5
v 91.5 123.0 127.0
v 92.0 123.0 126.5
v 92.0 122.5 127.0
v 92.0 122.5 128.0
v 91.5 123.0 128.0
v 92.0 122.5 129.0
v 91.5 123.0 129.0
v 91.5 123.0 130.0
v 92.0 122.5 131.0
v 91.5 123.0 131.0
v 92.0 122.5 132.0
v 91.5 123.0 132.0
v 92.0 123.0 132.5
v 91.5 124.0 121.0
v 92.0 124.0 120.5
v 92.0 123.5 121.0
v 92.0 123.5 122.0
v 91.5 124.0 122.0
v 92.0 123.5 123.0
v 91.5 124.0 123.0
v 92.0 123.5 124.0
v 92.0 123.5 125.0
v 92.0 123.5 126.0
v 91.5 124.0 132.0
v 92.0 123.5 133.0
v 91.5 124.0 133.0
v 92.0 124.0 133.5
v 91.5 125.0 121.0
v 92.0 125.0 120.5
v 91.5 125.0 122.0
v 91.5 125.0 123.0
v 92.0 124.5 133.0
v 92.0 125.0 132.5
v 92.0 125.5 121.0
v 92.0 125.5 122.0
v 91.5 126.0 123.0
v 92.0 126.0 122.5
v 91.5 126.0 132.0
v 92.0 126.0 132.5
v 91.5 127.0 104.0
v 92.0 126.5 123.0
v 92.0 127.0 123.5
v 91.5 127.0 131.0
v 92.0 126.5 131.0
v 92.0 127.0 130.5
v 92.0 126.5 132.0
v 91.5 128.0 103.0
v 92.0 128.0 102.5
v 92.0 127.5 103.0
v 92.0 128.0 103.5
v 91.5 128.0 104.0
v 91.5 128.0 124.0
v 92.0 128.0 123.5
v 91.5 128.0 130.0
v 92.0 127.5 130.0
v 92.0 128.0 129.5
v 91.5 129.0 103.0
v 92.0 129.0 102.5
v 92.0 129.0 103.5
v 91.5 129.0 104.0
v 92.0 128.5 124.0
v 92.0 128.5 125.0
v 92.0 128.5 126.0
v 92.0 128.5 127.0
v 92.0 128.5 128.0
v 92.0 128.5 129.0
v 91.5 130.0 102.0
v 92.0 130.0 101.5
v 92.0 129.5 102.0
v 91.5 130.0 103.0
v 92.0 130.0 103.5
v 91.5 130.0 104.0
v 92.0 130.5 102.0
v 91.5 131.0 103.0
v 92.0 131.0 102.5
v 92.0 131.0 103.5
v 91.5 131.0 104.0
v 91.5 132.0 102.0
v 92.0 132.0 101.5
v 92.0 131.5 102.0
v 92.0 132.0 103.5
v 92.0 133.0 101.5
v 91.5 133.0 104.0
v 92.0 133.0 103.5
v 91.5 134.0 102.0
v 92.0 134.0 101.5
v 92.0 133.5 103.0
v 92.0 134.0 102.5
v 91.5 134.0 103.0
v 91.5 135.0 102.0
v 92.0 134.5 102.0
v 91.5 135.0 103.0
v 91.5 136.0 102.0
v 92.5 94.0 127.0
v 93.0 94.0 126.5
v 93.0 93.5 127.0
v 93.0 94.0 127.5
v 92.5 95.0 127.0
v 93.0 95.0 126.5
v 93.0 94.5 128.0
v 92.5 95.0 128.0
v 93.0 94.5 129.0
v 92.5 95.0 129.0
v 93.0 95.0 129.5
v 93.0 95.0 130.5
v 93.0 94.5 131.0
v 93.0 94.5 132.0
v 92.5 95.0 132.0
v 93.0 94.5 133.0
v 92.5 95.0 133.0
v 93.0 95.0 133.5
v 92.5 95.0 135.0
v 93.0 95.0 134.5
v 93.0 94.5 135.0
v 93.0 95.0 135.5
v 93.0 96.0 124.5
v 93.0 95.5 125.0
v 93.0 95.5 126.0
v 93.0 95.5 130.0
v 93.0 95.5 134.0
v 92.5 96.0 134.0
v 92.5 96.0 135.0
v 93.0 95.5 136.0
v 92.5 96.0 136.0
v 93.0 96.0 136.5
v 93.0 97.0 124.5
v 92.5 97.0 135.0
v 93.0 97.0 135.5
v 93.0 96.5 136.0
v 92.5 98.0 121.0
v 93.0 98.0 120.5
v 93.0 97.5 121.0
v 93.0 97.5 122.0
v 92.5 98.0 122.0
v 93.0 97.5 123.0
v 92.5 98.0 123.0
v 93.0 97.5 124.0
v 93.0 98.0 135.5
v 92.5 98.0 136.0
v 92.5 99.0 121.0
v 93.0 99.0 120.5
v 92.5 99.0 122.0
v 93.0 99.0 135.5
v 93.0 100.0 120.5
v 93.0 100.0 135.5
v 92.5 101.0 120.0
v 93.0 101.0 119.5
v 93.0 100.5 120.0
v 93.0 101.0 135.5
v 92.5 102.0 120.0
v 93.0 102.0 119.5
v 93.0 102.0 135.5
v 93.0 103.0 119.5
v 93.0 103.0 135.5
v 92.5 104.0 119.0
v 93.0 104.0 118.5
v 93.0 103.5 119.0
v 93.0 104.0 135.5
v 93.0 104.5 119.0
v 93.0 105.0 119.5
v 93.0 105.0 135.5
v 92.5 106.0 120.0
v 93.0 106.0 119.5
v 93.0 105.5 134.0
v 93.0 106.0 133.5
v 93.0 105.5 135.0
v 93.0 106.5 120.0
v 93.0 106.5 121.0
v 93.0 106.5 122.0
v 93.0 106.5 123.0
v 93.0 106.5 124.0
v 93.0 106.5 125.0
v 93.0 107.0 125.5
v 92.5 107.0 129.0
v 92.5 107.0 133.0
v 93.0 107.0 133.5
v 93.0 107.5 126.0
v 93.0 107.5 127.0
v 92.5 108.0 128.0
v 93.0 107.5 128.0
v 93.0 107.5 129.0
v 93.0 107.5 130.0
v 93.0 107.5 131.0
v 93.0 107.5 132.0
v 93.0 107.5 133.0
v 93.0 122.0 129.5
v 93.0 121.5 130.0
v 93.0 121.5 131.0
v 92.5 122.0 131.0
v 93.0 121.5 132.0
v 92.5 122.0 132.0
v 93.0 122.0 132.5
v 92.5 123.0 123.0
v 93.0 123.0 122.5
v 93.0 122.5 123.0
v 93.0 123.0 123.5
v 92.5 123.0 126.0
v 93.0 123.0 125.5
v 93.0 122.5 126.0
v 93.0 122.5 127.0
v 93.0 122.5 128.0
v 93.0 122.5 129.0
v 93.0 122.5 133.0
v 92.5 123.0 133.0
v 93.0 123.0 133.5
v 92.5 124.0 120.0
v 93.0 124.0 119.5
v 93.0 123.5 120.0
v 93.0 123.5 121.0
v 93.0 123.5 122.0
v 93.0 123.5 124.0
v 93.0 123.5 125.0
v 93.0 124.0 133.5
v 92.5 125.0 120.0
v 93.0 125.0 119.5
v 92.5 125.0 133.0
v 93.0 125.0 133.5
v 93.0 125.5 120.0
v 92.5 126.0 121.0
v 93.0 126.0 120.5
v 92.5 126.0 122.0
v 92.5 126.0 132.0
v 93.0 125.5 132.0
v 93.0 126.0 131.5
v 93.0 125.5 133.0
v 93.0 126.5 121.0
v 93.0 126.5 122.0
v 92.5 127.0 123.0
v 93.0 127.0 122.5
v 93.0 126.5 131.0
v 93.0 127.0 130.5
v 92.5 128.0 103.0
v 93.0 127.5 123.0
v 93.0 128.0 123.5
v 93.0 127.5 130.0
v 93.0 128.0 129.5
v 92.5 129.0 102.0
v 93.0 129.0 101.5
v 93.0 128.5 102.0
v 93.0 129.0 102.5
v 92.5 129.0 103.0
v 92.5 129.0 124.0
v 93.0 129.0 123.5
v 92.5 129.0 125.0
v 92.5 129.0 126.0
v 92.5 129.0 127.0
v 92.5 129.0 128.0
v 93.0 129.0 128.5
v 93.0 128.5 129.0
v 92.5 130.0 102.0
v 93.0 129.5 102.0
v 92.5 130.0 103.0
v 93.0 129.5 124.0
v 93.0 129.5 125.0
v 93.0 129.5 126.0
v 92.5 130.0 127.0
v 93.0 130.0 126.5
v 93.0 130.0 127.5
v 93.0 129.5 128.0
v 92.5 131.0 103.0
v 93.0 130.5 127.0
v 92.5 132.0 102.0
v 92.5 132.0 103.0
v 93.0 133.0 101.5
v 93.0 132.5 102.0
v 93.0 133.0 102.5
v 92.5 133.0 103.0
v 93.0 133.5 102.0
v 92.5 134.0 102.0
v 93.5 93.0 127.0
v 94.0 93.0 126.5
v 94.0 92.5 127.0
v 94.0 93.0 127.5
v 93.5 94.0 126.0
v 94.0 94.0 125.5
v 94.0 93.5 126.0
v 94.0 93.5 128.0
v 93.5 94.0 128.0
v 94.0 93.5 129.0
v 93.5 94.0 129.0
v 94.0 93.5 130.0
v 93.5 94.0 130.0
v 94.0 93.5 131.0
v 93.5 94.0 131.0
v 94.0 93.5 132.0
v 93.5 94.0 132.0
v 94.0 93.5 133.0
v 93.5 94.0 133.0
v 94.0 93.5 134.0
v 93.5 94.0 134.0
v 94.0 93.5 135.0
v 93.5 94.0 135.0
v 94.0 94.0 135.5
v 93.5 95.0 125.0
v 94.0 95.0 124.5
v 94.0 94.5 125.0
v 93.5 95.0 126.0
v 93.5 95.0 130.0
v 93.5 95.0 134.0
v 94.0 94.5 136.0
v 93.5 95.0 136.0
v 94.0 95.0 136.5
v 93.5 96.0 124.0
v 94.0 96.0 123.5
v 94.0 95.5 124.0
v 94.0 96.0 136.5
v 93.5 97.0 121.0
v 94.0 97.0 120.5
v 94.0 96.5 121.0
v 94.0 96.5 122.0
v 93.5 97.0 122.0
v 94.0 96.5 123.0
v 93.5 97.0 123.0
v 93.5 97.0 124.0
v 93.5 97.0 136.0
v 94.0 97.0 136.5
v 93.5 98.0 120.0
v 94.0 98.0 119.5
v 94.0 97.5 120.0
v 93.5 98.0 136.0
v 94.0 98.0 136.5
v 93.5 99.0 120.0
v 94.0 99.0 119.5
v 94.0 98.5 136.0
v 94.0 99.0 135.5
v 93.5 100.0 119.0
v 94.0 100.0 118.5
v 94.0 99.5 119.0
v 93.5 100.0 120.0
v 94.0 100.0 135.5
v 93.5 101.0 119.0
v 94.0 101.0 118.5
v 94.0 101.0 135.5
v 93.5 102.0 119.0
v 94.0 102.0 118.5
v 94.0 102.0 135.5
v 93.5 103.0 119.0
v 94.0 103.0 118.5
v 94.0 103.0 135.5
v 94.0 104.0 118.5
v 94.0 104.0 135.5
v 93.5 105.0 119.0
v 94.0 105.0 118.5
v 93.5 105.0 135.0
v 94.0 104.5 135.0
v 94.0 105.0 134.5
v 94.0 105.5 119.0
v 94.0 106.0 119.5
v 93.5 106.0 123.0
v 94.0 105.5 123.0
v 94.0 106.0 122.5
v 93.5 106.0 124.0
v 94.0 105.5 124.0
v 93.5 106.0 125.0
v 94.0 105.5 125.0
v 94.0 106.0 125.5
v 94.0 105.5 134.0
v 94.0 106.0 133.5
v 94.0 106.5 120.0
v 94.0 106.5 121.0
v 94.0 106.5 122.0
v 93.5 107.0 126.0
v 94.0 106.5 126.0
v 93.5 107.0 127.0
v 94.0 106.5 127.0
v 93.5 107.0 128.0
v 94.0 106.5 128.0
v 93.5 107.0 129.0
v 94.0 106.5 129.0
v 93.5 107.0 130.0
v 94.0 106.5 130.0
v 93.5 107.0 131.0
v 94.0 106.5 131.0
v 93.5 107.0 132.0
v 94.0 106.5 132.0
v 93.5 107.0 133.0
v 94.0 106.5 133.0
v 93.5 122.0 130.0
v 93.5 122.0 131.0
v 93.5 122.0 132.0
v 94.0 121.5 133.0
v 94.0 122.0 132.5
v 93.5 122.0 133.0
v 94.0 121.5 134.0
v 93.5 122.0 134.0
v 94.0 122.0 134.5
v 93.5 123.0 122.0
v 94.0 123.0 121.5
v 94.0 122.5 122.0
v 94.0 122.5 123.0
v 94.0 122.5 124.0
v 93.5 123.0 124.0
v 94.0 122.5 125.0
v 93.5 123.0 125.0
v 94.0 122.5 126.0
v 93.5 123.0 127.0
v 94.0 123.0 126.5
v 94.0 123.0 127.5
v 94.0 122.5 128.0
v 94.0 122.5 129.0
v 94.0 122.5 130.0
v 94.0 122.5 131.0
v 94.0 122.5 132.0
v 93.5 123.0 134.0
v 94.0 123.0 134.5
v 94.0 124.0 119.5
v 94.0 123.5 120.0
v 94.0 123.5 121.0
v 94.0 123.5 127.0
v 94.0 123.5 134.0
v 94.0 124.0 133.5
v 94.0 125.0 119.5
v 94.0 125.0 133.5
v 94.0 125.5 120.0
v 94.0 126.0 120.5
v 93.5 126.0 132.0
v 94.0 126.0 132.5
v 94.0 125.5 133.0
v 93.5 127.0 121.0
v 94.0 127.0 120.5
v 93.5 127.0 122.0
v 94.0 126.5 131.0
v 94.0 127.0 130.5
v 94.0 126.5 132.0
v 94.0 127.5 121.0
v 93.5 128.0 122.0
v 94.0 128.0 121.5
v 93.5 128.0 123.0
v 93.5 128.0 130.0
v 94.0 128.0 130.5
v 93.5 129.0 102.0
v 94.0 128.5 122.0
v 94.0 128.5 123.0
v 94.0 129.0 123.5
v 94.0 128.5 129.0
v 94.0 129.0 128.5
v 94.0 128.5 130.0
v 94.0 129.5 124.0
v 93.5 130.0 125.0
v 94.0 130.0 124.5
v 93.5 130.0 126.0
v 93.5 130.0 128.0
v 94.0 130.0 128.5
v 94.0 130.5 125.0
v 94.0 130.5 126.0
v 94.0 130.5 127.0
v 94.0 130.5 128.0
v 93.5 133.0 102.0
v 94.5 92.0 127.0
v 95.0 92.0 126.5
v 95.0 91.5 127.0
v 95.0 92.0 127.5
v 94.5 93.0 126.0
v 95.0 93.0 125.5
v 95.0 92.5 126.0
v 95.0 92.5 128.0
v 94.5 93.0 128.0
v 95.0 92.5 129.0
v 94.5 93.0 129.0
v 95.0 92.5 130.0
v 94.5 93.0 130.0
v 95.0 92.5 131.0
v 94.5 93.0 131.0
v 95.0 92.5 132.0
v 94.5 93.0 132.0
v 95.0 93.0 132.5
v 94.5 94.0 125.0
v 95.0 94.0 124.5
v 95.0 93.5 125.0
v 95.0 93.5 133.0
v 95.0 93.5 134.0
v 95.0 93.5 135.0
v 95.0 94.0 135.5
v 94.5 95.0 124.0
v 95.0 95.0 123.5
v 95.0 94.5 124.0
v 95.0 94.5 136.0
v 95.0 95.0 136.5
v 94.5 96.0 122.0
v 95.0 96.0 121.5
v 95.0 95.5 122.0
v 95.0 95.5 123.0
v 94.5 96.0 123.0
v 95.0 96.0 136.5
v 95.0 97.0 120.5
v 95.0 96.5 121.0
v 94.5 97.0 136.0
v 95.0 96.5 136.0
v 95.0 97.0 135.5
v 95.0 98.0 119.5
v 95.0 97.5 120.0
v 94.5 98.0 136.0
v 95.0 98.0 135.5
v 95.0 99.0 119.5
v 95.0 99.0 135.5
v 94.5 100.0 118.0
v 95.0 100.0 117.5
v 95.0 99.5 118.0
v 95.0 99.5 119.0
v 95.0 100.0 135.5
v 94.5 101.0 118.0
v 95.0 101.0 117.5
v 95.0 101.0 135.5
v 95.0 101.5 118.0
v 95.0 102.0 118.5
v 94.5 102.0 131.0
v 95.0 101.5 131.0
v 95.0 102.0 130.5
v 95.0 102.0 131.5
v 95.0 102.0 135.5
v 94.5 103.0 118.0
v 95.0 103.0 117.5
v 95.0 102.5 118.0
v 94.5 103.0 131.0
v 95.0 103.0 130.5
v 95.0 102.5 132.0
v 94.5 103.0 132.0
v 95.0 103.0 132.5
v 95.0 103.0 135.5
v 94.5 104.0 118.0
v 95.0 104.0 117.5
v 94.5 104.0 130.0
v 95.0 103.5 130.0
v 95.0 104.0 129.5
v 94.5 104.0 131.0
v 94.5 104.0 132.0
v 95.0 103.5 133.0
v 94.5 104.0 133.0
v 95.0 104.0 133.5
v 94.5 104.0 135.0
v 95.0 103.5 135.0
v 95.0 104.0 134.5
v 94.5 105.0 118.0
v 95.0 105.0 117.5
v 95.0 104.5 130.0
v 95.0 105.0 130.5
v 94.5 105.0 131.0
v 94.5 105.0 132.0
v 94.5 105.0 133.0
v 95.0 104.5 134.0
v 94.5 105.0 134.0
v 94.5 106.0 118.0
v 95.0 106.0 117.5
v 95.0 105.5 119.0
v 95.0 106.0 118.5
v 95.0 106.0 119.5
v 94.5 106.0 122.0
v 95.0 105.5 122.0
v 95.0 106.0 121.5
v 95.0 105.5 123.0
v 95.0 105.5 124.0
v 95.0 105.5 125.0
v 94.5 106.0 126.0
v 95.0 105.5 126.0
v 94.5 106.0 127.0
v 95.0 105.5 127.0
v 95.0 106.0 127.5
v 94.5 106.0 130.0
v 95.0 105.5 130.0
v 95.0 106.0 129.5
v 94.5 106.0 131.0
v 94.5 106.0 132.0
v 94.5 106.0 133.0
v 95.0 106.5 118.0
v 95.0 106.5 120.0
v 95.0 106.5 121.0
v 95.0 106.5 128.0
v 95.0 106.5 129.0
v 94.5 120.0 134.0
v 95.0 120.0 133.5
v 95.0 119.5 134.0
v 95.0 120.0 134.5
v 94.5 121.0 134.0
v 95.0 121.0 133.5
v 95.0 121.0 134.5
v 94.5 122.0 132.0
v 95.0 122.0 131.5
v 95.0 121.5 132.0
v 95.0 121.5 133.0
v 95.0 122.0 134.5
v 95.0 123.0 121.5
v 95.0 122.5 122.0
v 95.0 122.5 123.0
v 95.0 122.5 124.0
v 95.0 122.5 125.0
v 95.0 122.5 126.0
v 95.0 123.0 126.5
v 95.0 123.0 127.5
v 95.0 122.5 128.0
v 95.0 122.5 129.0
v 95.0 122.5 130.0
v 95.0 122.5 131.0
v 95.0 123.0 134.5
v 95.0 124.0 119.5
v 95.0 123.5 120.0
v 95.0 123.5 121.0
v 95.0 123.5 127.0
v 94.5 124.0 134.0
v 95.0 124.0 134.5
v 95.0 125.0 119.5
v 95.0 124.5 134.0
v 95.0 125.0 133.5
v 95.0 125.5 120.0
v 95.0 126.0 120.5
v 95.0 125.5 133.0
v 95.0 126.0 132.5
v 95.0 127.0 120.5
v 94.5 127.0 131.0
v 95.0 127.0 131.5
v 95.0 126.5 132.0
v 94.5 128.0 121.0
v 95.0 128.0 120.5
v 95.0 127.5 131.0
v 95.0 128.0 130.5
v 95.0 128.5 121.0
v 95.0 128.5 122.0
v 95.0 128.5 123.0
v 95.0 129.0 123.5
v 95.0 128.5 129.0
v 95.0 129.0 128.5
v 95.0 128.5 130.0
v 94.5 130.0 124.0
v 95.0 130.0 123.5
v 95.0 130.0 128.5
v 95.0 130.5 124.0
v 95.0 130.5 125.0
v 94.5 131.0 126.0
v 95.0 131.0 125.5
v 94.5 131.0 127.0
v 94.5 131.0 128.0
v 95.0 131.0 128.5
v 95.0 131.5 126.0
v 94.5 132.0 127.0
v 95.0 132.0 126.5
v 94.5 132.0 128.0
v 95.0 132.0 128.5
v 95.0 132.5 127.0
v 95.0 132.5 128.0
v 96.0 92.0 126.5
v 96.0 91.5 127.0
v 96.0 92.0 127.5
v 96.0 93.0 125.5
v 96.0 92.5 126.0
v 96.0 92.5 128.0
v 96.0 92.5 129.0
v 96.0 92.5 130.0
v 96.0 92.5 131.0
v 96.0 92.5 132.0
v 96.0 93.0 132.5
v 95.5 94.0 125.0
v 96.0 94.0 125.5
v 96.0 93.5 133.0
v 96.0 93.5 134.0
v 96.0 93.5 135.0
v 96.0 94.0 135.5
v 95.5 95.0 123.0
v 96.0 95.0 122.5
v 96.0 94.5 123.0
v 96.0 94.5 124.0
v 96.0 94.5 125.0
v 96.0 94.5 136.0
v 96.0 95.0 136.5
v 95.5 96.0 121.0
v 96.0 96.0 120.5
v 96.0 95.5 121.0
v 96.0 95.5 122.0
v 96.0 96.0 136.5
v 95.5 97.0 120.0
v 96.0 97.0 119.5
v 96.0 96.5 120.0
v 96.0 96.5 136.0
v 96.0 97.0 135.5
v 96.0 98.0 119.5
v 96.0 98.0 135.5
v 95.5 99.0 117.0
v 96.0 99.0 116.5
v 96.0 98.5 117.0
v 96.0 99.0 117.5
v 96.0 99.0 119.5
v 96.0 99.0 135.5
v 95.5 100.0 117.0
v 96.0 100.0 116.5
v 96.0 99.5 118.0
v 96.0 99.5 119.0
v 96.0 100.0 135.5
v 95.5 101.0 116.0
v 96.0 101.0 115.5
v 96.0 100.5 116.0
v 95.5 101.0 117.0
v 96.0 100.5 136.0
v 95.5 101.0 136.0
v 96.0 101.0 136.5
v 96.0 101.5 116.0
v 95.5 102.0 117.0
v 96.0 102.0 116.5
v 95.5 102.0 118.0
v 95.5 102.0 127.0
v 96.0 101.5 127.0
v 96.0 102.0 126.5
v 96.0 102.0 127.5
v 95.5 102.0 131.0
v 95.5 102.0 134.0
v 96.0 101.5 134.0
v 96.0 102.0 133.5
v 95.5 102.0 135.0
v 96.0 101.5 135.0
v 96.0 101.5 136.0
v 95.5 103.0 117.0
v 96.0 103.0 116.5
v 95.5 103.0 125.0
v 96.0 102.5 125.0
v 96.0 103.0 124.5
v 96.0 103.0 125.5
v 95.5 103.0 127.0
v 96.0 103.0 126.5
v 96.0 102.5 128.0
v 95.5 103.0 128.0
v 95.5 103.0 129.0
v 96.0 102.5 129.0
v 95.5 103.0 130.0
v 96.0 102.5 130.0
v 96.0 102.5 131.0
v 96.0 102.5 132.0
v 95.5 103.0 133.0
v 96.0 102.5 133.0
v 95.5 103.0 134.0
v 95.5 103.0 135.0
v 95.5 104.0 117.0
v 96.0 104.0 116.5
v 95.5 104.0 125.0
v 96.0 104.0 124.5
v 96.0 104.0 125.5
v 96.0 103.5 127.0
v 96.0 103.5 128.0
v 96.0 104.0 128.5
v 95.5 104.0 129.0
v 95.5 104.0 134.0
v 95.5 105.0 117.0
v 96.0 105.0 116.5
v 95.5 105.0 122.0
v 96.0 104.5 122.0
v 96.0 105.0 121.5
v 95.5 105.0 123.0
v 96.0 104.5 123.0
v 95.5 105.0 124.0
v 96.0 104.5 124.0
v 95.5 105.0 125.0
v 96.0 105.0 125.5
v 95.5 105.0 129.0
v 96.0 105.0 128.5
v 95.5 105.0 130.0
v 96.0 105.5 117.0
v 96.0 105.5 118.0
v 95.5 106.0 118.0
v 96.0 105.5 119.0
v 95.5 106.0 120.0
v 96.0 105.5 120.0
v 95.5 106.0 121.0
v 96.0 105.5 121.0
v 96.0 105.5 126.0
v 96.0 105.5 127.0
v 95.5 106.0 128.0
v 96.0 105.5 128.0
v 95.5 106.0 129.0
v 95.5 110.0 115.0
v 96.0 110.0 114.5
v 96.0 109.5 115.0
v 96.0 110.0 115.5
v 95.5 111.0 114.0
v 96.0 111.0 113.5
v 96.0 110.5 114.0
v 96.0 110.5 115.0
v 96.0 111.0 114.5
v 96.0 111.5 114.0
v 95.5 120.0 134.0
v 96.0 121.0 133.5
v 96.0 120.5 134.0
v 96.0 121.0 134.5
v 95.5 122.0 124.0
v 96.0 122.0 123.5
v 96.0 121.5 124.0
v 96.0 122.0 124.5
v 96.0 122.0 131.5
v 96.0 121.5 132.0
v 96.0 121.5 133.0
v 96.0 122.0 134.5
v 96.0 123.0 121.5
v 96.0 122.5 122.0
v 96.0 122.5 123.0
v 96.0 122.5 125.0
v 96.0 122.5 126.0
v 96.0 122.5 127.0
v 95.5 123.0 127.0
v 96.0 122.5 128.0
v 95.5 123.0 129.0
v 96.0 123.0 128.5
v 95.5 123.0 130.0
v 96.0 123.0 130.5
v 96.0 122.5 131.0
v 96.0 123.0 134.5
v 96.0 124.0 119.5
v 96.0 123.5 120.0
v 96.0 123.5 121.0
v 96.0 123.5 129.0
v 96.0 123.5 130.0
v 96.0 124.0 134.5
v 96.0 125.0 119.5
v 96.0 124.5 134.0
v 96.0 125.0 133.5
v 96.0 125.5 120.0
v 96.0 126.0 120.5
v 95.5 126.0 133.0
v 96.0 126.0 133.5
v 96.0 127.0 120.5
v 95.5 127.0 132.0
v 96.0 127.0 132.5
v 96.0 126.5 133.0
v 96.0 128.0 120.5
v 95.5 128.0 131.0
v 95.5 128.0 132.0
v 96.0 128.0 132.5
v 96.0 128.5 121.0
v 96.0 128.5 122.0
v 95.5 129.0 123.0
v 96.0 129.0 122.5
v 96.0 128.5 129.0
v 96.0 129.0 128.5
v 96.0 128.5 130.0
v 96.0 128.5 131.0
v 96.0 128.5 132.0
v 96.0 129.5 123.0
v 96.0 130.0 123.5
v 96.0 130.0 128.5
v 96.0 130.5 124.0
v 95.5 131.0 125.0
v 96.0 131.0 124.5
v 96.0 131.0 128.5
v 96.0 131.5 125.0
v 95.5 132.0 126.0
v 96.0 132.0 125.5
v 96.0 132.0 128.5
v 96.0 132.5 126.0
v 96.0 132.5 127.0
v 96.0 132.5 128.0
v 96.5 92.0 127.0
v 96.5 93.0 126.0
v 97.0 93.0 126.5
v 97.0 92.5 127.0
v 97.0 92.5 128.0
v 97.0 92.5 129.0
v 97.0 92.5 130.0
v 97.0 92.5 131.0
v 97.0 92.5 132.0
v 97.0 93.0 132.5
v 97.0 94.0 125.5
v 97.0 93.5 126.0
v 97.0 93.5 133.0
v 97.0 93.5 134.0
v 97.0 93.5 135.0
v 97.0 94.0 135.5
v 96.5 95.0 123.0
v 97.0 95.0 123.5
v 97.0 94.5 124.0
v 97.0 94.5 125.0
v 97.0 94.5 136.0
v 97.0 95.0 136.5
v 96.5 96.0 121.0
v 96.5 96.0 122.0
v 97.0 96.0 122.5
v 97.0 95.5 123.0
v 97.0 96.0 136.5
v 97.0 97.0 119.5
v 97.0 96.5 120.0
v 97.0 96.5 121.0
v 97.0 96.5 122.0
v 97.0 96.5 136.0
v 97.0 97.0 135.5
v 97.0 98.0 119.5
v 97.0 98.0 135.5
v 96.5 99.0 117.0
v 97.0 98.5 118.0
v 97.0 99.0 117.5
v 96.5 99.0 118.0
v 97.0 98.5 119.0
v 96.5 99.0 119.0
v 97.0 99.0 135.5
v 97.0 100.0 116.5
v 97.0 99.5 117.0
v 97.0 99.5 136.0
v 96.5 100.0 136.0
v 97.0 100.0 136.5
v 96.5 101.0 116.0
v 97.0 101.0 116.5
v 96.5 101.0 128.0
v 97.0 100.5 128.0
v 97.0 101.0 127.5
v 96.5 101.0 129.0
v 97.0 100.5 129.0
v 96.5 101.0 130.0
v 97.0 100.5 130.0
v 96.5 101.0 131.0
v 97.0 100.5 131.0
v 96.5 101.0 132.0
v 97.0 100.5 132.0
v 96.5 101.0 133.0
v 97.0 100.5 133.0
v 97.0 101.0 133.5
v 97.0 101.0 136.5
v 97.0 102.0 116.5
v 96.5 102.0 124.0
v 97.0 101.5 124.0
v 97.0 102.0 123.5
v 96.5 102.0 125.0
v 97.0 101.5 125.0
v 96.5 102.0 126.0
v 97.0 101.5 126.0
v 97.0 101.5 127.0
v 96.5 102.0 128.0
v 96.5 102.0 129.0
v 96.5 102.0 130.0
v 96.5 102.0 131.0
v 96.5 102.0 132.0
v 96.5 102.0 133.0
v 97.0 101.5 134.0
v 97.0 101.5 135.0
v 97.0 101.5 136.0
v 97.0 103.0 116.5
v 96.5 103.0 123.0
v 97.0 102.5 123.0
v 97.0 103.0 122.5
v 96.5 103.0 124.0
v 96.5 103.0 126.0
v 97.0 104.0 116.5
v 96.5 104.0 122.0
v 97.0 103.5 122.0
v 97.0 104.0 121.5
v 96.5 104.0 123.0
v 96.5 104.0 124.0
v 96.5 104.0 126.0
v 96.5 104.0 127.0
v 96.5 104.0 128.0
v 97.0 104.5 117.0
v 96.5 105.0 117.0
v 97.0 105.0 117.5
v 96.5 105.0 120.0
v 97.0 104.5 120.0
v 97.0 105.0 119.5
v 96.5 105.0 121.0
v 97.0 104.5 121.0
v 96.5 105.0 126.0
v 96.5 105.0 127.0
v 96.5 105.0 128.0
v 97.0 105.5 118.0
v 97.0 105.5 119.0
v 96.5 110.0 115.0
v 96.5 111.0 114.0
v 96.5 113.0 113.0
v 97.0 113.0 112.5
v 97.0 112.5 113.0
v 97.0 113.0 113.5
v 97.0 113.5 113.0
v 97.0 121.0 133.5
v 97.0 120.5 134.0
v 97.0 121.0 134.5
v 96.5 122.0 124.0
v 96.5 122.0 132.0
v 97.0 122.0 132.5
v 97.0 121.5 133.0
v 97.0 122.0 134.5
v 96.5 123.0 115.0
v 97.0 123.0 114.5
v 97.0 122.5 115.0
v 97.0 123.0 115.5
v 97.0 123.0 121.5
v 97.0 122.5 122.0
v 97.0 122.5 123.0
v 97.0 122.5 124.0
v 97.0 122.5 125.0
v 97.0 122.5 126.0
v 97.0 122.5 127.0
v 97.0 122.5 128.0
v 97.0 123.0 128.5
v 96.5 123.0 130.0
v 97.0 123.0 129.5
v 97.0 122.5 130.0
v 97.0 122.5 131.0
v 97.0 122.5 132.0
v 97.0 123.0 134.5
v 97.0 123.5 115.0
v 96.5 124.0 120.0
v 96.5 124.0 121.0
v 97.0 124.0 121.5
v 97.0 123.5 129.0
v 97.0 124.0 134.5
v 96.5 125.0 115.0
v 97.0 125.0 114.5
v 97.0 124.5 115.0
v 97.0 124.5 116.0
v 96.5 125.0 116.0
v 97.0 125.0 116.5
v 97.0 125.0 119.5
v 97.0 124.5 120.0
v 97.0 124.5 121.0
v 96.5 125.0 134.0
v 97.0 125.0 134.5
v 96.5 126.0 115.0
v 97.0 126.0 114.5
v 96.5 126.0 116.0
v 97.0 126.0 116.5
v 96.5 126.0 120.0
v 97.0 126.0 119.5
v 97.0 125.5 134.0
v 97.0 126.0 133.5
v 96.5 127.0 115.0
v 97.0 127.0 114.5
v 96.5 127.0 116.0
v 97.0 127.0 116.5
v 97.0 126.5 120.0
v 97.0 127.0 120.5
v 97.0 126.5 133.0
v 97.0 127.0 132.5
v 97.0 127.5 115.0
v 97.0 127.5 116.0
v 97.0 128.0 120.5
v 96.5 128.0 124.0
v 97.0 127.5 124.0
v 97.0 128.0 123.5
v 97.0 128.0 124.5
v 97.0 128.0 132.5
v 97.0 128.5 121.0
v 97.0 128.5 122.0
v 96.5 129.0 123.0
v 97.0 128.5 123.0
v 96.5 129.0 124.0
v 97.0 128.5 125.0
v 96.5 129.0 125.0
v 97.0 129.0 125.5
v 96.5 129.0 129.0
v 96.5 129.0 130.0
v 96.5 129.0 131.0
v 97.0 129.0 131.5
v 97.0 128.5 132.0
v 96.5 130.0 124.0
v 96.5 130.0 125.0
v 97.0 130.0 125.5
v 96.5 130.0 129.0
v 96.5 130.0 130.0
v 96.5 130.0 131.0
v 97.0 130.0 131.5
v 97.0 131.0 123.5
v 96.5 131.0 124.0
v 97.0 130.5 124.0
v 97.0 130.5 125.0
v 96.5 130.5 124.5
v 96.5 131.0 129.0
v 97.0 131.0 129.5
v 97.0 130.5 130.0
v 97.0 130.5 131.0
v 96.5 132.0 124.0
v 97.0 132.0 123.5
v 96.5 132.0 125.0
v 97.0 131.5 129.0
v 97.0 132.0 128.5
v 97.0 132.5 124.0
v 97.0 132.5 125.0
v 97.0 132.5 126.0
v 97.0 132.5 127.0
v 97.0 132.5 128.0
v 97.5 92.0 127.0
v 98.0 92.0 126.5
v 98.0 91.5 127.0
v 98.0 91.5 128.0
v 97.5 92.0 128.0
v 98.0 91.5 129.0
v 97.5 92.0 129.0
v 98.0 92.0 129.5
v 97.5 93.0 126.0
v 98.0 93.0 125.5
v 98.0 92.5 126.0
v 98.0 92.5 130.0
v 98.0 92.5 131.0
v 98.0 92.5 132.0
v 98.0 92.5 133.0
v 97.5 93.0 133.0
v 98.0 93.0 133.5
v 98.0 94.0 125.5
v 98.0 93.5 134.0
v 98.0 93.5 135.0
v 98.0 94.0 135.5
v 97.5 95.0 124.0
v 98.0 95.0 124.5
v 98.0 94.5 125.0
v 98.0 94.5 136.0
v 98.0 95.0 136.5
v 97.5 96.0 123.0
v 98.0 96.0 123.5
v 98.0 95.5 124.0
v 98.0 96.0 136.5
v 98.0 97.0 119.5
v 98.0 96.5 120.0
v 98.0 96.5 121.0
v 98.0 96.5 122.0
v 98.0 96.5 123.0
v 98.0 96.5 136.0
v 98.0 97.0 135.5
v 98.0 98.0 119.5
v 98.0 98.0 135.5
v 97.5 99.0 118.0
v 98.0 99.0 118.5
v 98.0 98.5 119.0
v 97.5 99.0 129.0
v 98.0 98.5 129.0
v 98.0 99.0 128.5
v 97.5 99.0 130.0
v 98.0 98.5 130.0
v 98.0 99.0 130.5
v 98.0 99.0 135.5
v 97.5 100.0 117.0
v 98.0 100.0 117.5
v 98.0 99.5 118.0
v 97.5 100.0 125.0
v 98.0 99.5 125.0
v 98.0 100.0 124.5
v 98.0 100.0 125.5
v 97.5 100.0 127.0
v 98.0 99.5 127.0
v 98.0 100.0 126.5
v 97.5 100.0 128.0
v 98.0 99.5 128.0
v 97.5 100.0 129.0
v 97.5 100.0 130.0
v 98.0 99.5 131.0
v 97.5 100.0 131.0
v 97.5 100.0 132.0
v 98.0 99.5 132.0
v 98.0 100.0 132.5
v 97.5 100.0 134.0
v 98.0 99.5 134.0
v 98.0 100.0 133.5
v 97.5 100.0 135.0
v 98.0 99.5 135.0
v 97.5 100.0 136.0
v 97.5 101.0 117.0
v 98.0 101.0 117.5
v 97.5 101.0 123.0
v 98.0 100.5 123.0
v 98.0 101.0 122.5
v 97.5 101.0 124.0
v 98.0 100.5 124.0
v 97.5 101.0 125.0
v 98.0 100.5 126.0
v 97.5 101.0 126.0
v 97.5 101.0 127.0
v 98.0 100.5 133.0
v 97.5 101.0 134.0
v 97.5 101.0 135.0
v 97.5 101.0 136.0
v 97.5 102.0 117.0
v 98.0 102.0 117.5
v 97.5 102.0 122.0
v 98.0 101.5 122.0
v 98.0 102.0 121.5
v 97.5 102.0 123.0
v 97.5 103.0 117.0
v 98.0 103.0 117.5
v 97.5 103.0 121.0
v 98.0 102.5 121.0
v 98.0 103.0 120.5
v 97.5 103.0 122.0
v 97.5 104.0 117.0
v 98.0 104.0 117.5
v 97.5 104.0 120.0
v 98.0 103.5 120.0
v 98.0 104.0 119.5
v 97.5 104.0 121.0
v 97.5 105.0 118.0
v 98.0 104.5 118.0
v 97.5 105.0 119.0
v 98.0 104.5 119.0
v 97.5 113.0 113.0
v 97.5 114.0 112.0
v 98.0 114.0 111.5
v 98.0 113.5 112.0
v 98.0 114.0 112.5
v 98.0 113.5 114.0
v 97.5 114.0 114.0
v 98.0 114.0 113.5
v 98.0 114.0 114.5
v 97.5 115.0 112.0
v 98.0 115.0 111.5
v 98.0 115.0 112.5
v 97.5 115.0 114.0
v 98.0 115.0 113.5
v 98.0 115.0 114.5
v 97.5 116.0 112.0
v 98.0 116.0 111.5
v 98.0 116.0 112.5
v 97.5 116.0 114.0
v 98.0 116.0 113.5
v 98.0 116.0 114.5
v 98.0 116.5 112.0
v 97.5 117.0 114.0
v 98.0 117.0 113.5
v 98.0 117.0 114.5
v 97.5 118.0 114.0
v 98.0 118.0 113.5
v 98.0 118.0 114.5
v 98.0 118.5 114.0
v 97.5 121.0 113.0
v 98.0 121.0 112.5
v 98.0 120.5 113.0
v 98.0 120.5 114.0
v 97.5 121.0 114.0
v 98.0 121.0 114.5
v 97.5 121.0 134.0
v 97.5 122.0 113.0
v 98.0 122.0 112.5
v 97.5 122.0 114.0
v 98.0 121.5 115.0
v 97.5 122.0 115.0
v 98.0 122.0 115.5
v 98.0 122.0 132.5
v 98.0 121.5 133.0
v 98.0 121.5 134.0
v 98.0 122.0 134.5
v 97.5 123.0 113.0
v 98.0 123.0 112.5
v 97.5 123.0 114.0
v 98.0 123.0 115.5
v 97.5 123.0 122.0
v 97.5 123.0 123.0
v 98.0 123.0 123.5
v 98.0 122.5 124.0
v 98.0 122.5 125.0
v 98.0 122.5 126.0
v 98.0 122.5 127.0
v 97.5 123.0 128.0
v 98.0 123.0 127.5
v 97.5 123.0 130.0
v 97.5 123.0 131.0
v 98.0 123.0 131.5
v 98.0 122.5 132.0
v 98.0 123.0 134.5
v 98.0 123.5 113.0
v 97.5 124.0 114.0
v 98.0 124.0 113.5
v 97.5 124.0 115.0
v 98.0 124.0 115.5
v 98.0 124.0 121.5
v 98.0 123.5 122.0
v 98.0 123.5 123.0
v 98.0 123.5 128.0
v 98.0 123.5 129.0
v 98.0 123.5 130.0
v 98.0 123.5 131.0
v 98.0 124.0 134.5
v 97.5 125.0 114.0
v 98.0 125.0 113.5
v 98.0 124.5 116.0
v 98.0 125.0 116.5
v 97.5 125.0 119.0
v 98.0 125.0 118.5
v 98.0 124.5 119.0
v 98.0 124.5 120.0
v 98.0 124.5 121.0
v 98.0 125.0 134.5
v 97.5 126.0 114.0
v 98.0 126.0 113.5
v 98.0 126.0 116.5
v 98.0 125.5 119.0
v 98.0 126.0 119.5
v 98.0 125.5 134.0
v 98.0 126.0 133.5
v 97.5 127.0 114.0
v 98.0 127.0 113.5
v 98.0 127.0 116.5
v 98.0 126.5 120.0
v 98.0 127.0 120.5
v 97.5 127.0 124.0
v 98.0 126.5 124.0
v 98.0 127.0 123.5
v 97.5 127.0 125.0
v 98.0 126.5 125.0
v 97.5 127.0 126.0
v 98.0 126.5 126.0
v 98.0 127.0 126.5
v 97.5 127.0 132.0
v 98.0 126.5 132.0
v 98.0 127.0 131.5
v 98.0 126.5 133.0
v 97.5 128.0 114.0
v 98.0 128.0 113.5
v 97.5 128.0 115.0
v 97.5 128.0 116.0
v 98.0 128.0 116.5
v 98.0 128.0 120.5
v 97.5 128.0 123.0
v 98.0 127.5 123.0
v 98.0 128.0 122.5
v 97.5 128.0 125.0
v 97.5 128.0 126.0
v 98.0 127.5 127.0
v 97.5 128.0 127.0
v 98.0 128.0 127.5
v 97.5 128.0 132.0
v 98.0 128.0 131.5
v 98.0 128.5 114.0
v 97.5 129.0 115.0
v 98.0 129.0 114.5
v 98.0 129.0 115.5
v 98.0 128.5 116.0
v 98.0 128.5 121.0
v 98.0 128.5 122.0
v 97.5 129.0 126.0
v 97.5 129.0 127.0
v 98.0 129.0 127.5
v 97.5 129.0 132.0
v 98.0 128.5 132.0
v 98.0 129.0 132.5
v 98.0 129.5 115.0
v 97.5 130.0 126.0
v 97.5 130.0 127.0
v 98.0 130.0 127.5
v 97.5 130.0 132.0
v 98.0 130.0 132.5
v 97.5 131.0 124.0
v 98.0 131.0 124.5
v 98.0 130.5 125.0
v 98.0 130.5 126.0
v 98.0 130.5 127.0
v 97.5 131.0 130.0
v 97.5 131.0 131.0
v 98.0 131.0 131.5
v 98.0 130.5 132.0
v 97.5 132.0 124.0
v 98.0 132.0 124.5
v 97.5 132.0 129.0
v 98.0 132.0 129.5
v 98.0 131.5 130.0
v 98.0 131.5 131.0
v 98.0 132.5 125.0
v 98.0 132.5 126.0
v 98.0 132.5 127.0
v 98.0 132.5 128.0
v 98.0 132.5 129.0
v 98.5 91.0 128.0
v 99.0 91.0 127.5
v 99.0 90.5 128.0
v 99.0 91.0 128.5
v 99.0 92.0 126.5
v 99.0 91.5 127.0
v 99.0 91.5 129.0
v 99.0 92.0 129.5
v 99.0 93.0 125.5
v 99.0 92.5 126.0
v 99.0 92.5 130.0
v 98.5 93.0 131.0
v 99.0 93.0 130.5
v 98.5 93.0 132.0
v 98.5 93.0 133.0
v 99.0 94.0 125.5
v 99.0 93.5 131.0
v 99.0 93.5 132.0
v 99.0 93.5 133.0
v 99.0 93.5 134.0
v 98.5 94.0 135.0
v 99.0 94.0 134.5
v 98.5 95.0 125.0
v 99.0 95.0 125.5
v 99.0 94.5 135.0
v 99.0 94.5 136.0
v 99.0 95.0 136.5
v 98.5 96.0 124.0
v 99.0 96.0 124.5
v 99.0 95.5 125.0
v 99.0 96.0 136.5
v 98.5 97.0 120.0
v 98.5 97.0 121.0
v 99.0 97.0 121.5
v 99.0 96.5 122.0
v 99.0 96.5 123.0
v 99.0 96.5 124.0
v 99.0 96.5 136.0
v 99.0 97.0 135.5
v 98.5 98.0 120.0
v 99.0 98.0 120.5
v 99.0 97.5 121.0
v 98.5 98.0 129.0
v 99.0 97.5 129.0
v 99.0 98.0 128.5
v 98.5 98.0 130.0
v 99.0 97.5 130.0
v 99.0 98.0 130.5
v 99.0 98.0 135.5
v 98.5 99.0 119.0
v 99.0 99.0 119.5
v 99.0 98.5 120.0
v 98.5 99.0 124.0
v 99.0 98.5 124.0
v 99.0 99.0 123.5
v 98.5 99.0 125.0
v 99.0 98.5 125.0
v 98.5 99.0 126.0
v 99.0 98.5 126.0
v 98.5 99.0 127.0
v 99.0 98.5 127.0
v 98.5 99.0 128.0
v 99.0 98.5 128.0
v 98.5 99.0 131.0
v 99.0 98.5 131.0
v 99.0 99.0 131.5
v 98.5 99.0 135.0
v 99.0 98.5 135.0
v 99.0 99.0 134.5
v 98.5 100.0 118.0
v 99.0 100.0 118.5
v 99.0 99.5 119.0
v 98.5 100.0 123.0
v 99.0 99.5 123.0
v 99.0 100.0 122.5
v 98.5 100.0 124.0
v 98.5 100.0 126.0
v 99.0 99.5 132.0
v 98.5 100.0 133.0
v 99.0 99.5 133.0
v 99.0 99.5 134.0
v 98.5 101.0 118.0
v 99.0 101.0 118.5
v 98.5 101.0 122.0
v 99.0 100.5 122.0
v 99.0 101.0 121.5
v 99.0 102.0 117.5
v 99.0 101.5 118.0
v 98.5 102.0 121.0
v 99.0 101.5 121.0
v 99.0 102.0 120.5
v 99.0 103.0 117.5
v 98.5 103.0 119.0
v 99.0 102.5 119.0
v 99.0 103.0 118.5
v 98.5 103.0 120.0
v 99.0 102.5 120.0
v 99.0 103.5 118.0
v 98.5 104.0 118.0
v 98.5 104.0 119.0
v 98.5 108.0 113.0
v 99.0 108.0 112.5
v 99.0 107.5 113.0
v 99.0 108.0 113.5
v 98.5 109.0 111.0
v 99.0 109.0 110.5
v 99.0 108.5 111.0
v 99.0 108.5 112.0
v 98.5 109.0 112.0
v 98.5 109.0 113.0
v 99.0 109.0 113.5
v 99.0 109.5 111.0
v 98.5 110.0 112.0
v 99.0 110.0 111.5
v 98.5 110.0 113.0
v 99.0 110.0 113.5
v 98.5 111.0 112.0
v 99.0 111.0 111.5
v 98.5 111.0 113.0
v 99.0 111.0 113.5
v 99.0 111.5 112.0
v 99.0 111.5 113.0
v 98.5 113.0 112.0
v 99.0 113.0 111.5
v 99.0 112.5 112.0
v 99.0 113.0 112.5
v 98.5 113.0 114.0
v 99.0 113.0 113.5
v 99.0 112.5 114.0
v 99.0 113.0 114.5
v 99.0 114.0 111.5
v 99.0 113.5 113.0
v 98.5 114.0 113.0
v 99.0 113.5 115.0
v 98.5 114.0 115.0
v 99.0 114.0 115.5
v 99.0 115.0 111.5
v 98.5 115.0 113.0
v 98.5 115.0 115.0
v 99.0 115.0 115.5
v 99.0 116.0 111.5
v 98.5 116.0 113.0
v 98.5 116.0 115.0
v 99.0 116.0 115.5
v 98.5 117.0 112.0
v 99.0 117.0 111.5
v 98.5 117.0 113.0
v 99.0 116.5 115.0
v 99.0 117.0 114.5
v 99.0 117.5 112.0
v 98.5 118.0 113.0
v 99.0 118.0 112.5
v 99.0 118.0 114.5
v 98.5 119.0 113.0
v 99.0 119.0 112.5
v 98.5 119.0 114.0
v 99.0 119.0 114.5
v 98.5 120.0 113.0
v 99.0 120.0 112.5
v 98.5 120.0 114.0
v 99.0 120.0 114.5
v 99.0 121.0 112.5
v 99.0 120.5 115.0
v 98.5 121.0 115.0
v 99.0 121.0 115.5
v 99.0 122.0 112.5
v 99.0 122.0 115.5
v 99.0 122.0 132.5
v 99.0 121.5 133.0
v 99.0 121.5 134.0
v 99.0 122.0 134.5
v 99.0 123.0 112.5
v 99.0 123.0 115.5
v 98.5 123.0 124.0
v 99.0 123.0 124.5
v 99.0 122.5 125.0
v 99.0 122.5 126.0
v 99.0 122.5 127.0
v 99.0 122.5 128.0
v 98.5 123.0 128.0
v 99.0 123.0 128.5
v 98.5 123.0 130.0
v 99.0 123.0 129.5
v 99.0 122.5 130.0
v 99.0 122.5 131.0
v 98.5 123.0 131.0
v 99.0 122.5 132.0
v 99.0 123.0 134.5
v 98.5 124.0 113.0
v 99.0 124.0 112.5
v 99.0 124.0 115.5
v 98.5 124.0 122.0
v 98.5 124.0 123.0
v 99.0 124.0 123.5
v 99.0 123.5 124.0
v 99.0 123.5 129.0
v 99.0 123.5 135.0
v 98.5 124.0 135.0
v 99.0 124.0 135.5
v 99.0 124.5 113.0
v 99.0 125.0 113.5
v 99.0 124.5 116.0
v 99.0 125.0 116.5
v 98.5 125.0 119.0
v 98.5 125.0 120.0
v 99.0 125.0 120.5
v 99.0 124.5 121.0
v 98.5 125.0 122.0
v 99.0 125.0 121.5
v 99.0 125.0 122.5
v 99.0 124.5 123.0
v 99.0 124.5 135.0
v 99.0 125.0 134.5
v 99.0 126.0 113.5
v 99.0 126.0 116.5
v 99.0 125.5 120.0
v 99.0 126.0 119.5
v 99.0 125.5 122.0
v 99.0 126.0 122.5
v 98.5 126.0 123.0
v 99.0 125.5 123.0
v 98.5 126.0 124.0
v 99.0 125.5 124.0
v 98.5 126.0 125.0
v 99.0 125.5 125.0
v 99.0 126.0 125.5
v 99.0 125.5 134.0
v 99.0 126.0 133.5
v 99.0 127.0 113.5
v 99.0 127.0 116.5
v 98.5 127.0 120.0
v 99.0 127.0 119.5
v 98.5 127.0 123.0
v 99.0 127.0 122.5
v 99.0 126.5 126.0
v 99.0 127.0 126.5
v 98.5 127.0 132.0
v 98.5 127.0 133.0
v 99.0 127.0 133.5
v 99.0 128.0 113.5
v 99.0 128.0 116.5
v 99.0 127.5 120.0
v 99.0 127.5 121.0
v 98.5 128.0 121.0
v 98.5 128.0 122.0
v 99.0 127.5 122.0
v 99.0 127.5 127.0
v 99.0 128.0 127.5
v 98.5 128.0 132.0
v 98.5 128.0 133.0
v 99.0 128.0 133.5
v 99.0 128.5 114.0
v 99.0 129.0 114.5
v 98.5 129.0 116.0
v 99.0 129.0 116.5
v 99.0 129.0 127.5
v 98.5 129.0 133.0
v 99.0 129.0 133.5
v 99.0 129.5 115.0
v 99.0 129.5 116.0
v 98.5 130.0 127.0
v 99.0 130.0 126.5
v 99.0 129.5 127.0
v 99.0 129.5 133.0
v 99.0 130.0 132.5
v 98.5 131.0 125.0
v 99.0 131.0 125.5
v 99.0 130.5 126.0
v 99.0 130.5 132.0
v 99.0 131.0 131.5
v 98.5 132.0 125.0
v 99.0 132.0 125.5
v 99.0 131.5 130.0
v 99.0 132.0 129.5
v 99.0 131.5 131.0
v 99.0 132.5 126.0
v 99.0 132.5 127.0
v 99.0 132.5 128.0
v 99.0 132.5 129.0
v 99.5 91.0 128.0
v 100.0 92.0 126.5
v 100.0 91.5 127.0
v 100.0 91.5 128.0
v 100.0 91.5 129.0
v 100.0 92.0 129.5
v 100.0 93.0 125.5
v 100.0 92.5 126.0
v 100.0 92.5 130.0
v 100.0 92.5 131.0
v 99.5 93.0 131.0
v 100.0 93.0 131.5
v 99.5 93.0 134.0
v 100.0 93.0 133.5
v 100.0 92.5 134.0
v 100.0 93.0 134.5
v 100.0 94.0 125.5
v 100.0 93.5 132.0
v 100.0 93.5 133.0
v 100.0 94.0 134.5
v 100.0 95.0 125.5
v 100.0 94.5 135.0
v 100.0 94.5 136.0
v 100.0 95.0 136.5
v 99.5 96.0 125.0
v 100.0 96.0 125.5
v 99.5 96.0 129.0
v 100.0 95.5 129.0
v 100.0 96.0 128.5
v 100.0 96.0 129.5
v 99.5 96.0 136.0
v 100.0 95.5 136.0
v 100.0 96.0 135.5
v 99.5 97.0 122.0
v 99.5 97.0 123.0
v 99.5 97.0 124.0
v 99.5 97.0 125.0
v 100.0 96.5 126.0
v 99.5 97.0 126.0
v 100.0 97.0 126.5
v 99.5 97.0 128.0
v 100.0 96.5 128.0
v 100.0 97.0 127.5
v 99.5 97.0 129.0
v 100.0 96.5 130.0
v 99.5 97.0 130.0
v 99.5 97.0 131.0
v 100.0 96.5 131.0
v 100.0 97.0 131.5
v 99.5 97.0 135.0
v 100.0 96.5 135.0
v 100.0 97.0 134.5
v 99.5 98.0 121.0
v 99.5 98.0 122.0
v 99.5 98.0 123.0
v 99.5 98.0 124.0
v 99.5 98.0 125.0
v 99.5 98.0 126.0
v 100.0 97.5 127.0
v 99.5 98.0 127.0
v 99.5 98.0 128.0
v 99.5 98.0 131.0
v 100.0 97.5 132.0
v 99.5 98.0 132.0
v 100.0 98.0 132.5
v 99.5 98.0 135.0
v 100.0 98.0 134.5
v 99.5 99.0 120.0
v 99.5 99.0 121.0
v 99.5 99.0 122.0
v 99.5 99.0 123.0
v 99.5 99.0 132.0
v 100.0 98.5 133.0
v 99.5 99.0 133.0
v 99.5 99.0 134.0
v 100.0 98.5 134.0
v 100.0 100.0 118.5
v 100.0 99.5 119.0
v 99.5 100.0 120.0
v 100.0 100.0 119.5
v 99.5 100.0 121.0
v 99.5 100.0 122.0
v 100.0 100.5 119.0
v 99.5 101.0 119.0
v 99.5 101.0 120.0
v 99.5 101.0 121.0
v 99.5 102.0 118.0
v 99.5 102.0 119.0
v 99.5 102.0 120.0
v 99.5 103.0 118.0
v 99.5 107.0 111.0
v 100.0 107.0 110.5
v 100.0 106.5 111.0
v 100.0 106.5 112.0
v 99.5 107.0 112.0
v 100.0 106.5 113.0
v 99.5 107.0 113.0
v 100.0 107.0 113.5
v 99.5 108.0 111.0
v 100.0 108.0 110.5
v 99.5 108.0 112.0
v 100.0 108.0 113.5
v 99.5 109.0 111.0
v 100.0 108.5 111.0
v 99.5 108.5 111.5
v 100.0 109.0 111.5
v 100.0 109.0 113.5
v 100.0 110.0 111.5
v 100.0 110.0 113.5
v 100.0 111.0 111.5
v 99.5 111.0 113.0
v 100.0 110.5 113.0
v 100.0 111.0 112.5
v 99.5 112.0 112.0
v 100.0 112.0 111.5
v 99.5 111.5 112.5
v 100.0 111.5 113.0
v 99.5 112.0 113.0
v 100.0 112.0 113.5
v 100.0 113.0 111.5
v 99.5 113.0 113.0
v 100.0 113.0 113.5
v 99.5 113.0 114.0
v 100.0 114.0 111.5
v 100.0 113.5 114.0
v 99.5 114.0 115.0
v 100.0 114.0 114.5
v 100.0 115.0 111.5
v 100.0 114.5 115.0
v 100.0 115.0 115.5
v 100.0 116.0 111.5
v 100.0 116.0 115.5
v 100.0 117.0 111.5
v 99.5 117.0 115.0
v 100.0 116.5 116.0
v 99.5 117.0 116.0
v 100.0 117.0 116.5
v 99.5 118.0 112.0
v 100.0 118.0 111.5
v 99.5 118.0 115.0
v 99.5 118.0 116.0
v 100.0 118.0 116.5
v 100.0 118.5 112.0
v 100.0 119.0 112.5
v 100.0 118.5 115.0
v 100.0 119.0 114.5
v 99.5 119.0 116.0
v 100.0 119.0 115.5
v 100.0 119.0 116.5
v 100.0 120.0 112.5
v 100.0 119.5 115.0
v 99.5 120.0 115.0
v 100.0 119.5 116.0
v 100.0 120.0 115.5
v 100.0 121.0 112.5
v 100.0 121.0 115.5
v 100.0 122.0 112.5
v 100.0 122.0 115.5
v 99.5 122.0 132.0
v 100.0 122.0 131.5
v 100.0 121.5 132.0
v 100.0 121.5 133.0
v 100.0 121.5 134.0
v 100.0 122.0 134.5
v 100.0 123.0 112.5
v 100.0 123.0 115.5
v 99.5 123.0 125.0
v 100.0 123.0 125.5
v 100.0 122.5 126.0
v 100.0 122.5 127.0
v 100.0 122.5 128.0
v 100.0 123.0 128.5
v 99.5 123.0 130.0
v 100.0 123.0 130.5
v 100.0 122.5 131.0
v 100.0 123.0 134.5
v 100.0 124.0 112.5
v 100.0 124.0 115.5
v 100.0 124.0 123.5
v 100.0 123.5 124.0
v 100.0 123.5 125.0
v 100.0 123.5 129.0
v 100.0 123.5 130.0
v 100.0 123.5 135.0
v 100.0 124.0 135.5
v 99.5 125.0 113.0
v 100.0 125.0 112.5
v 100.0 124.5 116.0
v 100.0 125.0 116.5
v 99.5 125.0 121.0
v 99.5 125.0 123.0
v 100.0 125.0 123.5
v 100.0 124.5 135.0
v 100.0 125.0 134.5
v 99.5 126.0 113.0
v 100.0 126.0 112.5
v 100.0 126.0 116.5
v 100.0 126.0 119.5
v 100.0 125.5 120.0
v 99.5 126.0 121.0
v 100.0 126.0 120.5
v 100.0 125.5 122.0
v 100.0 126.0 121.5
v 100.0 126.0 122.5
v 100.0 125.5 124.0
v 100.0 125.5 125.0
v 100.0 126.0 125.5
v 99.5 126.0 134.0
v 100.0 126.0 134.5
v 100.0 126.5 113.0
v 100.0 127.0 113.5
v 100.0 127.0 116.5
v 100.0 126.5 120.0
v 99.5 127.0 120.0
v 100.0 126.5 121.0
v 100.0 127.0 120.5
v 100.0 127.0 122.5
v 100.0 126.5 126.0
v 100.0 127.0 126.5
v 100.0 126.5 134.0
v 100.0 127.0 133.5
v 100.0 128.0 113.5
v 100.0 128.0 116.5
v 100.0 127.5 121.0
v 100.0 127.5 122.0
v 99.5 128.0 127.0
v 100.0 128.0 126.5
v 100.0 128.0 133.5
v 99.5 129.0 114.0
v 100.0 129.0 113.5
v 99.5 129.0 116.0
v 100.0 128.5 116.0
v 100.0 129.0 115.5
v 99.5 129.0 127.0
v 100.0 129.0 126.5
v 100.0 129.0 133.5
v 100.0 129.5 114.0
v 100.0 129.5 115.0
v 100.0 130.0 126.5
v 100.0 129.5 133.0
v 100.0 130.0 132.5
v 99.5 131.0 126.0
v 100.0 131.0 126.5
v 100.0 130.5 132.0
v 100.0 131.0 131.5
v 99.5 132.0 126.0
v 100.0 132.0 126.5
v 99.5 132.0 130.0
v 99.5 132.0 131.0
v 100.0 132.0 131.5
v 100.0 133.0 126.5
v 99.5 133.0 127.0
v 99.5 133.0 128.0
v 100.0 133.0 128.5
v 100.0 132.5 129.0
v 100.0 132.5 130.0
v 100.0 132.5 131.0
v 100.0 133.5 127.0
v 100.0 133.5 128.0
v 100.5 92.0 127.0
v 100.5 92.0 128.0
v 100.5 92.0 129.0
v 100.5 93.0 126.0
v 101.0 93.0 126.5
v 101.0 92.5 127.0
v 101.0 92.5 128.0
v 101.0 92.5 129.0
v 101.0 92.5 130.0
v 101.0 92.5 131.0
v 101.0 93.0 131.5
v 101.0 93.0 133.5
v 101.0 92.5 134.0
v 101.0 93.0 134.5
v 100.5 94.0 126.0
v 101.0 94.0 126.5
v 101.0 93.5 132.0
v 101.0 93.5 133.0
v 101.0 94.0 134.5
v 100.5 95.0 126.0
v 101.0 95.0 126.5
v 101.0 94.5 135.0
v 101.0 94.5 136.0
v 101.0 95.0 136.5
v 100.5 96.0 126.0
v 101.0 96.0 126.5
v 101.0 95.5 129.0
v 101.0 96.0 128.5
v 100.5 96.0 130.0
v 101.0 95.5 130.0
v 101.0 96.0 130.5
v 100.5 96.0 135.0
v 101.0 95.5 135.0
v 101.0 96.0 134.5
v 101.0 95.5 136.0
v 100.5 97.0 127.0
v 101.0 96.5 127.0
v 101.0 96.5 128.0
v 101.0 96.5 131.0
v 101.0 97.0 131.5
v 101.0 97.0 134.5
v 101.0 97.5 132.0
v 100.5 98.0 133.0
v 101.0 97.5 133.0
v 100.5 98.0 134.0
v 101.0 97.5 134.0
v 100.5 100.0 119.0
v 100.5 101.0 142.0
v 101.0 101.0 141.5
v 101.0 100.5 142.0
v 101.0 101.0 142.5
v 101.0 101.5 142.0
v 100.5 103.0 114.0
v 101.0 103.0 113.5
v 101.0 102.5 114.0
v 101.0 103.0 114.5
v 101.0 103.5 114.0
v 100.5 106.0 111.0
v 101.0 106.0 110.5
v 101.0 105.5 111.0
v 101.0 105.5 112.0
v 100.5 106.0 112.0
v 101.0 106.0 112.5
v 101.0 107.0 110.5
v 101.0 107.0 112.5
v 100.5 107.0 113.0
v 101.0 107.5 111.0
v 100.5 108.0 111.0
v 101.0 108.0 111.5
v 101.0 107.5 113.0
v 101.0 108.0 113.5
v 101.0 109.0 111.5
v 101.0 109.0 113.5
v 101.0 110.0 111.5
v 100.5 110.0 113.0
v 101.0 109.5 113.0
v 101.0 110.0 112.5
v 101.0 111.0 111.5
v 101.0 111.0 112.5
v 101.0 112.0 111.5
v 101.0 111.5 113.0
v 101.0 112.0 113.5
v 101.0 113.0 111.5
v 101.0 113.0 113.5
v 101.0 114.0 111.5
v 100.5 114.0 114.0
v 101.0 114.0 113.5
v 101.0 115.0 111.5
v 101.0 114.5 114.0
v 100.5 115.0 115.0
v 101.0 115.0 114.5
v 101.0 116.0 111.5
v 100.5 116.0 115.0
v 101.0 116.0 114.5
v 101.0 117.0 111.5
v 101.0 116.5 115.0
v 100.5 117.0 116.0
v 101.0 117.0 115.5
v 101.0 117.5 112.0
v 100.5 118.0 112.0
v 101.0 118.0 112.5
v 101.0 117.5 116.0
v 101.0 118.0 116.5
v 101.0 119.0 112.5
v 100.5 119.0 115.0
v 101.0 118.5 117.0
v 100.5 119.0 117.0
v 101.0 119.0 117.5
v 101.0 120.0 112.5
v 100.5 120.0 116.0
v 100.5 120.0 117.0
v 101.0 120.0 117.5
v 101.0 121.0 112.5
v 100.5 121.0 116.0
v 100.5 121.0 117.0
v 101.0 121.0 117.5
v 101.0 122.0 112.5
v 101.0 121.5 116.0
v 101.0 122.0 115.5
v 101.0 121.5 117.0
v 100.5 122.0 132.0
v 101.0 122.0 132.5
v 101.0 121.5 133.0
v 100.5 122.0 134.0
v 101.0 122.0 133.5
v 101.0 122.5 113.0
v 100.5 123.0 113.0
v 101.0 123.0 113.5
v 101.0 123.0 115.5
v 101.0 123.0 125.5
v 101.0 122.5 126.0
v 101.0 122.5 127.0
v 101.0 122.5 128.0
v 101.0 123.0 128.5
v 100.5 123.0 131.0
v 101.0 123.0 131.5
v 101.0 122.5 132.0
v 101.0 122.5 134.0
v 101.0 123.0 134.5
v 100.5 124.0 113.0
v 101.0 124.0 113.5
v 101.0 124.0 115.5
v 100.5 124.0 124.0
v 101.0 124.0 124.5
v 101.0 123.5 125.0
v 101.0 123.5 129.0
v 101.0 123.5 130.0
v 101.0 123.5 131.0
v 101.0 123.5 135.0
v 101.0 124.0 135.5
v 100.5 125.0 113.0
v 101.0 125.0 113.5
v 100.5 125.0 116.0
v 101.0 125.0 115.5
v 101.0 125.0 123.5
v 101.0 124.5 124.0
v 101.0 124.5 135.0
v 101.0 125.0 134.5
v 100.5 126.0 113.0
v 101.0 126.0 113.5
v 101.0 125.5 116.0
v 101.0 126.0 116.5
v 100.5 126.0 120.0
v 100.5 126.0 122.0
v 101.0 125.5 124.0
v 101.0 125.5 125.0
v 101.0 126.0 125.5
v 101.0 126.0 134.5
v 101.0 127.0 113.5
v 101.0 127.0 116.5
v 100.5 127.0 121.0
v 100.5 127.0 122.0
v 100.5 127.0 126.0
v 101.0 127.0 125.5
v 101.0 126.5 134.0
v 101.0 127.0 133.5
v 101.0 128.0 113.5
v 100.5 128.0 116.0
v 101.0 127.5 116.0
v 101.0 128.0 115.5
v 101.0 127.5 126.0
v 101.0 128.0 126.5
v 101.0 128.0 133.5
v 101.0 128.5 114.0
v 100.5 129.0 114.0
v 100.5 129.0 115.0
v 101.0 128.5 115.0
v 101.0 129.0 126.5
v 101.0 129.0 133.5
v 101.0 130.0 126.5
v 100.5 130.0 132.0
v 101.0 129.5 132.0
v 101.0 130.0 131.5
v 101.0 129.5 133.0
v 101.0 131.0 126.5
v 101.0 131.0 131.5
v 101.0 131.5 127.0
v 100.5 132.0 127.0
v 101.0 132.0 127.5
v 101.0 132.0 131.5
v 100.5 133.0 127.0
v 101.0 132.5 128.0
v 100.5 133.0 128.0
v 101.0 132.5 129.0
v 101.0 132.5 130.0
v 100.5 133.0 131.0
v 101.0 133.0 130.5
v 101.0 133.0 131.5
v 101.0 133.5 131.0
v 101.5 93.0 127.0
v 102.0 93.0 127.5
v 102.0 92.5 128.0
v 102.0 92.5 129.0
v 102.0 92.5 130.0
v 102.0 92.5 131.0
v 102.0 92.5 132.0
v 101.5 93.0 132.0
v 102.0 92.5 133.0
v 101.5 93.0 133.0
v 102.0 92.5 134.0
v 102.0 93.0 134.5
v 101.5 94.0 127.0
v 102.0 94.0 127.5
v 102.0 94.0 134.5
v 101.5 95.0 127.0
v 102.0 94.5 128.0
v 101.5 95.0 128.0
v 101.5 95.0 129.0
v 102.0 94.5 129.0
v 101.5 95.0 130.0
v 102.0 94.5 130.0
v 101.5 95.0 131.0
v 102.0 94.5 131.0
v 102.0 95.0 131.5
v 102.0 94.5 135.0
v 101.5 95.0 136.0
v 102.0 95.0 135.5
v 101.5 96.0 127.0
v 101.5 96.0 128.0
v 101.5 96.0 131.0
v 102.0 96.0 131.5
v 102.0 95.5 135.0
v 102.0 96.0 134.5
v 101.5 97.0 132.0
v 102.0 96.5 132.0
v 101.5 97.0 133.0
v 102.0 96.5 133.0
v 101.5 97.0 134.0
v 102.0 96.5 134.0
v 102.0 101.0 141.5
v 102.0 100.5 142.0
v 102.0 101.0 142.5
v 101.5 102.0 142.0
v 102.0 102.0 141.5
v 102.0 102.0 142.5
v 101.5 103.0 114.0
v 102.0 102.5 142.0
v 102.0 103.0 142.5
v 101.5 103.0 143.0
v 102.0 102.5 143.0
v 102.0 103.0 143.5
v 101.5 104.0 112.0
v 102.0 104.0 111.5
v 102.0 103.5 112.0
v 102.0 104.0 112.5
v 102.0 103.5 143.0
v 101.5 105.0 112.0
v 102.0 105.0 111.5
v 102.0 105.0 112.5
v 101.5 106.0 111.0
v 102.0 106.0 111.5
v 102.0 106.0 112.5
v 101.5 107.0 111.0
v 102.0 107.0 111.5
v 102.0 107.0 112.5
v 102.0 108.0 111.5
v 101.5 108.0 113.0
v 102.0 108.0 112.5
v 102.0 109.0 111.5
v 101.5 109.0 113.0
v 102.0 109.0 112.5
v 102.0 109.5 112.0
v 101.5 110.0 112.0
v 101.5 111.0 112.0
v 101.5 112.0 112.0
v 101.5 112.0 113.0
v 101.5 113.0 112.0
v 101.5 113.0 113.0
v 102.0 114.0 111.5
v 102.0 113.5 112.0
v 102.0 113.5 113.0
v 102.0 114.0 113.5
v 102.0 115.0 111.5
v 101.5 115.0 114.0
v 102.0 115.0 113.5
v 102.0 116.0 111.5
v 101.5 116.0 114.0
v 102.0 116.0 113.5
v 102.0 116.5 112.0
v 101.5 117.0 112.0
v 102.0 117.0 112.5
v 101.5 117.0 114.0
v 102.0 117.0 113.5
v 101.5 117.0 115.0
v 101.5 118.0 113.0
v 102.0 117.5 113.0
v 102.0 117.5 114.0
v 102.0 118.0 113.5
v 102.0 118.0 114.5
v 101.5 118.0 115.0
v 101.5 118.0 116.0
v 101.5 119.0 113.0
v 102.0 119.0 113.5
v 102.0 118.5 115.0
v 102.0 118.5 116.0
v 102.0 118.5 117.0
v 102.0 119.0 117.5
v 102.0 120.0 112.5
v 102.0 119.5 113.0
v 102.0 120.0 117.5
v 102.0 121.0 112.5
v 102.0 121.0 117.5
v 102.0 122.0 112.5
v 102.0 121.5 116.0
v 102.0 122.0 115.5
v 102.0 121.5 117.0
v 101.5 122.0 133.0
v 102.0 122.5 113.0
v 102.0 123.0 113.5
v 102.0 123.0 115.5
v 101.5 123.0 126.0
v 101.5 123.0 127.0
v 101.5 123.0 128.0
v 101.5 123.0 132.0
v 101.5 123.0 133.0
v 101.5 123.0 134.0
v 102.0 124.0 113.5
v 102.0 124.0 115.5
v 101.5 124.0 124.0
v 102.0 124.0 123.5
v 102.0 123.5 124.0
v 102.0 123.5 125.0
v 102.0 123.5 126.0
v 102.0 123.5 127.0
v 102.0 123.5 128.0
v 102.0 123.5 129.0
v 101.5 124.0 130.0
v 102.0 124.0 129.5
v 101.5 124.0 131.0
v 102.0 124.0 131.5
v 102.0 123.5 132.0
v 102.0 123.5 133.0
v 102.0 123.5 134.0
v 101.5 124.0 135.0
v 102.0 124.0 134.5
v 102.0 125.0 113.5
v 102.0 125.0 115.5
v 102.0 125.0 123.5
v 102.0 124.5 130.0
v 102.0 125.0 130.5
v 101.5 125.0 131.0
v 102.0 125.0 131.5
v 102.0 125.0 134.5
v 102.0 125.5 114.0
v 101.5 126.0 114.0
v 102.0 126.0 114.5
v 102.0 125.5 116.0
v 102.0 126.0 116.5
v 101.5 126.0 124.0
v 102.0 126.0 123.5
v 101.5 126.0 125.0
v 102.0 125.5 131.0
v 101.5 126.0 134.0
v 102.0 125.5 134.0
v 102.0 126.0 133.5
v 101.5 127.0 114.0
v 102.0 127.0 114.5
v 102.0 127.0 116.5
v 101.5 127.0 124.0
v 102.0 127.0 123.5
v 101.5 127.0 125.0
v 101.5 127.0 133.0
v 102.0 126.5 133.0
v 102.0 127.0 132.5
v 101.5 128.0 114.0
v 102.0 127.5 115.0
v 101.5 128.0 115.0
v 102.0 127.5 116.0
v 102.0 127.5 124.0
v 102.0 127.5 125.0
v 102.0 127.5 126.0
v 102.0 128.0 126.5
v 101.5 128.0 132.0
v 102.0 127.5 132.0
v 102.0 128.0 131.5
v 101.5 128.0 133.0
v 102.0 129.0 126.5
v 102.0 128.5 132.0
v 102.0 129.0 132.5
v 101.5 129.0 133.0
v 102.0 130.0 126.5
v 102.0 129.5 132.0
v 102.0 130.0 131.5
v 102.0 131.0 126.5
v 102.0 131.0 131.5
v 102.0 131.5 127.0
v 102.0 132.0 127.5
v 102.0 132.0 131.5
v 102.0 132.5 128.0
v 102.0 132.5 129.0
v 102.0 132.5 130.0
v 102.0 133.0 130.5
v 102.0 133.0 131.5
v 102.0 133.5 131.0
v 102.5 93.0 128.0
v 103.0 93.0 128.5
v 103.0 92.5 129.0
v 103.0 92.5 130.0
v 102.5 93.0 131.0
v 103.0 93.0 130.5
v 102.5 93.0 132.0
v 103.0 93.0 132.5
v 103.0 92.5 133.0
v 103.0 92.5 134.0
v 103.0 93.0 134.5
v 102.5 94.0 128.0
v 103.0 94.0 128.5
v 102.5 94.0 130.0
v 103.0 93.5 130.0
v 103.0 94.0 129.5
v 102.5 94.0 131.0
v 103.0 94.0 131.5
v 103.0 93.5 132.0
v 103.0 94.0 134.5
v 103.0 94.5 129.0
v 103.0 95.0 131.5
v 102.5 95.0 135.0
v 103.0 95.0 134.5
v 103.0 95.5 132.0
v 102.5 96.0 132.0
v 103.0 96.0 132.5
v 102.5 96.0 134.0
v 103.0 95.5 134.0
v 103.0 96.0 133.5
v 103.0 96.5 133.0
v 103.0 101.0 141.5
v 103.0 100.5 142.0
v 103.0 101.0 142.5
v 102.5 102.0 141.0
v 103.0 102.0 140.5
v 103.0 101.5 141.0
v 103.0 102.0 142.5
v 102.5 103.0 141.0
v 103.0 103.0 140.5
v 102.5 103.0 142.0
v 102.5 102.5 142.5
v 103.0 102.5 143.0
v 103.0 103.0 143.5
v 102.5 104.0 112.0
v 103.0 103.5 141.0
v 103.0 103.5 142.0
v 103.0 103.5 143.0
v 103.0 105.0 111.5
v 103.0 104.5 112.0
v 103.0 105.0 112.5
v 103.0 106.0 111.5
v 103.0 106.0 112.5
v 103.0 107.0 111.5
v 103.0 107.0 112.5
v 103.0 107.5 112.0
v 102.5 108.0 112.0
v 102.5 109.0 112.0
v 102.5 114.0 112.0
v 102.5 114.0 113.0
v 102.5 115.0 112.0
v 102.5 115.0 113.0
v 102.5 116.0 112.0
v 102.5 116.0 113.0
v 102.5 117.0 113.0
v 102.5 118.0 114.0
v 103.0 119.0 113.5
v 103.0 118.5 114.0
v 103.0 118.5 115.0
v 103.0 118.5 116.0
v 102.5 119.0 117.0
v 103.0 119.0 116.5
v 102.5 120.0 113.0
v 103.0 120.0 113.5
v 103.0 119.5 117.0
v 103.0 120.0 117.5
v 103.0 121.0 112.5
v 103.0 120.5 113.0
v 103.0 121.0 117.5
v 103.0 122.0 112.5
v 102.5 122.0 116.0
v 103.0 122.0 116.5
v 103.0 121.5 117.0
v 102.5 123.0 113.0
v 103.0 123.0 112.5
v 103.0 122.5 116.0
v 103.0 123.0 115.5
v 103.0 123.5 113.0
v 103.0 123.5 114.0
v 102.5 124.0 114.0
v 103.0 124.0 114.5
v 103.0 124.0 115.5
v 103.0 124.0 123.5
v 103.0 123.5 124.0
v 103.0 123.5 125.0
v 103.0 123.5 126.0
v 103.0 123.5 127.0
v 103.0 123.5 128.0
v 102.5 124.0 129.0
v 103.0 124.0 128.5
v 102.5 124.0 132.0
v 102.5 124.0 133.0
v 102.5 124.0 134.0
v 102.5 125.0 114.0
v 103.0 124.5 115.0
v 102.5 125.0 115.0
v 103.0 125.0 123.5
v 102.5 125.0 129.0
v 103.0 125.0 128.5
v 102.5 125.0 130.0
v 102.5 125.0 132.0
v 102.5 125.0 133.0
v 102.5 125.0 134.0
v 102.5 126.0 115.0
v 102.5 126.0 116.0
v 102.5 126.0 120.0
v 103.0 126.0 119.5
v 103.0 125.5 120.0
v 103.0 126.0 120.5
v 102.5 126.0 122.0
v 103.0 126.0 121.5
v 103.0 125.5 122.0
v 103.0 125.5 123.0
v 102.5 126.0 123.0
v 103.0 125.5 129.0
v 103.0 125.5 130.0
v 102.5 126.0 131.0
v 103.0 126.0 130.5
v 102.5 126.0 132.0
v 102.5 126.0 133.0
v 102.5 127.0 115.0
v 102.5 127.0 116.0
v 103.0 126.5 120.0
v 103.0 127.0 120.5
v 102.5 127.0 121.0
v 103.0 126.5 121.0
v 102.5 127.0 122.0
v 102.5 127.0 123.0
v 102.5 127.0 131.0
v 103.0 127.0 130.5
v 102.5 127.0 132.0
v 103.0 127.5 121.0
v 102.5 128.0 122.0
v 103.0 128.0 121.5
v 102.5 128.0 123.0
v 102.5 128.0 124.0
v 102.5 128.0 125.0
v 102.5 128.0 126.0
v 102.5 128.0 131.0
v 103.0 128.0 130.5
v 103.0 128.5 122.0
v 103.0 128.5 123.0
v 103.0 128.5 124.0
v 102.5 129.0 125.0
v 103.0 129.0 124.5
v 102.5 129.0 126.0
v 103.0 128.5 131.0
v 102.5 129.0 132.0
v 103.0 129.0 131.5
v 102.5 130.0 125.0
v 103.0 130.0 124.5
v 102.5 130.0 126.0
v 102.5 130.0 132.0
v 103.0 129.5 132.0
v 103.0 130.0 132.5
v 103.0 130.5 125.0
v 102.5 131.0 126.0
v 103.0 131.0 125.5
v 102.5 131.0 132.0
v 103.0 131.0 132.5
v 103.0 131.5 126.0
v 103.0 131.5 127.0
v 102.5 132.0 128.0
v 103.0 131.5 128.0
v 103.0 132.0 128.5
v 102.5 132.0 132.0
v 103.0 132.0 132.5
v 103.0 132.5 129.0
v 102.5 133.0 130.0
v 103.0 133.0 129.5
v 103.0 132.5 132.0
v 103.0 133.0 131.5
v 103.0 133.5 130.0
v 103.0 133.5 131.0
v 102.5 193.0 121.0
v 103.0 193.0 120.5
v 103.0 192.5 121.0
v 103.0 193.0 121.5
v 103.0 193.5 121.0
v 103.5 92.0 129.0
v 104.0 92.0 128.5
v 104.0 91.5 129.0
v 104.0 92.0 129.5
v 104.0 93.0 128.5
v 104.0 92.5 130.0
v 104.0 93.0 130.5
v 104.0 93.0 132.5
v 104.0 92.5 133.0
v 103.5 93.0 134.0
v 104.0 93.0 133.5
v 104.0 93.5 129.0
v 103.5 94.0 129.0
v 104.0 93.5 130.0
v 104.0 94.0 131.5
v 104.0 93.5 132.0
v 103.5 94.0 134.0
v 104.0 94.0 133.5
v 104.0 94.5 132.0
v 103.5 95.0 132.0
v 104.0 95.0 132.5
v 103.5 95.0 134.0
v 104.0 95.0 133.5
v 104.0 96.0 132.5
v 104.0 96.0 133.5
v 104.0 96.5 133.0
v 104.0 101.0 141.5
v 104.0 100.5 142.0
v 104.0 101.0 142.5
v 103.5 102.0 140.0
v 104.0 102.0 139.5
v 104.0 101.5 140.0
v 104.0 101.5 141.0
v 104.0 102.0 142.5
v 103.5 103.0 140.0
v 104.0 103.0 139.5
v 104.0 102.5 143.0
v 104.0 103.0 143.5
v 103.5 104.0 140.0
v 104.0 104.0 139.5
v 103.5 104.0 141.0
v 103.5 104.0 142.0
v 103.5 104.0 143.0
v 104.0 104.0 143.5
v 103.5 105.0 112.0
v 104.0 104.5 140.0
v 103.5 105.0 141.0
v 104.0 105.0 140.5
v 103.5 105.0 142.0
v 103.5 105.0 143.0
v 104.0 105.0 143.5
v 103.5 106.0 112.0
v 104.0 105.5 141.0
v 104.0 105.5 142.0
v 104.0 105.5 143.0
v 103.5 107.0 112.0
v 103.5 119.0 114.0
v 103.5 119.0 115.0
v 103.5 119.0 116.0
v 104.0 120.0 113.5
v 104.0 119.5 114.0
v 104.0 120.0 114.5
v 103.5 120.0 115.0
v 103.5 120.0 116.0
v 104.0 119.5 117.0
v 104.0 120.0 116.5
v 104.0 120.0 117.5
v 103.5 121.0 113.0
v 104.0 121.0 113.5
v 104.0 120.5 115.0
v 104.0 120.5 116.0
v 104.0 120.5 118.0
v 103.5 121.0 118.0
v 104.0 121.0 118.5
v 103.5 122.0 113.0
v 104.0 122.0 113.5
v 103.5 122.0 117.0
v 104.0 122.0 117.5
v 104.0 121.5 118.0
v 103.5 123.0 113.0
v 104.0 123.0 113.5
v 104.0 122.5 116.0
v 104.0 123.0 115.5
v 104.0 122.5 117.0
v 104.0 123.5 114.0
v 103.5 124.0 115.0
v 104.0 123.5 115.0
v 103.5 124.0 123.0
v 104.0 124.0 122.5
v 104.0 123.5 123.0
v 104.0 123.5 124.0
v 104.0 123.5 125.0
v 104.0 123.5 126.0
v 104.0 123.5 127.0
v 103.5 124.0 128.0
v 104.0 124.0 127.5
v 103.5 125.0 122.0
v 104.0 125.0 121.5
v 104.0 124.5 122.0
v 103.5 125.0 123.0
v 104.0 124.5 128.0
v 104.0 125.0 128.5
v 104.0 126.0 119.5
v 104.0 125.5 120.0
v 104.0 125.5 121.0
v 103.5 126.0 121.0
v 104.0 125.5 129.0
v 103.5 126.0 130.0
v 104.0 126.0 129.5
v 103.5 127.0 120.0
v 104.0 127.0 119.5
v 103.5 127.0 130.0
v 104.0 127.0 129.5
v 104.0 127.5 120.0
v 104.0 127.5 121.0
v 104.0 128.0 121.5
v 103.5 128.0 123.0
v 104.0 127.5 123.0
v 104.0 128.0 122.5
v 104.0 128.0 123.5
v 104.0 127.5 130.0
v 104.0 128.0 130.5
v 103.5 129.0 122.0
v 104.0 129.0 121.5
v 104.0 129.0 122.5
v 104.0 128.5 124.0
v 104.0 129.0 124.5
v 103.5 129.0 131.0
v 104.0 129.0 130.5
v 103.5 130.0 122.0
v 104.0 130.0 121.5
v 104.0 129.5 123.0
v 103.5 130.0 123.0
v 104.0 129.5 124.0
v 103.5 130.0 124.0
v 104.0 129.5 131.0
v 103.5 130.0 132.0
v 104.0 130.0 131.5
v 104.0 130.5 122.0
v 103.5 131.0 123.0
v 104.0 131.0 122.5
v 103.5 131.0 124.0
v 103.5 131.0 125.0
v 104.0 130.5 132.0
v 104.0 131.0 132.5
v 104.0 131.5 123.0
v 104.0 131.5 124.0
v 104.0 131.5 125.0
v 104.0 131.5 126.0
v 104.0 131.5 127.0
v 104.0 131.5 128.0
v 103.5 132.0 129.0
v 104.0 131.5 129.0
v 104.0 132.0 129.5
v 104.0 132.0 132.5
v 104.0 133.0 129.5
v 104.0 132.5 132.0
v 104.0 133.0 131.5
v 104.0 133.5 130.0
v 104.0 133.5 131.0
v 104.0 193.0 120.5
v 104.0 192.5 121.0
v 104.0 193.0 121.5
v 104.0 193.5 121.0
v 104.5 92.0 129.0
v 105.0 93.0 128.5
v 105.0 92.5 129.0
v 104.5 93.0 130.0
v 105.0 93.0 129.5
v 105.0 92.5 131.0
v 105.0 93.0 130.5
v 104.5 93.0 131.0
v 105.0 92.5 132.0
v 104.5 93.0 132.0
v 105.0 93.0 132.5
v 104.5 93.0 133.0
v 105.0 93.5 129.0
v 105.0 93.5 131.0
v 105.0 94.0 131.5
v 105.0 94.0 132.5
v 104.5 93.5 132.5
v 104.5 94.0 133.0
v 105.0 94.5 132.0
v 104.5 94.5 132.5
v 105.0 94.5 133.0
v 105.0 95.0 132.5
v 105.0 95.0 133.5
v 105.0 95.5 133.0
v 104.5 96.0 133.0
v 104.5 101.0 142.0
v 105.0 102.0 139.5
v 105.0 101.5 140.0
v 105.0 101.5 141.0
v 105.0 101.5 142.0
v 105.0 102.0 142.5
v 105.0 103.0 139.5
v 105.0 102.5 143.0
v 105.0 103.0 143.5
v 105.0 104.0 139.5
v 105.0 104.0 143.5
v 104.5 105.0 140.0
v 105.0 105.0 139.5
v 105.0 105.0 143.5
v 104.5 106.0 140.0
v 105.0 106.0 139.5
v 104.5 106.0 141.0
v 104.5 106.0 142.0
v 104.5 106.0 143.0
v 105.0 106.0 143.5
v 104.5 107.0 140.0
v 105.0 107.0 139.5
v 104.5 107.0 141.0
v 104.5 107.0 142.0
v 104.5 107.0 143.0
v 105.0 107.0 143.5
v 105.0 107.5 140.0
v 105.0 107.5 141.0
v 105.0 107.5 142.0
v 105.0 107.5 143.0
v 104.5 120.0 114.0
v 104.5 120.0 117.0
v 104.5 121.0 114.0
v 104.5 121.0 115.0
v 104.5 121.0 116.0
v 105.0 121.0 116.5
v 105.0 120.5 117.0
v 104.5 121.0 118.0
v 105.0 121.0 117.5
v 104.5 122.0 114.0
v 105.0 122.0 114.5
v 105.0 121.5 115.0
v 105.0 121.5 116.0
v 105.0 122.0 117.5
v 104.5 123.0 114.0
v 105.0 122.5 115.0
v 104.5 123.0 115.0
v 105.0 122.5 116.0
v 105.0 122.5 117.0
v 105.0 124.0 122.5
v 105.0 123.5 123.0
v 105.0 123.5 124.0
v 105.0 123.5 125.0
v 105.0 123.5 126.0
v 105.0 123.5 127.0
v 105.0 124.0 127.5
v 105.0 125.0 121.5
v 105.0 124.5 122.0
v 105.0 124.5 128.0
v 105.0 125.0 128.5
v 105.0 126.0 119.5
v 105.0 125.5 120.0
v 105.0 125.5 121.0
v 105.0 125.5 129.0
v 105.0 126.0 129.5
v 105.0 127.0 119.5
v 105.0 127.0 129.5
v 105.0 127.5 120.0
v 105.0 127.5 121.0
v 105.0 128.0 121.5
v 105.0 127.5 123.0
v 105.0 128.0 122.5
v 104.5 128.0 124.0
v 105.0 127.5 124.0
v 104.5 128.0 125.0
v 105.0 127.5 125.0
v 105.0 128.0 125.5
v 104.5 128.0 130.0
v 105.0 128.0 129.5
v 105.0 128.5 122.0
v 104.5 129.0 122.0
v 104.5 129.0 125.0
v 105.0 129.0 125.5
v 105.0 128.5 130.0
v 105.0 129.0 130.5
v 105.0 130.0 121.5
v 105.0 129.5 122.0
v 105.0 129.5 123.0
v 105.0 129.5 124.0
v 105.0 129.5 125.0
v 104.5 130.0 131.0
v 105.0 130.0 130.5
v 105.0 130.5 122.0
v 105.0 131.0 122.5
v 105.0 130.5 131.0
v 105.0 130.5 132.0
v 105.0 131.0 132.5
v 105.0 131.5 123.0
v 105.0 131.5 124.0
v 105.0 131.5 125.0
v 105.0 131.5 126.0
v 105.0 131.5 127.0
v 105.0 131.5 128.0
v 105.0 131.5 129.0
v 104.5 132.0 130.0
v 105.0 131.5 130.0
v 105.0 132.0 130.5
v 105.0 132.0 132.5
v 104.5 133.0 130.0
v 105.0 132.5 131.0
v 104.5 133.0 131.0
v 105.0 132.5 132.0
v 104.5 193.0 121.0
v 105.5 92.0 132.0
v 106.0 92.0 131.5
v 106.0 91.5 132.0
v 106.0 92.0 132.5
v 105.5 93.0 129.0
v 106.0 93.0 130.5
v 106.0 92.5 131.0
v 106.0 92.5 133.0
v 105.5 93.0 133.0
v 106.0 93.0 133.5
v 106.0 93.5 131.0
v 106.0 94.0 131.5
v 105.5 94.0 133.0
v 106.0 94.0 133.5
v 105.5 95.0 132.0
v 106.0 95.0 131.5
v 106.0 95.0 133.5
v 106.0 95.5 132.0
v 105.5 96.0 133.0
v 106.0 96.0 132.5
v 106.0 96.0 133.5
v 106.0 96.5 133.0
v 105.5 102.0 140.0
v 105.5 102.0 141.0
v 106.0 102.0 141.5
v 106.0 101.5 142.0
v 106.0 102.0 142.5
v 106.0 103.0 139.5
v 106.0 102.5 140.0
v 106.0 102.5 141.0
v 105.5 103.0 143.0
v 106.0 103.0 142.5
v 106.0 104.0 139.5
v 106.0 103.5 143.0
v 106.0 104.0 143.5
v 106.0 105.0 139.5
v 106.0 105.0 143.5
v 106.0 106.0 139.5
v 106.0 106.0 143.5
v 106.0 107.0 139.5
v 106.0 107.0 143.5
v 106.0 107.5 140.0
v 106.0 107.5 141.0
v 106.0 107.5 142.0
v 106.0 107.5 143.0
v 105.5 121.0 117.0
v 105.5 122.0 115.0
v 105.5 122.0 116.0
v 105.5 122.0 117.0
v 105.5 123.0 123.0
v 106.0 123.0 122.5
v 106.0 122.5 123.0
v 106.0 122.5 124.0
v 105.5 123.0 124.0
v 106.0 122.5 125.0
v 105.5 123.0 125.0
v 106.0 123.0 125.5
v 106.0 124.0 122.5
v 106.0 123.5 126.0
v 106.0 123.5 127.0
v 106.0 124.0 127.5
v 106.0 125.0 121.5
v 106.0 124.5 122.0
v 105.5 125.0 128.0
v 106.0 125.0 127.5
v 106.0 126.0 119.5
v 106.0 125.5 120.0
v 106.0 125.5 121.0
v 106.0 125.5 128.0
v 106.0 125.5 129.0
v 106.0 126.0 129.5
v 105.5 127.0 119.0
v 106.0 127.0 118.5
v 106.0 126.5 119.0
v 106.0 127.0 129.5
v 106.0 127.5 119.0
v 105.5 128.0 120.0
v 106.0 128.0 119.5
v 105.5 128.0 121.0
v 105.5 128.0 123.0
v 105.5 128.0 124.0
v 106.0 128.0 124.5
v 106.0 127.5 125.0
v 106.0 128.0 125.5
v 106.0 128.0 129.5
v 106.0 128.5 120.0
v 106.0 128.5 121.0
v 105.5 129.0 122.0
v 106.0 129.0 121.5
v 105.5 129.0 123.0
v 105.5 129.0 124.0
v 106.0 129.0 124.5
v 106.0 128.5 126.0
v 105.5 129.0 126.0
v 106.0 129.0 126.5
v 105.5 129.0 130.0
v 106.0 129.0 129.5
v 105.5 130.0 120.0
v 106.0 130.0 119.5
v 106.0 129.5 120.0
v 106.0 129.5 121.0
v 105.5 130.0 121.0
v 106.0 129.5 125.0
v 106.0 129.5 126.0
v 105.5 130.0 130.0
v 106.0 130.0 129.5
v 105.5 130.0 132.0
v 106.0 130.0 131.5
v 106.0 129.5 132.0
v 106.0 130.0 132.5
v 106.0 130.5 120.0
v 106.0 130.5 121.0
v 105.5 131.0 122.0
v 106.0 131.0 121.5
v 105.5 131.0 130.0
v 106.0 131.0 129.5
v 105.5 131.0 131.0
v 106.0 131.0 131.5
v 106.0 131.0 132.5
v 106.0 131.5 122.0
v 106.0 131.5 123.0
v 106.0 131.5 124.0
v 106.0 131.5 125.0
v 106.0 131.5 126.0
v 106.0 131.5 127.0
v 106.0 131.5 128.0
v 106.0 131.5 129.0
v 105.5 132.0 131.0
v 106.0 131.5 132.0
v 105.5 132.0 132.0
v 106.5 92.0 132.0
v 106.5 93.0 131.0
v 107.0 93.0 131.5
v 107.0 92.5 132.0
v 107.0 92.5 133.0
v 107.0 93.0 133.5
v 107.0 94.0 131.5
v 107.0 93.5 134.0
v 106.5 94.0 134.0
v 107.0 94.0 134.5
v 107.0 95.0 131.5
v 107.0 94.5 134.0
v 107.0 95.0 133.5
v 106.5 96.0 132.0
v 107.0 96.0 131.5
v 107.0 96.0 133.5
v 107.0 96.5 132.0
v 107.0 96.5 133.0
v 107.0 102.0 141.5
v 107.0 101.5 142.0
v 107.0 102.0 142.5
v 106.5 103.0 113.0
v 107.0 103.0 112.5
v 107.0 102.5 113.0
v 107.0 103.0 113.5
v 107.0 103.0 139.5
v 107.0 102.5 140.0
v 107.0 102.5 141.0
v 107.0 103.0 142.5
v 106.5 104.0 112.0
v 107.0 104.0 111.5
v 107.0 103.5 112.0
v 106.5 104.0 113.0
v 107.0 103.5 114.0
v 106.5 104.0 114.0
v 107.0 104.0 114.5
v 106.5 104.0 139.0
v 107.0 104.0 138.5
v 107.0 103.5 139.0
v 106.5 104.0 143.0
v 107.0 104.0 142.5
v 107.0 104.5 112.0
v 107.0 104.5 113.0
v 107.0 104.5 114.0
v 106.5 105.0 139.0
v 107.0 105.0 138.5
v 107.0 104.5 143.0
v 107.0 105.0 143.5
v 106.5 106.0 139.0
v 107.0 106.0 138.5
v 107.0 106.0 143.5
v 106.5 107.0 139.0
v 107.0 107.0 138.5
v 106.5 107.0 143.0
v 107.0 106.5 143.0
v 107.0 107.0 142.5
v 107.0 107.5 139.0
v 106.5 108.0 140.0
v 107.0 108.0 139.5
v 107.0 108.0 140.5
v 107.0 107.5 141.0
v 107.0 107.5 142.0
v 107.0 108.5 140.0
v 107.0 123.0 122.5
v 107.0 122.5 123.0
v 107.0 122.5 124.0
v 107.0 122.5 125.0
v 107.0 123.0 125.5
v 106.5 124.0 122.0
v 107.0 124.0 121.5
v 107.0 123.5 122.0
v 107.0 123.5 126.0
v 106.5 124.0 127.0
v 107.0 124.0 126.5
v 107.0 125.0 121.5
v 107.0 124.5 127.0
v 107.0 124.5 128.0
v 106.5 125.0 128.0
v 107.0 125.0 128.5
v 106.5 126.0 119.0
v 107.0 126.0 118.5
v 107.0 125.5 119.0
v 107.0 125.5 120.0
v 107.0 125.5 121.0
v 107.0 125.5 129.0
v 107.0 126.0 129.5
v 107.0 127.0 118.5
v 107.0 127.0 129.5
v 106.5 128.0 119.0
v 107.0 128.0 118.5
v 106.5 128.0 125.0
v 107.0 128.0 129.5
v 107.0 128.5 119.0
v 107.0 128.5 120.0
v 106.5 129.0 121.0
v 107.0 129.0 120.5
v 106.5 129.0 125.0
v 106.5 129.0 126.0
v 107.0 129.0 129.5
v 106.5 130.0 120.0
v 107.0 130.0 120.5
v 106.5 130.0 129.0
v 107.0 129.5 129.0
v 107.0 130.0 128.5
v 106.5 130.0 132.0
v 107.0 130.5 121.0
v 106.5 131.0 122.0
v 107.0 130.5 122.0
v 107.0 131.0 122.5
v 106.5 131.0 126.0
v 107.0 130.5 126.0
v 107.0 131.0 125.5
v 106.5 131.0 127.0
v 107.0 130.5 127.0
v 107.0 131.0 127.5
v 106.5 131.0 129.0
v 107.0 131.0 128.5
v 106.5 131.0 132.0
v 107.0 131.5 123.0
v 107.0 131.5 124.0
v 107.0 131.5 125.0
v 107.0 131.5 128.0
v 107.5 93.0 132.0
v 108.0 93.0 132.5
v 108.0 92.5 133.0
v 108.0 93.0 133.5
v 108.0 94.0 131.5
v 108.0 93.5 132.0
v 108.0 93.5 134.0
v 108.0 94.0 134.5
v 108.0 95.0 131.5
v 107.5 95.0 134.0
v 108.0 94.5 135.0
v 107.5 95.0 135.0
v 108.0 95.0 135.5
v 108.0 96.0 131.5
v 107.5 96.0 134.0
v 108.0 96.0 134.5
v 108.0 95.5 135.0
v 108.0 96.5 132.0
v 108.0 96.5 133.0
v 108.0 96.5 134.0
v 107.5 97.0 136.0
v 108.0 97.0 135.5
v 108.0 96.5 136.0
v 108.0 97.0 136.5
v 108.0 97.5 136.0
v 107.5 102.0 142.0
v 108.0 103.0 112.5
v 108.0 102.5 113.0
v 108.0 102.5 114.0
v 107.5 103.0 114.0
v 108.0 102.5 115.0
v 107.5 103.0 115.0
v 108.0 103.0 115.5
v 108.0 103.0 139.5
v 108.0 102.5 140.0
v 108.0 102.5 141.0
v 107.5 103.0 142.0
v 108.0 103.0 141.5
v 107.5 104.0 112.0
v 108.0 104.0 112.5
v 107.5 104.0 115.0
v 108.0 104.0 115.5
v 108.0 104.0 138.5
v 108.0 103.5 139.0
v 108.0 103.5 142.0
v 108.0 104.0 142.5
v 108.0 104.5 113.0
v 107.5 105.0 114.0
v 108.0 105.0 113.5
v 107.5 105.0 115.0
v 108.0 105.0 115.5
v 108.0 105.0 138.5
v 107.5 105.0 143.0
v 108.0 105.0 142.5
v 108.0 105.5 114.0
v 108.0 105.5 115.0
v 108.0 105.5 139.0
v 107.5 106.0 139.0
v 108.0 106.0 139.5
v 107.5 106.0 143.0
v 108.0 106.0 142.5
v 107.5 107.0 139.0
v 108.0 107.0 139.5
v 108.0 107.0 142.5
v 108.0 108.0 139.5
v 108.0 107.5 141.0
v 108.0 108.0 140.5
v 108.0 107.5 142.0
v 108.0 108.5 140.0
v 107.5 115.0 119.0
v 108.0 115.0 118.5
v 108.0 114.5 119.0
v 108.0 114.5 120.0
v 107.5 115.0 120.0
v 108.0 115.0 120.5
v 107.5 116.0 119.0
v 108.0 116.0 118.5
v 108.0 116.0 119.5
v 108.0 115.5 120.0
v 108.0 116.5 119.0
v 108.0 123.0 122.5
v 108.0 122.5 123.0
v 108.0 122.5 124.0
v 108.0 122.5 125.0
v 108.0 123.0 125.5
v 107.5 124.0 122.0
v 108.0 124.0 122.5
v 108.0 123.5 126.0
v 108.0 124.0 126.5
v 107.5 125.0 118.0
v 108.0 125.0 117.5
v 108.0 124.5 118.0
v 108.0 124.5 119.0
v 107.5 125.0 119.0
v 108.0 124.5 120.0
v 107.5 125.0 120.0
v 108.0 124.5 121.0
v 107.5 125.0 121.0
v 108.0 124.5 122.0
v 108.0 124.5 127.0
v 108.0 124.5 128.0
v 108.0 125.0 128.5
v 107.5 125.0 135.0
v 108.0 125.0 134.5
v 108.0 124.5 135.0
v 108.0 125.0 135.5
v 107.5 126.0 118.0
v 108.0 126.0 117.5
v 108.0 125.5 129.0
v 108.0 126.0 129.5
v 108.0 125.5 135.0
v 107.5 127.0 118.0
v 108.0 127.0 117.5
v 108.0 126.5 130.0
v 107.5 127.0 130.0
v 108.0 127.0 130.5
v 108.0 127.5 118.0
v 108.0 128.0 118.5
v 107.5 128.0 122.0
v 108.0 127.5 122.0
v 108.0 128.0 121.5
v 107.5 128.0 123.0
v 108.0 127.5 123.0
v 107.5 128.0 124.0
v 108.0 127.5 124.0
v 108.0 128.0 124.5
v 107.5 128.0 130.0
v 108.0 128.0 130.5
v 108.0 128.5 119.0
v 108.0 128.5 120.0
v 107.5 129.0 121.0
v 108.0 128.5 121.0
v 107.5 129.0 122.0
v 107.5 129.0 123.0
v 108.0 129.0 123.5
v 108.0 128.5 124.0
v 108.0 128.5 130.0
v 108.0 129.0 129.5
v 107.5 130.0 121.0
v 108.0 130.0 121.5
v 108.0 129.5 122.0
v 108.0 129.5 123.0
v 107.5 130.0 126.0
v 108.0 129.5 126.0
v 108.0 130.0 125.5
v 108.0 130.0 126.5
v 108.0 129.5 129.0
v 108.0 130.0 128.5
v 108.0 130.5 122.0
v 108.0 131.0 122.5
v 107.5 131.0 125.0
v 108.0 130.5 125.0
v 108.0 131.0 124.5
v 108.0 130.5 127.0
v 107.5 131.0 128.0
v 108.0 130.5 128.0
v 108.0 131.5 123.0
v 108.0 131.5 124.0
v 107.5 190.0 121.0
v 108.0 190.0 120.5
v 108.0 189.5 121.0
v 108.0 190.0 121.5
v 108.0 190.5 121.0
v 109.0 93.0 132.5
v 109.0 92.5 133.0
v 109.0 93.0 133.5
v 109.0 94.0 131.5
v 109.0 93.5 132.0
v 109.0 93.5 134.0
v 109.0 94.0 134.5
v 109.0 95.0 131.5
v 108.5 95.0 135.0
v 109.0 95.0 134.5
v 108.5 96.0 131.0
v 109.0 96.0 130.5
v 109.0 95.5 131.0
v 109.0 96.0 134.5
v 109.0 96.5 131.0
v 108.5 97.0 132.0
v 109.0 97.0 131.5
v 108.5 97.0 133.0
v 109.0 97.0 133.5
v 109.0 96.5 134.0
v 108.5 97.0 136.0
v 109.0 97.5 132.0
v 109.0 97.5 133.0
v 108.5 103.0 113.0
v 109.0 103.0 113.5
v 109.0 102.5 114.0
v 109.0 102.5 115.0
v 109.0 103.0 115.5
v 109.0 103.0 139.5
v 109.0 102.5 140.0
v 109.0 102.5 141.0
v 109.0 103.0 141.5
v 108.5 104.0 113.0
v 109.0 104.0 113.5
v 109.0 103.5 116.0
v 108.5 104.0 116.0
v 109.0 104.0 116.5
v 108.5 104.0 139.0
v 109.0 104.0 139.5
v 108.5 104.0 142.0
v 109.0 104.0 141.5
v 109.0 105.0 113.5
v 108.5 105.0 116.0
v 109.0 105.0 116.5
v 108.5 105.0 139.0
v 109.0 105.0 139.5
v 108.5 105.0 142.0
v 109.0 105.0 141.5
v 108.5 106.0 113.0
v 109.0 106.0 112.5
v 109.0 105.5 113.0
v 108.5 106.0 114.0
v 108.5 106.0 115.0
v 108.5 106.0 116.0
v 109.0 106.0 116.5
v 109.0 106.0 139.5
v 108.5 106.0 142.0
v 109.0 106.0 141.5
v 109.0 106.5 113.0
v 109.0 106.5 114.0
v 108.5 107.0 115.0
v 109.0 107.0 114.5
v 108.5 107.0 116.0
v 109.0 107.0 116.5
v 109.0 107.0 139.5
v 108.5 107.0 142.0
v 109.0 107.0 141.5
v 109.0 107.5 115.0
v 108.5 108.0 116.0
v 109.0 108.0 115.5
v 109.0 108.0 116.5
v 109.0 107.5 140.0
v 108.5 108.0 140.0
v 109.0 107.5 141.0
v 109.0 108.5 116.0
v 109.0 109.0 116.5
v 108.5 109.0 117.0
v 109.0 108.5 117.0
v 109.0 109.0 117.5
v 108.5 110.0 117.0
v 109.0 110.0 116.5
v 109.0 109.5 118.0
v 108.5 110.0 118.0
v 109.0 110.0 118.5
v 108.5 111.0 117.0
v 109.0 111.0 116.5
v 108.5 111.0 118.0
v 109.0 111.0 118.5
v 108.5 112.0 115.0
v 109.0 112.0 114.5
v 109.0 111.5 115.0
v 109.0 111.5 116.0
v 108.5 112.0 116.0
v 108.5 112.0 117.0
v 108.5 112.0 118.0
v 109.0 112.0 118.5
v 108.5 113.0 115.0
v 109.0 113.0 114.5
v 108.5 113.0 116.0
v 109.0 113.0 116.5
v 109.0 112.5 117.0
v 109.0 112.5 118.0
v 108.5 113.0 120.0
v 109.0 113.0 119.5
v 109.0 112.5 120.0
v 109.0 113.0 120.5
v 109.0 113.5 115.0
v 109.0 113.5 116.0
v 108.5 114.0 120.0
v 109.0 114.0 119.5
v 109.0 113.5 121.0
v 108.5 114.0 121.0
v 109.0 114.0 121.5
v 109.0 115.0 118.5
v 109.0 114.5 119.0
v 109.0 114.5 121.0
v 109.0 115.0 120.5
v 109.0 116.0 118.5
v 108.5 116.0 120.0
v 109.0 116.0 120.5
v 109.0 116.5 119.0
v 109.0 116.5 120.0
v 108.5 117.0 135.0
v 109.0 117.0 134.5
v 109.0 116.5 135.0
v 109.0 116.5 136.0
v 108.5 117.0 136.0
v 109.0 117.0 136.5
v 108.5 118.0 134.0
v 109.0 118.0 133.5
v 109.0 117.5 134.0
v 108.5 118.0 135.0
v 108.5 118.0 136.0
v 109.0 118.0 136.5
v 109.0 118.5 134.0
v 108.5 119.0 135.0
v 109.0 119.0 134.5
v 108.5 119.0 136.0
v 109.0 119.0 136.5
v 109.0 119.5 135.0
v 109.0 119.5 136.0
v 108.5 123.0 123.0
v 109.0 123.0 123.5
v 109.0 122.5 124.0
v 109.0 122.5 125.0
v 109.0 123.0 125.5
v 108.5 124.0 123.0
v 109.0 124.0 123.5
v 108.5 124.0 126.0
v 109.0 124.0 125.5
v 109.0 125.0 117.5
v 109.0 124.5 118.0
v 109.0 124.5 119.0
v 109.0 124.5 120.0
v 109.0 124.5 121.0
v 109.0 124.5 122.0
v 109.0 124.5 123.0
v 108.5 125.0 126.0
v 109.0 125.0 125.5
v 108.5 125.0 127.0
v 108.5 125.0 128.0
v 108.5 125.0 135.0
v 109.0 126.0 117.5
v 108.5 126.0 125.0
v 109.0 125.5 125.0
v 109.0 126.0 124.5
v 108.5 126.0 126.0
v 108.5 126.0 127.0
v 109.0 126.0 127.5
v 109.0 125.5 128.0
v 109.0 125.5 129.0
v 109.0 126.0 129.5
v 109.0 127.0 117.5
v 108.5 127.0 123.0
v 109.0 126.5 123.0
v 109.0 127.0 122.5
v 108.5 127.0 124.0
v 109.0 126.5 124.0
v 108.5 127.0 125.0
v 108.5 127.0 126.0
v 108.5 127.0 127.0
v 109.0 127.0 127.5
v 108.5 127.0 130.0
v 109.0 127.0 129.5
v 109.0 127.5 118.0
v 109.0 128.0 118.5
v 109.0 127.5 122.0
v 109.0 128.0 121.5
v 108.5 128.0 125.0
v 108.5 128.0 126.0
v 109.0 128.0 126.5
v 109.0 127.5 127.0
v 108.5 128.0 129.0
v 109.0 127.5 129.0
v 109.0 128.0 128.5
v 108.5 128.0 130.0
v 109.0 128.5 119.0
v 109.0 128.5 120.0
v 109.0 128.5 121.0
v 108.5 129.0 124.0
v 108.5 129.0 125.0
v 108.5 129.0 126.0
v 109.0 128.5 127.0
v 108.5 129.0 127.0
v 108.5 129.0 128.0
v 109.0 128.5 128.0
v 108.5 129.0 129.0
v 108.5 130.0 122.0
v 108.5 130.0 123.0
v 108.5 130.0 124.0
v 108.5 130.0 125.0
v 108.5 130.0 127.0
v 108.5 130.0 128.0
v 108.5 131.0 123.0
v 108.5 131.0 124.0
v 108.5 188.0 121.0
v 109.0 188.0 120.5
v 109.0 187.5 121.0
v 109.0 188.0 121.5
v 108.5 189.0 121.0
v 109.0 189.0 120.5
v 109.0 189.0 121.5
v 109.0 190.0 120.5
v 109.0 189.5 122.0
v 108.5 190.0 122.0
v 109.0 190.0 122.5
v 109.0 190.5 121.0
v 109.0 190.5 122.0
v 109.5 93.0 133.0
v 109.5 94.0 132.0
v 110.0 94.0 132.5
v 110.0 93.5 133.0
v 109.5 94.0 134.0
v 110.0 94.0 133.5
v 109.5 95.0 132.0
v 110.0 95.0 132.5
v 109.5 95.0 134.0
v 110.0 95.0 133.5
v 110.0 96.0 130.5
v 110.0 95.5 131.0
v 110.0 95.5 132.0
v 109.5 96.0 134.0
v 110.0 96.0 133.5
v 109.5 97.0 131.0
v 110.0 97.0 130.5
v 110.0 97.0 133.5
v 109.5 98.0 131.0
v 110.0 98.0 130.5
v 109.5 98.0 132.0
v 110.0 98.0 132.5
v 110.0 97.5 133.0
v 110.0 98.5 131.0
v 110.0 98.5 132.0
v 109.5 100.0 135.0
v 110.0 100.0 134.5
v 110.0 99.5 135.0
v 110.0 99.5 136.0
v 109.5 100.0 136.0
v 110.0 100.0 136.5
v 109.5 101.0 134.0
v 110.0 101.0 133.5
v 110.0 100.5 134.0
v 109.5 101.0 135.0
v 110.0 101.0 135.5
v 110.0 100.5 136.0
v 110.0 101.5 134.0
v 110.0 101.5 135.0
v 110.0 103.0 113.5
v 110.0 102.5 114.0
v 110.0 102.5 115.0
v 110.0 102.5 116.0
v 109.5 103.0 116.0
v 110.0 102.5 117.0
v 109.5 103.0 117.0
v 110.0 103.0 117.5
v 109.5 103.0 140.0
v 109.5 103.0 141.0
v 109.5 104.0 113.0
v 110.0 104.0 112.5
v 110.0 103.5 113.0
v 109.5 104.0 117.0
v 110.0 104.0 117.5
v 109.5 104.0 140.0
v 109.5 104.0 141.0
v 109.5 105.0 113.0
v 110.0 105.0 112.5
v 109.5 105.0 117.0
v 110.0 104.5 118.0
v 109.5 105.0 118.0
v 110.0 105.0 118.5
v 109.5 105.0 140.0
v 109.5 105.0 141.0
v 110.0 106.0 112.5
v 109.5 106.0 117.0
v 109.5 106.0 118.0
v 110.0 106.0 118.5
v 109.5 106.0 140.0
v 109.5 106.0 141.0
v 109.5 107.0 112.0
v 110.0 107.0 111.5
v 110.0 106.5 112.0
v 109.5 107.0 113.0
v 109.5 107.0 114.0
v 109.5 107.0 117.0
v 109.5 107.0 118.0
v 110.0 107.0 118.5
v 109.5 107.0 140.0
v 109.5 107.0 141.0
v 109.5 108.0 112.0
v 110.0 108.0 111.5
v 109.5 108.0 113.0
v 109.5 108.0 114.0
v 109.5 108.0 115.0
v 109.5 108.0 117.0
v 109.5 108.0 118.0
v 110.0 108.0 118.5
v 110.0 108.5 112.0
v 110.0 108.5 113.0
v 110.0 108.5 114.0
v 110.0 108.5 115.0
v 109.5 109.0 116.0
v 110.0 109.0 115.5
v 109.5 109.0 118.0
v 110.0 109.0 118.5
v 110.0 109.5 116.0
v 110.0 110.0 116.5
v 110.0 109.5 119.0
v 109.5 110.0 119.0
v 110.0 110.0 119.5
v 109.5 111.0 116.0
v 110.0 111.0 115.5
v 110.0 110.5 116.0
v 109.5 111.0 119.0
v 110.0 111.0 119.5
v 110.0 112.0 114.5
v 110.0 111.5 115.0
v 109.5 112.0 119.0
v 110.0 111.5 120.0
v 109.5 112.0 120.0
v 110.0 112.0 120.5
v 110.0 113.0 114.5
v 109.5 113.0 117.0
v 109.5 113.0 118.0
v 110.0 113.0 118.5
v 110.0 112.5 119.0
v 110.0 113.0 119.5
v 110.0 113.0 120.5
v 109.5 114.0 115.0
v 110.0 114.0 114.5
v 110.0 114.0 115.5
v 110.0 113.5 116.0
v 110.0 113.5 117.0
v 110.0 113.5 118.0
v 110.0 114.0 119.5
v 110.0 113.5 121.0
v 110.0 114.0 121.5
v 110.0 114.5 115.0
v 110.0 115.0 118.5
v 110.0 114.5 119.0
v 110.0 114.5 121.0
v 110.0 115.0 120.5
v 109.5 116.0 118.0
v 110.0 116.0 117.5
v 110.0 115.5 118.0
v 109.5 116.0 120.0
v 110.0 115.5 120.0
v 110.0 116.0 119.5
v 109.5 116.0 135.0
v 110.0 116.0 134.5
v 110.0 115.5 135.0
v 110.0 115.5 136.0
v 109.5 116.0 136.0
v 110.0 115.5 137.0
v 109.5 116.0 137.0
v 110.0 116.0 137.5
v 109.5 117.0 117.0
v 110.0 117.0 116.5
v 110.0 116.5 117.0
v 109.5 117.0 118.0
v 110.0 116.5 119.0
v 110.0 117.0 118.5
v 109.5 117.0 134.0
v 110.0 117.0 133.5
v 110.0 116.5 134.0
v 109.5 117.0 137.0
v 110.0 117.0 137.5
v 109.5 118.0 117.0
v 110.0 118.0 116.5
v 110.0 118.0 117.5
v 110.0 117.5 118.0
v 109.5 118.0 133.0
v 110.0 118.0 132.5
v 110.0 117.5 133.0
v 109.5 118.0 137.0
v 110.0 118.0 137.5
v 110.0 118.5 117.0
v 109.5 119.0 133.0
v 110.0 119.0 132.5
v 109.5 119.0 134.0
v 109.5 119.0 137.0
v 110.0 119.0 137.5
v 110.0 119.5 133.0
v 110.0 119.5 134.0
v 110.0 119.5 135.0
v 109.5 120.0 136.0
v 110.0 120.0 135.5
v 109.5 120.0 137.0
v 110.0 120.0 137.5
v 109.5 121.0 136.0
v 110.0 121.0 135.5
v 109.5 121.0 137.0
v 110.0 121.0 137.5
v 109.5 122.0 123.0
v 110.0 122.0 122.5
v 110.0 121.5 123.0
v 110.0 122.0 123.5
v 110.0 121.5 136.0
v 110.0 121.5 137.0
v 109.5 123.0 123.0
v 110.0 123.0 122.5
v 110.0 122.5 124.0
v 110.0 122.5 125.0
v 110.0 123.0 125.5
v 109.5 124.0 115.0
v 110.0 124.0 114.5
v 110.0 123.5 115.0
v 110.0 124.0 115.5
v 109.5 124.0 120.0
v 110.0 124.0 119.5
v 110.0 123.5 120.0
v 110.0 123.5 121.0
v 109.5 124.0 121.0
v 110.0 123.5 122.0
v 109.5 124.0 122.0
v 109.5 124.0 123.0
v 109.5 124.0 125.0
v 110.0 123.5 125.0
v 110.0 124.0 124.5
v 109.5 125.0 115.0
v 110.0 125.0 114.5
v 110.0 125.0 115.5
v 110.0 125.0 117.5
v 110.0 124.5 118.0
v 110.0 124.5 119.0
v 109.5 124.5 122.5
v 109.5 125.0 123.0
v 110.0 125.0 122.5
v 110.0 124.5 123.0
v 109.5 124.5 123.5
v 110.0 124.5 124.0
v 109.5 125.0 124.0
v 109.5 125.0 125.0
v 109.5 125.0 129.0
v 110.0 125.0 128.5
v 110.0 124.5 129.0
v 110.0 125.0 129.5
v 110.0 125.5 115.0
v 110.0 126.0 117.5
v 109.5 126.0 123.0
v 110.0 126.0 122.5
v 109.5 126.0 124.0
v 109.5 126.0 128.0
v 110.0 125.5 129.0
v 109.5 126.0 129.0
v 110.0 127.0 117.5
v 109.5 127.0 122.0
v 110.0 126.5 122.0
v 110.0 127.0 121.5
v 109.5 127.0 128.0
v 109.5 127.0 129.0
v 110.0 127.5 118.0
v 109.5 128.0 119.0
v 110.0 127.5 119.0
v 110.0 128.0 119.5
v 109.5 128.0 121.0
v 110.0 127.5 121.0
v 110.0 128.0 120.5
v 109.5 128.0 127.0
v 109.5 128.0 128.0
v 110.0 128.5 120.0
v 109.5 188.0 121.0
v 109.5 189.0 121.0
v 109.5 190.0 121.0
v 109.5 190.0 122.0
v 110.5 94.0 133.0
v 110.5 95.0 133.0
v 110.5 96.0 131.0
v 110.5 96.0 132.0
v 110.5 96.0 133.0
v 110.5 97.0 131.0
v 110.5 97.0 132.0
v 110.5 97.0 133.0
v 110.5 98.0 131.0
v 110.5 98.0 132.0
v 110.5 99.0 135.0
v 111.0 99.0 134.5
v 111.0 98.5 135.0
v 111.0 99.0 135.5
v 111.0 100.0 134.5
v 111.0 99.5 136.0
v 111.0 100.0 136.5
v 110.5 101.0 134.0
v 111.0 101.0 134.5
v 110.5 101.0 136.0
v 111.0 101.0 136.5
v 111.0 102.0 134.5
v 110.5 102.0 135.0
v 111.0 102.0 135.5
v 111.0 101.5 136.0
v 110.5 103.0 114.0
v 111.0 103.0 114.5
v 111.0 102.5 115.0
v 111.0 102.5 116.0
v 110.5 103.0 117.0
v 111.0 103.0 116.5
v 111.0 102.5 135.0
v 110.5 104.0 113.0
v 111.0 104.0 113.5
v 111.0 103.5 114.0
v 111.0 103.5 117.0
v 111.0 104.0 117.5
v 110.5 104.0 121.0
v 111.0 104.0 120.5
v 111.0 103.5 121.0
v 111.0 104.0 121.5
v 111.0 105.0 112.5
v 111.0 104.5 113.0
v 111.0 104.5 118.0
v 111.0 105.0 118.5
v 110.5 105.0 120.0
v 111.0 105.0 119.5
v 111.0 104.5 120.0
v 110.5 105.0 121.0
v 111.0 105.0 121.5
v 110.5 105.0 129.0
v 111.0 105.0 128.5
v 111.0 104.5 129.0
v 111.0 105.0 129.5
v 111.0 106.0 112.5
v 111.0 105.5 119.0
v 110.5 106.0 119.0
v 110.5 106.0 120.0
v 110.5 106.0 121.0
v 111.0 106.0 121.5
v 110.5 106.0 128.0
v 111.0 106.0 127.5
v 111.0 105.5 128.0
v 110.5 106.0 129.0
v 111.0 106.0 129.5
v 110.5 106.0 137.0
v 111.0 106.0 136.5
v 111.0 105.5 137.0
v 111.0 106.0 137.5
v 110.5 107.0 112.0
v 111.0 107.0 112.5
v 110.5 107.0 119.0
v 110.5 107.0 120.0
v 111.0 107.0 120.5
v 111.0 106.5 121.0
v 111.0 106.5 128.0
v 110.5 107.0 129.0
v 111.0 107.0 128.5
v 111.0 107.0 129.5
v 111.0 106.5 137.0
v 110.5 108.0 112.0
v 111.0 108.0 112.5
v 110.5 108.0 119.0
v 110.5 108.0 120.0
v 111.0 108.0 120.5
v 111.0 107.5 129.0
v 111.0 109.0 112.5
v 110.5 109.0 113.0
v 110.5 109.0 114.0
v 110.5 109.0 115.0
v 110.5 109.0 119.0
v 110.5 109.0 120.0
v 111.0 109.0 120.5
v 110.5 110.0 113.0
v 111.0 110.0 112.5
v 110.5 110.0 114.0
v 110.5 110.0 115.0
v 110.5 110.0 116.0
v 111.0 109.5 120.0
v 111.0 110.0 119.5
v 110.5 111.0 113.0
v 111.0 111.0 112.5
v 110.5 111.0 114.0
v 110.5 111.0 115.0
v 111.0 110.5 120.0
v 110.5 111.0 120.0
v 111.0 111.0 120.5
v 110.5 112.0 113.0
v 111.0 112.0 112.5
v 110.5 112.0 114.0
v 111.0 112.0 120.5
v 111.0 112.5 113.0
v 110.5 113.0 114.0
v 111.0 113.0 113.5
v 111.0 112.5 119.0
v 111.0 113.0 118.5
v 111.0 113.0 119.5
v 111.0 113.0 120.5
v 110.5 113.0 137.0
v 111.0 113.0 136.5
v 111.0 112.5 137.0
v 111.0 113.0 137.5
v 111.0 113.5 114.0
v 111.0 114.0 114.5
v 110.5 114.0 116.0
v 110.5 114.0 117.0
v 111.0 114.0 117.5
v 111.0 113.5 118.0
v 111.0 114.0 119.5
v 111.0 113.5 121.0
v 111.0 114.0 121.5
v 110.5 114.0 137.0
v 111.0 114.0 136.5
v 111.0 113.5 138.0
v 110.5 114.0 138.0
v 111.0 114.0 138.5
v 111.0 114.5 115.0
v 111.0 114.5 116.0
v 110.5 115.0 117.0
v 111.0 115.0 116.5
v 111.0 114.5 118.0
v 110.5 115.0 118.0
v 111.0 114.5 119.0
v 110.5 115.0 121.0
v 111.0 115.0 121.5
v 110.5 115.0 134.0
v 111.0 115.0 133.5
v 111.0 114.5 134.0
v 111.0 114.5 135.0
v 110.5 115.0 135.0
v 111.0 114.5 136.0
v 110.5 115.0 136.0
v 110.5 115.0 137.0
v 110.5 115.0 138.0
v 111.0 115.0 138.5
v 110.5 116.0 117.0
v 111.0 116.0 116.5
v 110.5 116.0 120.0
v 111.0 116.0 120.5
v 111.0 115.5 121.0
v 110.5 116.0 134.0
v 111.0 116.0 133.5
v 111.0 115.5 138.0
v 111.0 116.0 137.5
v 110.5 117.0 116.0
v 111.0 117.0 115.5
v 111.0 116.5 116.0
v 110.5 117.0 119.0
v 111.0 117.0 119.5
v 111.0 116.5 120.0
v 110.5 117.0 133.0
v 111.0 117.0 132.5
v 111.0 116.5 133.0
v 111.0 117.0 137.5
v 110.5 118.0 116.0
v 111.0 118.0 115.5
v 110.5 118.0 118.0
v 111.0 118.0 118.5
v 111.0 117.5 119.0
v 111.0 118.0 132.5
v 111.0 118.0 137.5
v 111.0 118.5 116.0
v 111.0 118.5 117.0
v 110.5 119.0 118.0
v 111.0 119.0 117.5
v 111.0 119.0 118.5
v 111.0 119.0 132.5
v 111.0 119.0 137.5
v 111.0 119.5 118.0
v 110.5 120.0 133.0
v 111.0 120.0 132.5
v 110.5 120.0 134.0
v 110.5 120.0 135.0
v 111.0 120.0 137.5
v 110.5 121.0 123.0
v 111.0 121.0 122.5
v 111.0 120.5 123.0
v 111.0 120.5 124.0
v 110.5 121.0 124.0
v 111.0 121.0 124.5
v 110.5 121.0 133.0
v 111.0 121.0 132.5
v 111.0 121.0 133.5
v 111.0 120.5 134.0
v 111.0 120.5 135.0
v 111.0 121.0 135.5
v 111.0 121.0 137.5
v 110.5 122.0 122.0
v 111.0 122.0 121.5
v 111.0 121.5 122.0
v 110.5 122.0 124.0
v 111.0 121.5 125.0
v 110.5 122.0 125.0
v 111.0 122.0 125.5
v 110.5 122.0 133.0
v 111.0 122.0 132.5
v 111.0 122.0 133.5
v 110.5 122.0 136.0
v 111.0 122.0 135.5
v 111.0 122.0 136.5
v 111.0 121.5 137.0
v 110.5 123.0 122.0
v 111.0 123.0 121.5
v 111.0 123.0 125.5
v 111.0 122.5 133.0
v 110.5 123.0 136.0
v 111.0 123.0 135.5
v 111.0 123.0 136.5
v 111.0 124.0 114.5
v 111.0 123.5 115.0
v 111.0 124.0 115.5
v 110.5 124.0 120.0
v 111.0 124.0 120.5
v 111.0 123.5 121.0
v 110.5 124.0 125.0
v 111.0 124.0 125.5
v 110.5 124.0 129.0
v 111.0 124.0 128.5
v 111.0 123.5 129.0
v 111.0 124.0 129.5
v 111.0 123.5 136.0
v 111.0 125.0 114.5
v 111.0 125.0 115.5
v 110.5 125.0 118.0
v 110.5 125.0 119.0
v 110.5 125.0 120.0
v 111.0 125.0 120.5
v 111.0 124.5 123.0
v 111.0 125.0 122.5
v 111.0 124.5 124.0
v 111.0 124.5 125.0
v 110.5 125.0 129.0
v 111.0 124.5 129.0
v 110.5 126.0 115.0
v 111.0 126.0 114.5
v 111.0 126.0 115.5
v 110.5 126.0 118.0
v 110.5 126.0 119.0
v 111.0 126.0 119.5
v 111.0 125.5 120.0
v 110.5 126.0 122.0
v 111.0 125.5 122.0
v 111.0 126.0 121.5
v 110.5 127.0 115.0
v 111.0 127.0 114.5
v 111.0 127.0 115.5
v 110.5 127.0 118.0
v 110.5 127.0 119.0
v 111.0 126.5 120.0
v 110.5 127.0 120.0
v 110.5 127.0 121.0
v 111.0 126.5 121.0
v 111.0 127.5 115.0
v 110.5 128.0 120.0
v 110.5 188.0 124.0
v 111.0 188.0 123.5
v 111.0 187.5 124.0
v 111.0 188.0 124.5
v 111.0 188.5 124.0
v 111.5 99.0 135.0
v 112.0 100.0 134.5
v 112.0 99.5 135.0
v 112.0 99.5 136.0
v 112.0 100.0 136.5
v 112.0 101.0 134.5
v 112.0 101.0 136.5
v 111.5 102.0 115.0
v 112.0 102.0 114.5
v 112.0 101.5 115.0
v 112.0 102.0 115.5
v 112.0 102.0 134.5
v 112.0 101.5 136.0
v 112.0 102.0 135.5
v 112.0 103.0 114.5
v 112.0 102.5 116.0
v 112.0 103.0 116.5
v 112.0 102.5 135.0
v 112.0 104.0 113.5
v 112.0 103.5 114.0
v 112.0 103.5 117.0
v 112.0 103.5 118.0
v 111.5 104.0 118.0
v 112.0 104.0 118.5
v 112.0 104.0 120.5
v 112.0 103.5 121.0
v 112.0 103.5 122.0
v 111.5 104.0 122.0
v 112.0 103.5 123.0
v 111.5 104.0 123.0
v 112.0 104.0 123.5
v 111.5 105.0 113.0
v 112.0 105.0 113.5
v 112.0 104.5 119.0
v 111.5 105.0 119.0
v 112.0 105.0 119.5
v 111.5 105.0 120.0
v 112.0 105.0 120.5
v 111.5 105.0 122.0
v 112.0 105.0 122.5
v 112.0 104.5 123.0
v 111.5 105.0 128.0
v 112.0 105.0 127.5
v 112.0 104.5 128.0
v 112.0 104.5 129.0
v 112.0 105.0 129.5
v 111.5 106.0 113.0
v 112.0 106.0 113.5
v 112.0 105.5 120.0
v 112.0 105.5 122.0
v 112.0 106.0 121.5
v 112.0 106.0 127.5
v 112.0 106.0 129.5
v 111.5 106.0 137.0
v 111.5 107.0 113.0
v 112.0 107.0 113.5
v 111.5 107.0 121.0
v 112.0 107.0 121.5
v 112.0 106.5 128.0
v 111.5 107.0 129.0
v 112.0 106.5 129.0
v 112.0 108.0 112.5
v 112.0 107.5 113.0
v 112.0 107.5 121.0
v 112.0 108.0 120.5
v 112.0 109.0 112.5
v 112.0 109.0 120.5
v 111.5 109.0 129.0
v 112.0 109.0 128.5
v 112.0 108.5 129.0
v 112.0 109.0 129.5
v 112.0 110.0 112.5
v 111.5 110.0 120.0
v 112.0 110.0 120.5
v 111.5 110.0 129.0
v 112.0 110.0 128.5
v 112.0 109.5 130.0
v 111.5 110.0 130.0
v 112.0 110.0 130.5
v 112.0 111.0 112.5
v 112.0 111.0 120.5
v 112.0 110.5 129.0
v 112.0 110.5 130.0
v 112.0 111.5 113.0
v 111.5 112.0 113.0
v 112.0 112.0 113.5
v 112.0 112.0 120.5
v 111.5 112.0 135.0
v 112.0 112.0 134.5
v 112.0 111.5 135.0
v 112.0 111.5 136.0
v 111.5 112.0 136.0
v 112.0 112.0 136.5
v 111.5 113.0 114.0
v 112.0 112.5 114.0
v 112.0 113.0 114.5
v 111.5 113.0 119.0
v 112.0 113.0 120.5
v 111.5 113.0 135.0
v 112.0 113.0 134.5
v 111.5 113.0 136.0
v 112.0 112.5 137.0
v 112.0 113.0 137.5
v 111.5 114.0 115.0
v 112.0 113.5 115.0
v 112.0 114.0 115.5
v 111.5 114.0 118.0
v 111.5 114.0 119.0
v 111.5 114.0 121.0
v 112.0 114.0 120.5
v 111.5 114.0 135.0
v 112.0 114.0 134.5
v 111.5 114.0 136.0
v 112.0 113.5 138.0
v 112.0 114.0 138.5
v 112.0 115.0 115.5
v 111.5 115.0 116.0
v 111.5 115.0 121.0
v 112.0 115.0 120.5
v 112.0 115.0 133.5
v 112.0 114.5 134.0
v 112.0 115.0 138.5
v 112.0 115.5 116.0
v 112.0 116.0 116.5
v 112.0 116.0 120.5
v 112.0 116.0 133.5
v 111.5 116.0 138.0
v 112.0 116.0 138.5
v 111.5 117.0 116.0
v 112.0 117.0 116.5
v 112.0 116.5 120.0
v 112.0 117.0 119.5
v 112.0 117.0 132.5
v 112.0 116.5 133.0
v 111.5 117.0 137.0
v 112.0 116.5 137.0
v 112.0 117.0 136.5
v 112.0 116.5 138.0
v 111.5 118.0 116.0
v 112.0 118.0 116.5
v 111.5 118.0 119.0
v 112.0 118.0 119.5
v 112.0 118.0 132.5
v 111.5 118.0 137.0
v 112.0 118.0 136.5
v 112.0 119.0 116.5
v 111.5 119.0 117.0
v 112.0 118.5 119.0
v 112.0 119.0 118.5
v 112.0 119.0 132.5
v 111.5 119.0 137.0
v 112.0 119.0 136.5
v 111.5 120.0 117.0
v 112.0 120.0 116.5
v 111.5 120.0 118.0
v 112.0 120.0 118.5
v 111.5 120.0 123.0
v 112.0 120.0 122.5
v 112.0 119.5 123.0
v 112.0 119.5 124.0
v 111.5 120.0 124.0
v 112.0 119.5 125.0
v 111.5 120.0 125.0
v 112.0 120.0 125.5
v 112.0 120.0 132.5
v 111.5 120.0 137.0
v 112.0 120.0 136.5
v 112.0 120.5 117.0
v 111.5 121.0 118.0
v 112.0 121.0 117.5
v 112.0 121.0 118.5
v 112.0 121.0 122.5
v 111.5 121.0 125.0
v 112.0 121.0 125.5
v 112.0 121.0 132.5
v 111.5 121.0 134.0
v 111.5 121.0 135.0
v 111.5 121.0 137.0
v 112.0 121.0 136.5
v 112.0 121.5 118.0
v 112.0 122.0 121.5
v 112.0 121.5 122.0
v 112.0 121.5 126.0
v 111.5 122.0 126.0
v 112.0 122.0 126.5
v 111.5 122.0 132.0
v 112.0 122.0 131.5
v 112.0 121.5 132.0
v 111.5 122.0 134.0
v 111.5 122.0 135.0
v 112.0 122.0 136.5
v 111.5 123.0 116.0
v 112.0 123.0 115.5
v 112.0 122.5 116.0
v 112.0 122.5 117.0
v 111.5 123.0 117.0
v 112.0 123.0 117.5
v 112.0 123.0 121.5
v 111.5 123.0 126.0
v 112.0 123.0 126.5
v 112.0 122.5 132.0
v 111.5 123.0 133.0
v 112.0 123.0 132.5
v 111.5 123.0 134.0
v 111.5 123.0 135.0
v 112.0 123.0 136.5
v 111.5 124.0 115.0
v 112.0 124.0 115.5
v 111.5 124.0 116.0
v 111.5 124.0 117.0
v 112.0 124.0 117.5
v 112.0 124.0 120.5
v 112.0 123.5 121.0
v 112.0 123.5 126.0
v 112.0 124.0 125.5
v 111.5 124.0 129.0
v 112.0 123.5 133.0
v 111.5 124.0 134.0
v 112.0 124.0 133.5
v 111.5 124.0 135.0
v 112.0 123.5 136.0
v 112.0 124.0 135.5
v 111.5 125.0 115.0
v 111.5 125.0 116.0
v 112.0 125.0 115.5
v 112.0 125.0 116.5
v 112.0 124.5 117.0
v 112.0 124.5 121.0
v 111.5 125.0 121.0
v 111.5 125.0 122.0
v 112.0 124.5 122.0
v 112.0 124.5 123.0
v 112.0 124.5 124.0
v 112.0 124.5 125.0
v 112.0 124.5 134.0
v 112.0 124.5 135.0
v 111.5 126.0 115.0
v 111.5 126.0 116.0
v 112.0 126.0 115.5
v 112.0 126.0 116.5
v 111.5 126.0 120.0
v 111.5 126.0 121.0
v 111.5 127.0 115.0
v 111.5 127.0 116.0
v 112.0 127.0 115.5
v 112.0 127.0 116.5
v 112.0 127.5 116.0
v 111.5 188.0 124.0
v 112.5 100.0 135.0
v 112.5 100.0 136.0
v 112.5 101.0 135.0
v 112.5 101.0 136.0
v 113.0 102.0 114.5
v 113.0 101.5 115.0
v 113.0 101.5 116.0
v 112.5 102.0 116.0
v 113.0 101.5 117.0
v 112.5 102.0 117.0
v 113.0 102.0 117.5
v 112.5 102.0 135.0
v 113.0 103.0 114.5
v 112.5 103.0 117.0
v 113.0 102.5 118.0
v 112.5 103.0 118.0
v 113.0 102.5 119.0
v 112.5 103.0 119.0
v 113.0 102.5 120.0
v 112.5 103.0 120.0
v 113.0 102.5 121.0
v 112.5 103.0 121.0
v 113.0 103.0 121.5
v 112.5 103.0 123.0
v 113.0 103.0 122.5
v 113.0 102.5 123.0
v 113.0 102.5 124.0
v 112.5 103.0 124.0
v 113.0 102.5 125.0
v 112.5 103.0 125.0
v 113.0 103.0 125.5
v 113.0 104.0 113.5
v 113.0 103.5 114.0
v 112.5 104.0 119.0
v 112.5 104.0 120.0
v 113.0 103.5 122.0
v 112.5 104.0 124.0
v 113.0 104.0 124.5
v 113.0 103.5 125.0
v 113.0 105.0 113.5
v 112.5 105.0 120.0
v 113.0 104.5 123.0
v 113.0 105.0 122.5
v 113.0 104.5 124.0
v 113.0 105.0 127.5
v 113.0 104.5 128.0
v 113.0 104.5 129.0
v 113.0 105.0 129.5
v 113.0 106.0 113.5
v 112.5 106.0 122.0
v 113.0 106.0 122.5
v 113.0 106.0 127.5
v 113.0 106.0 129.5
v 113.0 107.0 113.5
v 112.5 107.0 121.0
v 113.0 106.5 121.0
v 113.0 107.0 120.5
v 113.0 106.5 122.0
v 113.0 106.5 128.0
v 113.0 106.5 129.0
v 112.5 108.0 113.0
v 113.0 108.0 113.5
v 113.0 108.0 120.5
v 112.5 109.0 113.0
v 113.0 109.0 113.5
v 113.0 109.0 120.5
v 112.5 109.0 129.0
v 112.5 110.0 113.0
v 113.0 110.0 113.5
v 113.0 110.0 120.5
v 113.0 110.0 128.5
v 113.0 109.5 129.0
v 112.5 110.0 130.0
v 113.0 110.0 129.5
v 113.0 111.0 112.5
v 113.0 110.5 113.0
v 113.0 111.0 120.5
v 113.0 110.5 129.0
v 113.0 111.5 113.0
v 113.0 112.0 113.5
v 113.0 112.0 120.5
v 112.5 112.0 135.0
v 113.0 112.0 135.5
v 113.0 111.5 136.0
v 113.0 112.0 136.5
v 113.0 112.5 114.0
v 113.0 113.0 114.5
v 113.0 113.0 120.5
v 113.0 113.0 134.5
v 113.0 112.5 135.0
v 113.0 112.5 137.0
v 113.0 113.0 137.5
v 113.0 113.5 115.0
v 113.0 114.0 115.5
v 112.5 114.0 119.0
v 113.0 113.5 119.0
v 113.0 114.0 118.5
v 113.0 114.0 119.5
v 113.0 114.0 120.5
v 113.0 114.0 134.5
v 113.0 113.5 138.0
v 113.0 114.0 138.5
v 113.0 114.5 116.0
v 112.5 115.0 116.0
v 113.0 115.0 116.5
v 112.5 115.0 119.0
v 113.0 115.0 118.5
v 113.0 115.0 119.5
v 113.0 115.0 120.5
v 112.5 115.0 134.0
v 113.0 115.0 134.5
v 113.0 115.0 138.5
v 113.0 116.0 116.5
v 113.0 115.5 119.0
v 113.0 116.0 119.5
v 112.5 116.0 120.0
v 113.0 115.5 120.0
v 112.5 116.0 129.0
v 113.0 116.0 128.5
v 113.0 115.5 129.0
v 113.0 115.5 130.0
v 112.5 116.0 130.0
v 113.0 116.0 130.5
v 112.5 116.0 134.0
v 113.0 116.0 134.5
v 112.5 116.0 138.0
v 113.0 115.5 138.0
v 113.0 116.0 137.5
v 113.0 117.0 116.5
v 113.0 117.0 119.5
v 112.5 117.0 129.0
v 113.0 117.0 128.5
v 113.0 117.0 129.5
v 113.0 116.5 130.0
v 113.0 117.0 132.5
v 113.0 116.5 133.0
v 113.0 116.5 134.0
v 113.0 116.5 137.0
v 113.0 117.0 136.5
v 113.0 118.0 116.5
v 113.0 118.0 119.5
v 112.5 118.0 123.0
v 113.0 118.0 122.5
v 113.0 117.5 123.0
v 113.0 117.5 124.0
v 112.5 118.0 124.0
v 113.0 117.5 125.0
v 112.5 118.0 125.0
v 113.0 118.0 125.5
v 113.0 117.5 129.0
v 113.0 118.0 132.5
v 113.0 118.0 136.5
v 113.0 119.0 116.5
v 112.5 119.0 119.0
v 113.0 119.0 119.5
v 112.5 119.0 123.0
v 113.0 119.0 122.5
v 112.5 119.0 124.0
v 112.5 119.0 125.0
v 113.0 118.5 126.0
v 112.5 119.0 126.0
v 113.0 119.0 126.5
v 113.0 119.0 132.5
v 113.0 119.0 136.5
v 113.0 120.0 116.5
v 113.0 119.5 119.0
v 113.0 120.0 118.5
v 112.5 120.0 122.0
v 113.0 120.0 121.5
v 113.0 119.5 122.0
v 112.5 120.0 126.0
v 113.0 120.0 126.5
v 113.0 120.0 132.5
v 113.0 120.0 136.5
v 113.0 120.5 117.0
v 112.5 121.0 118.0
v 113.0 120.5 118.0
v 112.5 121.0 122.0
v 113.0 121.0 121.5
v 112.5 121.0 126.0
v 113.0 121.0 126.5
v 113.0 121.0 132.5
v 113.0 121.0 136.5
v 113.0 122.0 121.5
v 113.0 122.0 126.5
v 113.0 122.0 131.5
v 113.0 121.5 132.0
v 113.0 122.0 136.5
v 113.0 123.0 115.5
v 113.0 122.5 116.0
v 113.0 122.5 117.0
v 113.0 123.0 117.5
v 112.5 123.0 121.0
v 113.0 123.0 120.5
v 113.0 122.5 121.0
v 112.5 123.0 126.0
v 113.0 122.5 126.0
v 113.0 123.0 125.5
v 113.0 122.5 132.0
v 113.0 123.0 132.5
v 112.5 123.0 135.0
v 113.0 122.5 135.0
v 113.0 123.0 134.5
v 112.5 123.0 136.0
v 113.0 122.5 136.0
v 113.0 124.0 115.5
v 113.0 124.0 117.5
v 113.0 124.0 120.5
v 112.5 124.0 124.0
v 113.0 123.5 124.0
v 113.0 124.0 123.5
v 112.5 124.0 125.0
v 113.0 123.5 125.0
v 113.0 123.5 133.0
v 112.5 124.0 134.0
v 113.0 123.5 134.0
v 112.5 124.0 135.0
v 113.0 125.0 115.5
v 112.5 125.0 117.0
v 113.0 125.0 117.5
v 113.0 124.5 121.0
v 113.0 124.5 122.0
v 113.0 124.5 123.0
v 113.0 126.0 115.5
v 112.5 126.0 117.0
v 113.0 126.0 117.5
v 113.0 126.5 116.0
v 112.5 127.0 116.0
v 112.5 126.5 116.5
v 113.0 127.0 116.5
v 112.5 127.0 117.0
v 113.0 127.0 117.5
v 113.0 127.5 117.0
v 113.5 102.0 115.0
v 114.0 102.0 115.5
v 114.0 101.5 116.0
v 114.0 101.5 117.0
v 114.0 101.5 118.0
v 113.5 102.0 118.0
v 114.0 101.5 119.0
v 113.5 102.0 119.0
v 114.0 102.0 119.5
v 113.5 102.0 124.0
v 114.0 102.0 123.5
v 114.0 101.5 124.0
v 114.0 102.0 124.5
v 113.5 103.0 114.0
v 114.0 103.0 113.5
v 114.0 102.5 114.0
v 114.0 102.5 115.0
v 114.0 102.5 120.0
v 114.0 102.5 121.0
v 114.0 103.0 121.5
v 114.0 103.0 122.5
v 114.0 102.5 123.0
v 114.0 102.5 125.0
v 114.0 103.0 125.5
v 114.0 104.0 113.5
v 114.0 103.5 122.0
v 113.5 104.0 125.0
v 114.0 104.0 125.5
v 114.0 105.0 113.5
v 114.0 104.5 123.0
v 114.0 105.0 122.5
v 114.0 104.5 124.0
v 114.0 104.5 125.0
v 113.5 105.0 128.0
v 113.5 105.0 129.0
v 114.0 106.0 113.5
v 113.5 106.0 122.0
v 114.0 105.5 122.0
v 114.0 106.0 121.5
v 113.5 106.0 128.0
v 113.5 106.0 129.0
v 114.0 107.0 113.5
v 114.0 106.5 121.0
v 114.0 107.0 120.5
v 114.0 108.0 113.5
v 114.0 108.0 120.5
v 114.0 109.0 113.5
v 114.0 109.0 120.5
v 114.0 110.0 113.5
v 114.0 109.5 121.0
v 113.5 110.0 121.0
v 114.0 110.0 121.5
v 113.5 110.0 129.0
v 114.0 111.0 112.5
v 114.0 110.5 113.0
v 114.0 110.5 121.0
v 114.0 111.0 120.5
v 114.0 111.5 113.0
v 114.0 112.0 113.5
v 114.0 112.0 120.5
v 113.5 112.0 136.0
v 114.0 112.5 114.0
v 114.0 113.0 114.5
v 113.5 113.0 119.0
v 114.0 112.5 119.0
v 114.0 113.0 118.5
v 113.5 113.0 120.0
v 114.0 112.5 120.0
v 113.5 113.0 135.0
v 114.0 113.0 135.5
v 114.0 112.5 136.0
v 114.0 112.5 137.0
v 114.0 113.0 137.5
v 114.0 113.5 115.0
v 114.0 114.0 115.5
v 113.5 114.0 118.0
v 114.0 113.5 118.0
v 114.0 114.0 117.5
v 113.5 114.0 120.0
v 113.5 114.0 135.0
v 114.0 114.0 135.5
v 113.5 114.0 138.0
v 114.0 114.0 137.5
v 114.0 114.5 116.0
v 114.0 115.0 116.5
v 113.5 115.0 118.0
v 114.0 115.0 117.5
v 113.5 115.0 120.0
v 113.5 115.0 127.0
v 114.0 115.0 126.5
v 114.0 114.5 127.0
v 114.0 115.0 127.5
v 113.5 115.0 135.0
v 114.0 115.0 135.5
v 113.5 115.0 138.0
v 114.0 115.0 137.5
v 114.0 115.5 117.0
v 113.5 116.0 117.0
v 113.5 116.0 118.0
v 113.5 116.0 119.0
v 114.0 115.5 121.0
v 113.5 116.0 121.0
v 114.0 116.0 120.5
v 114.0 116.0 121.5
v 113.5 116.0 126.0
v 114.0 116.0 125.5
v 114.0 115.5 126.0
v 113.5 116.0 127.0
v 114.0 115.5 128.0
v 113.5 116.0 128.0
v 114.0 115.5 129.0
v 113.5 116.0 130.0
v 114.0 116.0 129.5
v 114.0 116.0 134.5
v 114.0 115.5 135.0
v 113.5 116.0 137.0
v 114.0 115.5 137.0
v 114.0 116.0 136.5
v 113.5 117.0 117.0
v 113.5 117.0 118.0
v 114.0 117.0 118.5
v 114.0 116.5 119.0
v 114.0 116.5 120.0
v 113.5 117.0 120.0
v 114.0 116.5 121.0
v 114.0 117.0 120.5
v 113.5 117.0 125.0
v 114.0 117.0 124.5
v 114.0 116.5 125.0
v 113.5 117.0 126.0
v 113.5 117.0 127.0
v 113.5 117.0 128.0
v 114.0 117.0 129.5
v 113.5 117.0 133.0
v 113.5 117.0 134.0
v 114.0 117.0 134.5
v 114.0 117.0 136.5
v 114.0 118.0 116.5
v 114.0 117.5 117.0
v 114.0 117.5 118.0
v 113.5 118.0 120.0
v 114.0 118.0 120.5
v 113.5 118.0 122.0
v 114.0 118.0 121.5
v 114.0 117.5 122.0
v 114.0 117.5 123.0
v 114.0 117.5 124.0
v 113.5 118.0 126.0
v 113.5 118.0 127.0
v 113.5 118.0 128.0
v 113.5 118.0 129.0
v 114.0 118.0 129.5
v 114.0 118.0 132.5
v 114.0 117.5 133.0
v 114.0 117.5 134.0
v 113.5 118.0 136.0
v 114.0 117.5 136.0
v 114.0 118.0 135.5
v 114.0 119.0 116.5
v 113.5 119.0 120.0
v 114.0 118.5 121.0
v 113.5 119.0 121.0
v 113.5 119.0 122.0
v 114.0 118.5 127.0
v 114.0 119.0 126.5
v 114.0 118.5 128.0
v 114.0 118.5 129.0
v 114.0 119.0 132.5
v 114.0 118.5 136.0
v 114.0 119.0 136.5
v 114.0 120.0 116.5
v 114.0 119.5 119.0
v 114.0 120.0 118.5
v 114.0 119.5 120.0
v 114.0 119.5 121.0
v 114.0 120.0 121.5
v 114.0 120.0 126.5
v 114.0 120.0 132.5
v 114.0 120.0 136.5
v 114.0 120.5 117.0
v 114.0 120.5 118.0
v 114.0 121.0 121.5
v 114.0 120.5 127.0
v 113.5 121.0 127.0
v 114.0 121.0 127.5
v 113.5 121.0 132.0
v 114.0 121.0 131.5
v 114.0 120.5 132.0
v 113.5 121.0 136.0
v 114.0 120.5 136.0
v 114.0 121.0 135.5
v 114.0 122.0 121.5
v 113.5 122.0 127.0
v 114.0 122.0 127.5
v 113.5 122.0 131.0
v 114.0 122.0 130.5
v 114.0 121.5 131.0
v 113.5 122.0 134.0
v 114.0 121.5 134.0
v 114.0 122.0 133.5
v 113.5 122.0 135.0
v 114.0 121.5 135.0
v 113.5 122.0 136.0
v 114.0 123.0 115.5
v 114.0 122.5 116.0
v 114.0 122.5 117.0
v 114.0 123.0 117.5
v 113.5 123.0 121.0
v 114.0 123.0 121.5
v 113.5 123.0 125.0
v 114.0 122.5 125.0
v 114.0 123.0 124.5
v 114.0 122.5 126.0
v 113.5 123.0 127.0
v 114.0 123.0 126.5
v 114.0 123.0 127.5
v 114.0 122.5 131.0
v 114.0 122.5 132.0
v 113.5 123.0 133.0
v 114.0 122.5 133.0
v 113.5 123.0 134.0
v 114.0 124.0 115.5
v 114.0 124.0 117.5
v 113.5 124.0 121.0
v 114.0 123.5 122.0
v 113.5 124.0 122.0
v 113.5 124.0 123.0
v 114.0 123.5 123.0
v 114.0 123.5 124.0
v 114.0 123.5 127.0
v 114.0 125.0 115.5
v 114.0 125.0 117.5
v 114.0 126.0 115.5
v 114.0 126.0 117.5
v 114.0 126.5 116.0
v 114.0 127.0 116.5
v 114.0 127.0 117.5
v 114.0 127.5 117.0
v 115.0 102.0 115.5
v 115.0 101.5 116.0
v 115.0 101.5 117.0
v 115.0 101.5 118.0
v 115.0 101.5 119.0
v 115.0 102.0 119.5
v 114.5 102.0 124.0
v 115.0 103.0 113.5
v 115.0 102.5 114.0
v 115.0 102.5 115.0
v 115.0 102.5 120.0
v 114.5 103.0 121.0
v 115.0 103.0 120.5
v 115.0 103.0 122.5
v 115.0 102.5 123.0
v 115.0 102.5 124.0
v 115.0 102.5 125.0
v 115.0 103.0 125.5
v 115.0 104.0 113.5
v 115.0 103.5 121.0
v 114.5 104.0 122.0
v 115.0 104.0 121.5
v 115.0 104.0 122.5
v 115.0 104.0 125.5
v 114.5 105.0 113.0
v 115.0 105.0 112.5
v 115.0 104.5 113.0
v 114.5 105.0 122.0
v 115.0 105.0 121.5
v 115.0 104.5 123.0
v 115.0 104.5 124.0
v 115.0 104.5 125.0
v 114.5 106.0 113.0
v 115.0 106.0 112.5
v 114.5 106.0 121.0
v 115.0 105.5 121.0
v 115.0 106.0 120.5
v 114.5 107.0 113.0
v 115.0 107.0 112.5
v 115.0 107.0 120.5
v 114.5 108.0 112.0
v 115.0 108.0 111.5
v 115.0 107.5 112.0
v 114.5 108.0 113.0
v 115.0 108.0 120.5
v 115.0 108.5 112.0
v 114.5 109.0 113.0
v 115.0 109.0 112.5
v 115.0 109.0 120.5
v 115.0 109.5 113.0
v 115.0 110.0 113.5
v 115.0 109.5 121.0
v 115.0 110.0 121.5
v 114.5 111.0 113.0
v 115.0 111.0 113.5
v 114.5 111.0 121.0
v 115.0 111.0 121.5
v 115.0 112.0 113.5
v 115.0 111.5 121.0
v 115.0 112.0 120.5
v 115.0 112.5 114.0
v 115.0 113.0 114.5
v 115.0 112.5 119.0
v 115.0 113.0 118.5
v 115.0 112.5 120.0
v 115.0 113.0 135.5
v 115.0 112.5 136.0
v 114.5 113.0 137.0
v 115.0 113.0 136.5
v 115.0 113.5 115.0
v 115.0 114.0 115.5
v 115.0 113.5 118.0
v 115.0 114.0 117.5
v 115.0 114.0 135.5
v 114.5 114.0 137.0
v 115.0 114.0 136.5
v 115.0 114.5 116.0
v 114.5 115.0 117.0
v 115.0 114.5 117.0
v 114.5 115.0 121.0
v 115.0 115.0 120.5
v 115.0 114.5 121.0
v 115.0 115.0 121.5
v 114.5 115.0 126.0
v 115.0 115.0 125.5
v 115.0 114.5 126.0
v 115.0 114.5 127.0
v 115.0 115.0 127.5
v 115.0 115.0 135.5
v 114.5 115.0 137.0
v 115.0 115.0 136.5
v 115.0 116.0 120.5
v 115.0 115.5 122.0
v 114.5 116.0 122.0
v 115.0 116.0 122.5
v 115.0 116.0 125.5
v 114.5 116.0 128.0
v 115.0 116.0 127.5
v 114.5 116.0 129.0
v 114.5 116.0 135.0
v 115.0 115.5 136.0
v 114.5 116.0 136.0
v 114.5 117.0 119.0
v 115.0 117.0 119.5
v 115.0 116.5 120.0
v 114.5 116.5 120.5
v 114.5 117.0 121.0
v 114.5 117.0 122.0
v 115.0 117.0 122.5
v 115.0 117.0 124.5
v 115.0 116.5 125.0
v 115.0 116.5 128.0
v 115.0 117.0 128.5
v 114.5 117.0 129.0
v 114.5 117.0 135.0
v 114.5 117.0 136.0
v 115.0 118.0 116.5
v 115.0 117.5 117.0
v 115.0 117.5 118.0
v 115.0 117.5 119.0
v 114.5 118.0 121.0
v 115.0 117.5 123.0
v 115.0 117.5 124.0
v 114.5 118.0 129.0
v 115.0 118.0 128.5
v 114.5 118.0 133.0
v 114.5 118.0 134.0
v 115.0 118.0 134.5
v 115.0 117.5 135.0
v 115.0 118.0 135.5
v 115.0 119.0 116.5
v 114.5 119.0 127.0
v 115.0 119.0 127.5
v 115.0 118.5 128.0
v 114.5 119.0 133.0
v 115.0 119.0 133.5
v 115.0 118.5 134.0
v 114.5 119.0 136.0
v 115.0 119.0 135.5
v 115.0 120.0 116.5
v 114.5 120.0 119.0
v 114.5 120.0 120.0
v 114.5 120.0 121.0
v 114.5 120.0 127.0
v 115.0 120.0 127.5
v 114.5 120.0 133.0
v 115.0 120.0 133.5
v 114.5 120.0 136.0
v 115.0 120.0 135.5
v 115.0 120.5 117.0
v 115.0 120.5 118.0
v 115.0 120.5 119.0
v 115.0 120.5 120.0
v 114.5 121.0 121.0
v 115.0 121.0 120.5
v 115.0 121.0 127.5
v 114.5 121.0 132.0
v 114.5 121.0 133.0
v 115.0 120.5 134.0
v 114.5 121.0 134.0
v 115.0 121.0 134.5
v 115.0 121.0 135.5
v 115.0 121.5 121.0
v 115.0 121.5 122.0
v 114.5 122.0 122.0
v 115.0 122.0 122.5
v 115.0 122.0 127.5
v 114.5 122.0 131.0
v 114.5 122.0 132.0
v 114.5 122.0 133.0
v 115.0 121.5 135.0
v 114.5 123.0 116.0
v 114.5 123.0 117.0
v 114.5 123.0 122.0
v 115.0 122.5 123.0
v 114.5 123.0 123.0
v 114.5 123.0 124.0
v 115.0 122.5 124.0
v 115.0 122.5 125.0
v 114.5 123.0 126.0
v 115.0 123.0 125.5
v 115.0 123.0 127.5
v 114.5 124.0 116.0
v 115.0 124.0 116.5
v 115.0 123.5 117.0
v 115.0 124.0 117.5
v 115.0 123.5 126.0
v 115.0 123.5 127.0
v 114.5 125.0 116.0
v 115.0 125.0 116.5
v 115.0 124.5 118.0
v 114.5 125.0 118.0
v 115.0 125.0 118.5
v 114.5 126.0 116.0
v 115.0 126.0 116.5
v 114.5 126.0 118.0
v 115.0 126.0 118.5
v 114.5 127.0 117.0
v 115.0 126.5 117.0
v 115.0 126.5 118.0
v 116.0 102.0 115.5
v 116.0 101.5 116.0
v 116.0 101.5 117.0
v 116.0 101.5 118.0
v 116.0 101.5 119.0
v 116.0 102.0 119.5
v 115.5 103.0 114.0
v 116.0 103.0 114.5
v 116.0 102.5 115.0
v 116.0 102.5 120.0
v 116.0 102.5 121.0
v 115.5 103.0 121.0
v 116.0 103.0 121.5
v 115.5 103.0 123.0
v 115.5 103.0 124.0
v 115.5 103.0 125.0
v 115.5 104.0 114.0
v 116.0 104.0 114.5
v 116.0 104.0 121.5
v 115.5 104.0 123.0
v 115.5 104.0 124.0
v 115.5 104.0 125.0
v 116.0 105.0 112.5
v 116.0 104.5 113.0
v 116.0 104.5 114.0
v 115.5 105.0 121.0
v 116.0 104.5 121.0
v 116.0 105.0 120.5
v 115.5 106.0 112.0
v 116.0 106.0 111.5
v 116.0 105.5 112.0
v 116.0 106.0 120.5
v 115.5 107.0 112.0
v 116.0 107.0 111.5
v 116.0 107.0 120.5
v 116.0 108.0 111.5
v 116.0 108.0 120.5
v 116.0 108.5 112.0
v 116.0 109.0 112.5
v 116.0 109.0 120.5
v 116.0 109.5 113.0
v 116.0 110.0 113.5
v 115.5 110.0 121.0
v 116.0 110.0 120.5
v 116.0 110.5 114.0
v 115.5 111.0 114.0
v 116.0 111.0 114.5
v 115.5 111.0 121.0
v 116.0 111.0 120.5
v 115.5 112.0 114.0
v 116.0 112.0 114.5
v 116.0 112.0 120.5
v 116.0 113.0 114.5
v 116.0 112.5 119.0
v 116.0 113.0 118.5
v 116.0 112.5 120.0
v 115.5 113.0 136.0
v 115.5 114.0 115.0
v 116.0 114.0 114.5
v 116.0 113.5 118.0
v 116.0 114.0 117.5
v 115.5 114.0 136.0
v 116.0 114.5 115.0
v 115.5 115.0 116.0
v 116.0 115.0 115.5
v 116.0 115.0 116.5
v 116.0 114.5 117.0
v 115.5 115.0 120.0
v 116.0 115.0 119.5
v 116.0 114.5 120.0
v 116.0 114.5 121.0
v 116.0 115.0 121.5
v 116.0 115.0 125.5
v 116.0 114.5 126.0
v 116.0 114.5 127.0
v 116.0 115.0 127.5
v 115.5 115.0 136.0
v 116.0 115.5 116.0
v 115.5 116.0 120.0
v 116.0 116.0 119.5
v 115.5 116.0 122.0
v 116.0 116.0 121.5
v 116.0 116.0 125.5
v 116.0 116.0 127.5
v 116.0 117.0 119.5
v 116.0 116.5 122.0
v 116.0 117.0 122.5
v 116.0 117.0 124.5
v 116.0 116.5 125.0
v 115.5 117.0 128.0
v 116.0 117.0 127.5
v 115.5 118.0 117.0
v 116.0 118.0 117.5
v 116.0 117.5 118.0
v 116.0 117.5 119.0
v 115.5 118.0 123.0
v 116.0 118.0 122.5
v 116.0 118.0 123.5
v 116.0 117.5 124.0
v 115.5 118.0 128.0
v 116.0 118.0 127.5
v 115.5 118.0 135.0
v 116.0 119.0 116.5
v 116.0 118.5 117.0
v 115.5 119.0 122.0
v 116.0 118.5 122.0
v 116.0 119.0 121.5
v 115.5 119.0 123.0
v 116.0 119.0 123.5
v 116.0 119.0 127.5
v 115.5 119.0 130.0
v 116.0 119.0 129.5
v 116.0 118.5 130.0
v 116.0 118.5 131.0
v 115.5 119.0 131.0
v 116.0 119.0 131.5
v 115.5 119.0 134.0
v 115.5 119.0 135.0
v 116.0 120.0 116.5
v 115.5 120.0 121.0
v 116.0 119.5 121.0
v 116.0 120.0 120.5
v 115.5 120.0 122.0
v 115.5 120.0 123.0
v 116.0 120.0 123.5
v 116.0 120.0 127.5
v 115.5 120.0 130.0
v 116.0 120.0 129.5
v 116.0 120.0 130.5
v 116.0 119.5 131.0
v 115.5 120.0 134.0
v 115.5 120.0 135.0
v 116.0 120.5 117.0
v 116.0 120.5 118.0
v 116.0 120.5 119.0
v 116.0 120.5 120.0
v 115.5 121.0 121.0
v 115.5 121.0 122.0
v 115.5 121.0 123.0
v 116.0 121.0 123.5
v 116.0 121.0 127.5
v 116.0 120.5 130.0
v 115.5 121.0 135.0
v 115.5 122.0 123.0
v 116.0 122.0 123.5
v 116.0 122.0 127.5
v 116.0 122.5 124.0
v 116.0 122.5 125.0
v 115.5 123.0 126.0
v 116.0 122.5 126.0
v 115.5 123.0 127.0
v 116.0 122.5 127.0
v 115.5 124.0 117.0
v 116.0 125.0 116.5
v 116.0 124.5 117.0
v 116.0 124.5 118.0
v 116.0 125.0 118.5
v 116.0 126.0 116.5
v 115.5 126.0 118.0
v 116.0 125.5 118.0
v 116.0 126.0 117.5
v 116.0 126.5 117.0
v 116.5 102.0 116.0
v 117.0 102.0 116.5
v 117.0 101.5 117.0
v 117.0 101.5 118.0
v 117.0 101.5 119.0
v 117.0 102.0 119.5
v 116.5 103.0 115.0
v 117.0 103.0 115.5
v 117.0 102.5 116.0
v 117.0 102.5 120.0
v 116.5 103.0 121.0
v 117.0 103.0 120.5
v 116.5 104.0 115.0
v 117.0 104.0 115.5
v 116.5 104.0 121.0
v 117.0 104.0 120.5
v 116.5 105.0 113.0
v 117.0 105.0 113.5
v 117.0 104.5 114.0
v 117.0 104.5 115.0
v 116.5 105.0 120.0
v 117.0 104.5 120.0
v 117.0 105.0 119.5
v 116.5 106.0 112.0
v 117.0 106.0 112.5
v 117.0 105.5 113.0
v 117.0 105.5 120.0
v 117.0 106.0 120.5
v 116.5 107.0 112.0
v 117.0 107.0 112.5
v 117.0 107.0 120.5
v 116.5 108.0 112.0
v 117.0 108.0 112.5
v 116.5 108.0 120.0
v 117.0 107.5 120.0
v 117.0 108.0 119.5
v 116.5 109.0 113.0
v 117.0 108.5 113.0
v 116.5 109.0 114.0
v 117.0 108.5 114.0
v 117.0 109.0 114.5
v 116.5 109.0 120.0
v 117.0 109.0 119.5
v 116.5 110.0 114.0
v 117.0 110.0 114.5
v 116.5 110.0 120.0
v 117.0 110.0 119.5
v 116.5 111.0 115.0
v 117.0 110.5 115.0
v 117.0 111.0 115.5
v 117.0 110.5 120.0
v 117.0 110.5 121.0
v 116.5 111.0 121.0
v 117.0 111.0 121.5
v 116.5 112.0 115.0
v 117.0 112.0 115.5
v 116.5 112.0 120.0
v 117.0 111.5 120.0
v 117.0 112.0 119.5
v 117.0 111.5 121.0
v 117.0 113.0 114.5
v 117.0 112.5 115.0
v 116.5 113.0 119.0
v 117.0 113.0 119.5
v 117.0 114.0 114.5
v 116.5 114.0 118.0
v 117.0 114.0 118.5
v 117.0 113.5 119.0
v 116.5 115.0 115.0
v 117.0 115.0 114.5
v 116.5 115.0 117.0
v 117.0 115.0 117.5
v 117.0 114.5 118.0
v 116.5 115.0 120.0
v 116.5 115.0 121.0
v 117.0 115.0 125.5
v 117.0 114.5 126.0
v 116.5 115.0 127.0
v 117.0 115.0 126.5
v 117.0 115.5 115.0
v 117.0 115.5 116.0
v 117.0 115.5 117.0
v 116.5 116.0 120.0
v 116.5 116.0 121.0
v 117.0 116.0 125.5
v 117.0 115.5 127.0
v 117.0 116.0 127.5
v 116.5 117.0 120.0
v 116.5 117.0 121.0
v 116.5 117.0 122.0
v 116.5 117.0 125.0
v 117.0 117.0 125.5
v 117.0 117.0 127.5
v 116.5 118.0 118.0
v 116.5 118.0 119.0
v 116.5 118.0 120.0
v 116.5 118.0 121.0
v 116.5 118.0 122.0
v 116.5 118.0 124.0
v 116.5 118.0 125.0
v 117.0 118.0 125.5
v 117.0 118.0 127.5
v 116.5 119.0 117.0
v 117.0 119.0 117.5
v 117.0 118.5 118.0
v 117.0 118.5 119.0
v 117.0 119.0 119.5
v 116.5 119.0 120.0
v 116.5 119.0 121.0
v 116.5 119.0 124.0
v 117.0 119.0 124.5
v 117.0 118.5 125.0
v 116.5 119.0 127.0
v 117.0 118.5 127.0
v 117.0 119.0 126.5
v 117.0 119.0 129.5
v 117.0 118.5 130.0
v 116.5 119.0 131.0
v 117.0 119.0 130.5
v 116.5 120.0 117.0
v 117.0 120.0 117.5
v 116.5 120.0 120.0
v 117.0 120.0 119.5
v 116.5 120.0 124.0
v 117.0 120.0 124.5
v 116.5 120.0 127.0
v 117.0 120.0 126.5
v 117.0 120.0 129.5
v 117.0 120.0 130.5
v 117.0 120.5 118.0
v 117.0 120.5 119.0
v 116.5 121.0 124.0
v 117.0 121.0 124.5
v 116.5 121.0 127.0
v 117.0 121.0 126.5
v 117.0 120.5 130.0
v 116.5 122.0 124.0
v 117.0 121.5 125.0
v 116.5 122.0 125.0
v 116.5 122.0 126.0
v 117.0 121.5 126.0
v 116.5 122.0 127.0
v 116.5 125.0 117.0
v 116.5 125.0 118.0
v 116.5 126.0 117.0
v 118.0 102.0 116.5
v 118.0 101.5 117.0
v 118.0 101.5 118.0
v 117.5 102.0 119.0
v 118.0 102.0 118.5
v 117.5 103.0 116.0
v 118.0 103.0 116.5
v 118.0 102.5 119.0
v 117.5 103.0 120.0
v 118.0 103.0 119.5
v 118.0 104.0 115.5
v 118.0 103.5 116.0
v 117.5 104.0 120.0
v 118.0 104.0 119.5
v 117.5 105.0 114.0
v 117.5 105.0 115.0
v 118.0 105.0 115.5
v 118.0 105.0 119.5
v 117.5 106.0 113.0
v 117.5 106.0 114.0
v 118.0 106.0 114.5
v 118.0 105.5 115.0
v 117.5 106.0 120.0
v 118.0 106.0 119.5
v 117.5 107.0 113.0
v 118.0 107.0 113.5
v 118.0 106.5 114.0
v 117.5 107.0 120.0
v 118.0 107.0 119.5
v 117.5 108.0 113.0
v 118.0 107.5 114.0
v 117.5 108.0 114.0
v 117.5 108.0 115.0
v 118.0 107.5 115.0
v 118.0 108.0 115.5
v 118.0 108.0 119.5
v 117.5 109.0 115.0
v 118.0 109.0 115.5
v 117.5 109.0 119.0
v 118.0 108.5 119.0
v 118.0 109.0 118.5
v 117.5 110.0 115.0
v 118.0 109.5 116.0
v 117.5 110.0 116.0
v 118.0 110.0 116.5
v 117.5 110.0 119.0
v 118.0 110.0 118.5
v 117.5 111.0 116.0
v 118.0 110.5 117.0
v 117.5 111.0 117.0
v 117.5 111.0 118.0
v 118.0 110.5 118.0
v 117.5 111.0 119.0
v 117.5 111.0 120.0
v 117.5 111.0 121.0
v 117.5 112.0 116.0
v 118.0 112.0 116.5
v 118.0 111.5 117.0
v 118.0 111.5 118.0
v 118.0 111.5 119.0
v 118.0 112.0 119.5
v 117.5 113.0 115.0
v 118.0 113.0 115.5
v 118.0 112.5 116.0
v 118.0 113.0 119.5
v 117.5 114.0 115.0
v 118.0 114.0 115.5
v 117.5 114.0 119.0
v 118.0 114.0 119.5
v 117.5 115.0 115.0
v 118.0 115.0 115.5
v 117.5 115.0 118.0
v 118.0 115.0 118.5
v 118.0 114.5 119.0
v 117.5 115.0 126.0
v 118.0 115.5 116.0
v 118.0 115.5 117.0
v 118.0 115.5 118.0
v 117.5 116.0 126.0
v 117.5 116.0 127.0
v 117.5 117.0 126.0
v 117.5 117.0 127.0
v 117.5 118.0 126.0
v 117.5 118.0 127.0
v 117.5 119.0 118.0
v 117.5 119.0 119.0
v 117.5 119.0 125.0
v 117.5 119.0 126.0
v 117.5 119.0 130.0
v 117.5 120.0 118.0
v 117.5 120.0 119.0
v 117.5 120.0 125.0
v 117.5 120.0 126.0
v 117.5 120.0 130.0
v 117.5 121.0 125.0
v 117.5 121.0 126.0
v 119.0 102.0 116.5
v 119.0 101.5 117.0
v 119.0 101.5 118.0
v 119.0 102.0 118.5
v 119.0 103.0 116.5
v 118.5 103.0 119.0
v 119.0 103.0 118.5
v 118.5 104.0 116.0
v 119.0 104.0 116.5
v 118.5 104.0 119.0
v 119.0 104.0 118.5
v 119.0 105.0 115.5
v 119.0 104.5 116.0
v 118.5 105.0 119.0
v 119.0 105.0 118.5
v 118.5 106.0 115.0
v 119.0 106.0 115.5
v 118.5 106.0 119.0
v 119.0 106.0 118.5
v 118.5 107.0 114.0
v 119.0 107.0 114.5
v 119.0 106.5 115.0
v 118.5 107.0 118.0
v 119.0 106.5 118.0
v 119.0 107.0 117.5
v 118.5 107.0 119.0
v 119.0 107.5 115.0
v 119.0 108.0 115.5
v 118.5 108.0 118.0
v 119.0 108.0 117.5
v 118.5 108.0 119.0
v 119.0 108.5 116.0
v 118.5 109.0 116.0
v 119.0 109.0 116.5
v 118.5 109.0 118.0
v 119.0 109.0 117.5
v 118.5 110.0 117.0
v 119.0 109.5 117.0
v 118.5 110.0 118.0
v 118.5 112.0 117.0
v 118.5 112.0 118.0
v 118.5 112.0 119.0
v 118.5 113.0 116.0
v 118.5 113.0 117.0
v 119.0 113.0 117.5
v 119.0 112.5 118.0
v 119.0 113.0 118.5
v 118.5 113.0 119.0
v 118.5 114.0 116.0
v 118.5 114.0 117.0
v 119.0 113.5 118.0
v 118.5 114.0 118.0
v 118.5 114.0 119.0
v 118.5 115.0 116.0
v 118.5 115.0 117.0
v 118.5 115.0 118.0
v 119.5 102.0 117.0
v 119.5 102.0 118.0
v 119.5 103.0 117.0
v 119.5 103.0 118.0
v 119.5 104.0 117.0
v 119.5 104.0 118.0
v 119.5 105.0 116.0
v 119.5 105.0 117.0
v 119.5 105.0 118.0
v 119.5 106.0 116.0
v 119.5 106.0 117.0
v 119.5 106.0 118.0
v 119.5 107.0 115.0
v 119.5 107.0 116.0
v 119.5 107.0 117.0
v 119.5 108.0 116.0
v 119.5 108.0 117.0
v 119.5 109.0 117.0
v 119.5 113.0 118.0
v 120.5 129.0 118.0
v 121.0 129.0 117.5
v 121.0 128.5 118.0
v 121.0 129.0 118.5
v 120.5 130.0 118.0
v 121.0 130.0 117.5
v 121.0 130.0 118.5
v 120.5 131.0 118.0
v 121.0 131.0 117.5
v 121.0 131.0 118.5
v 121.0 131.5 118.0
v 121.5 128.0 117.0
v 122.0 128.0 116.5
v 122.0 127.5 117.0
v 122.0 127.5 118.0
v 121.5 128.0 118.0
v 122.0 128.0 118.5
v 121.5 129.0 117.0
v 122.0 129.0 116.5
v 122.0 129.0 118.5
v 121.5 130.0 116.0
v 122.0 130.0 115.5
v 122.0 129.5 116.0
v 121.5 130.0 117.0
v 122.0 130.0 118.5
v 121.5 131.0 116.0
v 122.0 131.0 115.5
v 121.5 131.0 117.0
v 122.0 131.0 118.5
v 122.0 131.5 116.0
v 122.0 131.5 117.0
v 122.0 131.5 118.0
v 122.5 128.0 117.0
v 123.0 128.0 117.5
v 123.0 127.5 118.0
v 123.0 128.0 118.5
v 122.5 129.0 116.0
v 123.0 129.0 115.5
v 123.0 128.5 116.0
v 123.0 128.5 117.0
v 123.0 129.0 118.5
v 123.0 130.0 115.5
v 123.0 130.0 118.5
v 123.0 130.5 116.0
v 122.5 131.0 116.0
v 122.5 131.0 117.0
v 123.0 130.5 117.0
v 122.5 131.0 118.0
v 123.0 130.5 118.0
v 123.5 128.0 118.0
v 123.5 129.0 116.0
v 123.5 129.0 117.0
v 123.5 129.0 118.0
v 123.5 130.0 116.0
v 123.5 130.0 117.0
v 123.5 130.0 118.0
f 3 2 1
f 1 4 3
f 2 5 1
f 1 5 4
f 8 7 6
f 6 9 8
f 12 11 10
f 10 13 12
f 6 7 3
f 7 2 3
f 7 14 2
f 16 15 4
f 4 15 3
f 15 9 3
f 9 6 3
f 18 17 16
f 17 10 16
f 11 15 16
f 11 16 10
f 10 17 13
f 21 20 19
f 23 22 19
f 19 22 21
f 23 24 5
f 14 23 5
f 2 14 5
f 23 14 22
f 24 25 5
f 5 25 4
f 25 26 4
f 26 16 4
f 16 26 18
f 19 20 27
f 27 20 28
f 30 23 29
f 23 27 29
f 23 19 27
f 23 30 24
f 24 30 31
f 24 31 25
f 34 33 32
f 36 35 32
f 32 35 34
f 38 37 36
f 37 27 36
f 28 35 36
f 28 36 27
f 27 37 29
f 32 33 39
f 39 33 40
f 42 36 41
f 36 39 41
f 36 32 39
f 36 42 38
f 40 43 39
f 39 43 41
f 46 45 44
f 44 47 46
f 48 7 8
f 9 48 8
f 44 45 12
f 45 11 12
f 45 49 11
f 12 13 44
f 13 47 44
f 13 50 47
f 52 51 48
f 51 7 48
f 51 14 7
f 52 48 9
f 15 52 9
f 53 52 15
f 49 54 11
f 49 17 54
f 17 49 55
f 53 55 49
f 55 53 18
f 54 18 53
f 53 15 54
f 54 15 11
f 17 18 54
f 55 56 17
f 56 13 17
f 56 50 13
f 58 57 21
f 21 57 20
f 59 21 22
f 59 58 21
f 22 14 51
f 22 51 59
f 61 60 26
f 61 26 25
f 18 26 55
f 26 62 55
f 26 60 62
f 55 62 56
f 65 64 63
f 67 66 63
f 63 66 65
f 57 66 67
f 28 57 67
f 20 57 28
f 69 68 30
f 69 30 29
f 30 70 31
f 68 70 30
f 25 31 61
f 61 31 70
f 63 64 34
f 64 33 34
f 64 71 33
f 63 34 35
f 63 35 67
f 73 72 38
f 73 35 72
f 35 73 67
f 74 67 73
f 67 74 28
f 72 28 74
f 74 37 72
f 72 37 38
f 35 28 72
f 29 37 69
f 69 37 74
f 77 76 75
f 71 77 75
f 40 71 75
f 33 71 40
f 79 78 42
f 79 42 41
f 38 42 73
f 73 42 78
f 76 80 75
f 75 80 40
f 80 43 40
f 80 81 43
f 41 43 79
f 79 43 81
f 82 45 46
f 47 82 46
f 84 83 82
f 83 45 82
f 83 49 45
f 82 47 84
f 47 85 84
f 47 50 85
f 87 86 52
f 52 86 51
f 89 87 88
f 87 53 88
f 87 52 53
f 49 83 90
f 88 49 90
f 91 88 90
f 53 49 88
f 90 85 91
f 85 56 91
f 85 50 56
f 93 92 58
f 58 92 57
f 94 58 59
f 94 93 58
f 59 51 86
f 59 86 94
f 89 88 60
f 61 89 60
f 95 89 61
f 60 88 62
f 62 88 91
f 62 91 56
f 97 96 65
f 65 96 64
f 98 65 66
f 98 97 65
f 66 57 92
f 66 92 98
f 100 99 68
f 100 68 69
f 68 101 70
f 99 101 68
f 61 70 95
f 95 70 101
f 96 71 64
f 102 71 96
f 104 103 74
f 104 74 73
f 69 74 100
f 100 74 103
f 105 76 77
f 106 105 77
f 71 106 77
f 102 106 71
f 108 107 78
f 108 78 79
f 73 78 104
f 104 78 107
f 105 80 76
f 106 109 105
f 109 80 105
f 109 81 80
f 79 81 108
f 108 81 109
f 110 83 84
f 85 110 84
f 111 86 87
f 89 111 87
f 110 90 83
f 90 110 85
f 112 92 93
f 94 113 93
f 93 113 112
f 86 111 94
f 111 113 94
f 111 114 113
f 95 114 89
f 89 114 111
f 116 115 97
f 97 115 96
f 117 97 98
f 117 116 97
f 98 92 112
f 118 98 112
f 117 98 118
f 100 119 99
f 119 112 99
f 112 113 99
f 119 118 112
f 99 113 101
f 101 113 114
f 101 114 95
f 115 102 96
f 120 102 115
f 104 121 103
f 121 122 103
f 122 100 103
f 122 119 100
f 120 106 102
f 123 106 120
f 125 124 107
f 125 107 108
f 104 107 121
f 107 126 121
f 107 124 126
f 121 126 122
f 123 127 106
f 106 127 109
f 108 109 125
f 125 109 127
f 128 115 116
f 117 129 116
f 116 129 128
f 129 117 130
f 117 131 130
f 117 118 131
f 118 119 131
f 131 119 132
f 134 133 128
f 133 115 128
f 133 120 115
f 134 128 129
f 134 129 135
f 135 129 130
f 122 132 119
f 122 136 132
f 138 123 137
f 123 133 137
f 123 120 133
f 124 125 138
f 137 124 138
f 139 124 137
f 124 140 126
f 139 140 124
f 122 126 136
f 136 126 140
f 138 127 123
f 127 138 125
f 141 130 131
f 132 141 131
f 142 133 134
f 135 143 134
f 134 143 142
f 130 141 135
f 141 143 135
f 141 144 143
f 136 144 132
f 132 144 141
f 142 137 133
f 137 142 139
f 139 142 143
f 139 143 140
f 140 143 144
f 140 144 136
f 147 146 145
f 145 148 147
f 146 149 145
f 145 149 148
f 152 151 150
f 150 153 152
f 151 154 150
f 146 154 155
f 154 146 150
f 147 150 146
f 150 147 153
f 156 153 147
f 147 148 156
f 156 148 157
f 149 146 158
f 146 159 158
f 146 155 159
f 158 160 149
f 160 148 149
f 160 157 148
f 159 161 158
f 161 162 158
f 162 163 158
f 164 160 158
f 164 158 163
f 166 165 163
f 163 165 164
f 166 167 165
f 162 168 163
f 170 169 168
f 169 163 168
f 169 166 163
f 167 166 171
f 171 166 169
f 170 172 169
f 169 172 171
f 173 151 152
f 153 173 152
f 173 154 151
f 155 154 174
f 154 173 174
f 153 156 174
f 153 174 173
f 157 174 156
f 175 159 174
f 174 159 155
f 160 175 157
f 157 175 174
f 175 161 159
f 162 161 176
f 161 175 176
f 160 164 176
f 160 176 175
f 165 177 164
f 164 177 176
f 167 177 165
f 176 168 162
f 168 176 170
f 176 178 170
f 176 177 178
f 171 178 167
f 167 178 177
f 178 172 170
f 172 178 171
f 181 180 179
f 179 182 181
f 180 183 179
f 179 183 182
f 184 180 181
f 182 184 181
f 184 183 180
f 183 184 182
f 187 186 185
f 185 188 187
f 191 190 189
f 193 192 189
f 189 192 191
f 192 193 186
f 193 185 186
f 193 194 185
f 188 185 195
f 195 185 194
f 189 190 196
f 196 190 197
f 189 198 193
f 189 196 198
f 193 199 194
f 193 198 199
f 195 194 200
f 200 194 199
f 197 201 196
f 196 201 198
f 198 201 202
f 198 202 199
f 199 202 203
f 199 203 200
f 206 205 204
f 204 207 206
f 210 209 208
f 212 211 208
f 208 211 210
f 211 212 205
f 212 204 205
f 212 213 204
f 207 204 214
f 204 215 214
f 204 213 215
f 186 187 215
f 187 214 215
f 187 216 214
f 187 188 216
f 216 188 217
f 208 209 218
f 218 209 219
f 208 220 212
f 208 218 220
f 220 190 191
f 213 220 191
f 212 220 213
f 213 191 192
f 213 192 215
f 215 192 186
f 195 222 221
f 217 195 221
f 188 195 217
f 222 223 221
f 219 224 218
f 226 225 224
f 225 218 224
f 225 220 218
f 225 197 190
f 225 190 220
f 228 227 222
f 195 228 222
f 200 228 195
f 222 227 223
f 226 229 225
f 225 229 197
f 229 201 197
f 229 230 201
f 201 231 202
f 230 231 201
f 202 232 203
f 231 232 202
f 200 203 228
f 228 203 232
f 235 234 233
f 233 236 235
f 238 237 206
f 206 237 205
f 206 207 238
f 238 207 239
f 242 241 240
f 240 243 242
f 233 234 210
f 234 209 210
f 234 244 209
f 245 236 233
f 210 245 233
f 211 245 210
f 211 205 237
f 211 237 245
f 246 239 207
f 246 207 214
f 216 240 241
f 246 216 241
f 214 216 246
f 216 217 240
f 217 243 240
f 217 247 243
f 244 219 209
f 248 219 244
f 249 247 217
f 249 217 221
f 221 223 249
f 249 223 250
f 248 251 219
f 219 251 224
f 226 224 251
f 226 251 252
f 254 253 227
f 254 227 228
f 223 227 250
f 250 227 253
f 252 255 226
f 226 255 229
f 229 256 230
f 255 256 229
f 230 257 231
f 256 257 230
f 231 258 232
f 257 258 231
f 228 232 254
f 254 232 258
f 261 260 259
f 259 262 261
f 259 260 235
f 260 234 235
f 260 263 234
f 265 264 236
f 236 264 235
f 264 262 235
f 262 259 235
f 237 238 265
f 238 264 265
f 238 266 264
f 268 267 239
f 267 238 239
f 267 266 238
f 241 242 268
f 242 267 268
f 242 269 267
f 242 243 269
f 269 243 270
f 263 244 234
f 271 244 263
f 245 265 236
f 265 245 237
f 246 268 239
f 268 246 241
f 247 273 272
f 270 247 272
f 243 247 270
f 273 274 272
f 271 248 244
f 275 248 271
f 273 247 249
f 278 277 276
f 277 278 250
f 278 274 250
f 273 249 250
f 273 250 274
f 275 279 248
f 248 279 251
f 281 280 252
f 251 281 252
f 279 281 251
f 283 282 280
f 283 280 281
f 284 282 283
f 287 286 285
f 285 286 276
f 285 276 277
f 254 285 277
f 253 254 277
f 253 277 250
f 280 255 252
f 255 280 256
f 256 280 282
f 284 288 282
f 288 256 282
f 288 257 256
f 285 258 287
f 258 288 287
f 258 257 288
f 258 285 254
f 289 260 261
f 262 289 261
f 291 290 289
f 290 260 289
f 290 263 260
f 293 291 292
f 292 291 264
f 291 289 264
f 289 262 264
f 292 264 294
f 264 295 294
f 264 266 295
f 297 295 296
f 295 267 296
f 295 266 267
f 269 298 267
f 267 298 296
f 270 298 269
f 301 300 299
f 290 301 299
f 271 290 299
f 263 290 271
f 302 293 292
f 302 292 294
f 303 297 296
f 303 296 298
f 303 298 304
f 306 304 305
f 305 304 272
f 304 298 272
f 298 270 272
f 274 305 272
f 300 307 299
f 271 299 307
f 308 271 307
f 275 271 308
f 311 310 309
f 309 310 306
f 309 306 305
f 276 309 305
f 278 276 305
f 278 305 274
f 308 312 275
f 275 312 279
f 279 313 281
f 312 313 279
f 281 314 283
f 313 314 281
f 316 315 284
f 283 316 284
f 314 316 283
f 315 316 311
f 315 311 309
f 287 315 309
f 286 287 309
f 286 309 276
f 315 288 284
f 288 315 287
f 319 318 317
f 317 320 319
f 318 321 317
f 317 321 320
f 324 323 322
f 322 325 324
f 322 323 326
f 326 323 327
f 325 322 328
f 328 322 326
f 331 330 329
f 333 332 329
f 329 332 331
f 333 334 332
f 326 327 335
f 335 327 336
f 328 326 337
f 337 326 335
f 330 338 329
f 329 338 333
f 333 338 339
f 333 339 334
f 336 340 335
f 335 340 337
f 343 342 341
f 341 344 343
f 345 290 291
f 293 345 291
f 341 342 295
f 342 294 295
f 342 346 294
f 348 347 297
f 297 347 295
f 347 344 295
f 344 341 295
f 348 349 347
f 350 300 301
f 351 350 301
f 351 301 290
f 352 351 290
f 345 352 290
f 354 352 353
f 353 352 302
f 352 345 302
f 345 293 302
f 355 353 302
f 294 355 302
f 346 355 294
f 303 348 297
f 303 304 348
f 304 356 348
f 356 349 348
f 304 357 356
f 306 357 304
f 350 307 300
f 308 307 350
f 351 308 350
f 358 308 351
f 359 354 353
f 362 361 360
f 355 359 353
f 364 363 361
f 364 361 362
f 363 364 356
f 363 356 357
f 311 363 357
f 310 311 357
f 310 357 306
f 358 365 308
f 308 365 312
f 312 366 313
f 365 366 312
f 361 314 360
f 314 366 360
f 314 313 366
f 314 361 316
f 316 361 363
f 316 363 311
f 369 368 367
f 371 370 367
f 367 370 369
f 373 372 371
f 371 372 370
f 375 374 373
f 373 374 372
f 375 376 374
f 379 378 377
f 379 377 368
f 368 377 367
f 377 318 367
f 318 319 367
f 367 319 320
f 380 367 320
f 371 367 380
f 371 381 373
f 371 380 381
f 383 375 382
f 375 381 382
f 375 373 381
f 375 383 376
f 377 378 384
f 384 378 385
f 386 321 318
f 377 386 318
f 384 386 377
f 380 320 321
f 386 380 321
f 387 380 386
f 380 388 381
f 380 387 388
f 382 381 389
f 381 390 389
f 381 388 390
f 390 391 389
f 384 385 324
f 385 323 324
f 385 392 323
f 384 324 325
f 393 384 325
f 386 384 393
f 386 394 387
f 386 393 394
f 387 395 388
f 387 394 395
f 388 396 390
f 388 395 396
f 391 390 397
f 397 390 396
f 400 399 398
f 398 401 400
f 404 403 402
f 402 405 404
f 392 327 323
f 406 327 392
f 328 407 393
f 328 393 325
f 407 330 331
f 394 407 331
f 393 407 394
f 394 331 332
f 394 332 395
f 396 395 408
f 395 334 408
f 334 409 408
f 334 395 332
f 396 408 397
f 412 411 410
f 414 413 410
f 410 413 412
f 416 415 414
f 414 415 413
f 415 416 399
f 416 398 399
f 416 417 398
f 401 398 418
f 398 419 418
f 398 417 419
f 419 420 418
f 402 403 421
f 421 403 422
f 405 402 423
f 423 402 421
f 425 336 424
f 336 406 424
f 336 327 406
f 424 426 407
f 337 424 407
f 328 337 407
f 425 424 337
f 426 428 427
f 426 427 338
f 407 426 338
f 330 407 338
f 338 427 429
f 430 338 429
f 339 338 430
f 334 339 409
f 409 339 430
f 410 411 431
f 431 411 432
f 434 414 433
f 414 431 433
f 414 410 431
f 436 435 434
f 435 414 434
f 435 416 414
f 416 437 417
f 416 435 437
f 439 419 438
f 419 437 438
f 419 417 437
f 419 439 420
f 422 440 421
f 421 440 423
f 425 340 336
f 340 425 337
f 428 441 427
f 427 441 429
f 432 442 431
f 431 442 433
f 436 443 435
f 445 444 443
f 444 435 443
f 444 437 435
f 438 437 446
f 446 437 444
f 447 342 343
f 344 447 343
f 445 448 444
f 444 448 446
f 450 449 447
f 449 342 447
f 449 346 342
f 450 447 344
f 347 450 344
f 451 450 347
f 347 349 451
f 451 349 452
f 453 351 352
f 354 453 352
f 455 355 454
f 355 449 454
f 355 346 449
f 457 456 455
f 457 455 454
f 457 452 456
f 452 356 456
f 452 349 356
f 458 358 453
f 453 358 351
f 359 459 354
f 459 453 354
f 459 458 453
f 359 355 459
f 355 455 459
f 362 360 459
f 362 459 455
f 362 455 364
f 364 455 456
f 364 456 356
f 458 365 358
f 365 458 366
f 366 458 459
f 366 459 360
f 462 461 460
f 460 463 462
f 466 465 464
f 464 467 466
f 461 468 460
f 460 468 463
f 465 469 464
f 464 469 467
f 470 368 369
f 470 369 471
f 369 472 471
f 369 370 472
f 473 370 372
f 473 472 370
f 474 372 374
f 474 473 372
f 476 475 376
f 475 374 376
f 475 474 374
f 476 477 475
f 478 378 379
f 479 478 379
f 479 379 368
f 480 479 368
f 470 480 368
f 480 470 471
f 382 481 383
f 476 376 383
f 481 476 383
f 482 476 481
f 477 476 483
f 483 476 482
f 484 385 478
f 478 385 378
f 478 479 485
f 478 485 484
f 389 481 382
f 481 389 391
f 486 481 391
f 482 481 486
f 483 482 487
f 487 482 486
f 488 392 484
f 484 392 385
f 484 485 489
f 484 489 488
f 491 490 486
f 391 491 486
f 397 491 391
f 486 490 487
f 494 493 492
f 496 495 492
f 492 495 494
f 399 400 496
f 400 495 496
f 400 497 495
f 400 401 497
f 497 401 498
f 500 499 404
f 404 499 403
f 404 405 500
f 500 405 501
f 502 406 488
f 488 406 392
f 488 489 503
f 488 503 502
f 505 504 408
f 505 408 409
f 397 408 491
f 491 408 504
f 507 506 412
f 412 506 411
f 413 492 493
f 507 413 493
f 412 413 507
f 492 413 415
f 492 415 496
f 496 415 399
f 508 498 401
f 508 401 418
f 418 420 508
f 508 420 509
f 499 422 403
f 510 422 499
f 423 501 405
f 423 511 501
f 502 424 406
f 503 512 502
f 512 424 502
f 512 426 424
f 428 426 512
f 428 512 513
f 429 514 430
f 514 515 430
f 515 409 430
f 515 505 409
f 518 517 516
f 506 518 516
f 432 506 516
f 411 506 432
f 433 519 434
f 519 436 434
f 521 520 439
f 521 439 438
f 420 439 509
f 509 439 520
f 510 522 422
f 422 522 440
f 423 440 511
f 511 440 522
f 513 523 428
f 428 523 441
f 429 441 514
f 441 524 514
f 441 523 524
f 514 524 515
f 517 525 516
f 525 527 526
f 525 526 442
f 516 525 442
f 432 516 442
f 519 433 442
f 526 519 442
f 528 519 526
f 529 443 436
f 519 529 436
f 528 529 519
f 445 443 529
f 532 531 530
f 530 521 532
f 521 446 532
f 521 438 446
f 527 533 526
f 526 533 528
f 528 533 534
f 528 534 529
f 529 534 535
f 531 532 535
f 532 448 535
f 445 529 535
f 445 535 448
f 448 532 446
f 536 449 450
f 451 537 450
f 450 537 536
f 452 537 451
f 536 454 449
f 454 536 457
f 457 536 537
f 457 537 452
f 538 461 462
f 463 538 462
f 539 465 466
f 467 539 466
f 538 468 461
f 468 538 463
f 539 469 465
f 469 539 467
f 541 540 472
f 472 540 471
f 542 472 473
f 542 541 472
f 543 473 474
f 543 542 473
f 545 543 544
f 543 475 544
f 543 474 475
f 477 544 475
f 547 546 480
f 480 546 479
f 480 471 540
f 480 540 547
f 545 544 548
f 545 548 549
f 483 548 477
f 477 548 544
f 546 485 479
f 550 485 546
f 549 548 551
f 549 551 552
f 487 551 483
f 483 551 548
f 554 489 553
f 489 550 553
f 489 485 550
f 555 554 553
f 552 551 490
f 491 552 490
f 556 552 491
f 490 551 487
f 558 557 494
f 494 557 493
f 560 558 559
f 558 495 559
f 558 494 495
f 497 561 495
f 495 561 559
f 498 561 497
f 562 499 500
f 564 562 563
f 562 500 563
f 501 565 563
f 501 563 500
f 565 566 563
f 567 503 554
f 554 503 489
f 554 555 568
f 569 554 568
f 567 554 569
f 570 569 568
f 572 571 504
f 572 504 505
f 491 504 556
f 556 504 571
f 574 573 507
f 507 573 506
f 507 493 557
f 507 557 574
f 575 560 559
f 577 576 575
f 559 577 575
f 561 577 559
f 508 578 498
f 578 561 498
f 578 577 561
f 509 578 508
f 579 510 562
f 562 510 499
f 511 565 501
f 565 511 580
f 579 580 511
f 580 579 564
f 562 564 579
f 565 580 566
f 567 512 503
f 512 567 513
f 567 581 513
f 567 569 581
f 569 570 582
f 583 569 582
f 581 569 583
f 582 572 583
f 572 515 583
f 572 505 515
f 585 584 518
f 518 584 517
f 518 506 573
f 518 573 585
f 576 577 586
f 576 586 587
f 521 586 520
f 586 578 520
f 586 577 578
f 520 578 509
f 579 522 510
f 522 579 511
f 581 523 513
f 523 581 524
f 524 581 583
f 524 583 515
f 584 588 517
f 517 588 525
f 527 525 588
f 527 588 589
f 587 586 530
f 531 587 530
f 590 587 531
f 530 586 521
f 589 591 527
f 527 591 533
f 533 592 534
f 591 592 533
f 534 593 535
f 592 593 534
f 531 535 590
f 590 535 593
f 594 540 541
f 542 595 541
f 541 595 594
f 543 596 542
f 542 596 595
f 545 596 543
f 597 546 547
f 540 594 547
f 594 597 547
f 594 598 597
f 595 600 599
f 598 595 599
f 594 595 598
f 602 601 600
f 595 602 600
f 596 602 595
f 549 602 545
f 545 602 596
f 603 550 597
f 597 550 546
f 604 597 598
f 603 597 604
f 598 599 605
f 606 598 605
f 604 598 606
f 606 605 601
f 602 606 601
f 607 606 602
f 552 607 549
f 549 607 602
f 603 553 550
f 553 603 555
f 603 608 555
f 603 604 608
f 609 604 606
f 608 604 609
f 610 606 607
f 609 606 610
f 556 610 552
f 552 610 607
f 611 557 558
f 560 611 558
f 612 564 563
f 566 612 563
f 608 568 555
f 568 608 570
f 608 613 570
f 608 609 613
f 572 613 571
f 613 610 571
f 613 609 610
f 571 610 556
f 615 614 574
f 574 614 573
f 574 557 611
f 616 574 611
f 615 574 616
f 618 616 617
f 617 616 575
f 616 611 575
f 611 560 575
f 576 617 575
f 612 580 564
f 580 612 566
f 613 582 570
f 582 613 572
f 619 584 585
f 573 614 620
f 619 573 620
f 621 619 620
f 585 573 619
f 622 621 620
f 618 617 623
f 618 623 624
f 587 623 576
f 576 623 617
f 619 588 584
f 588 619 589
f 619 625 589
f 619 621 625
f 621 622 626
f 627 621 626
f 625 621 627
f 627 626 624
f 623 627 624
f 628 627 623
f 590 628 587
f 587 628 623
f 625 591 589
f 591 625 592
f 592 625 627
f 592 627 593
f 593 627 628
f 593 628 590
f 629 599 600
f 601 629 600
f 629 605 599
f 605 629 601
f 630 614 615
f 616 631 615
f 615 631 630
f 618 631 616
f 630 620 614
f 620 630 622
f 630 632 622
f 630 631 632
f 624 632 618
f 618 632 631
f 632 626 622
f 626 632 624
f 635 634 633
f 637 636 633
f 633 636 635
f 639 638 637
f 637 638 636
f 639 640 638
f 633 634 641
f 641 634 642
f 633 643 637
f 633 641 643
f 645 639 644
f 639 643 644
f 639 637 643
f 639 645 640
f 641 642 646
f 646 642 647
f 641 648 643
f 641 646 648
f 644 643 649
f 649 643 648
f 647 650 646
f 646 650 648
f 648 650 651
f 648 651 649
f 653 652 635
f 635 652 634
f 654 635 636
f 654 653 635
f 656 654 655
f 654 638 655
f 654 636 638
f 640 655 638
f 652 642 634
f 657 642 652
f 656 655 645
f 644 656 645
f 658 656 644
f 645 655 640
f 660 647 659
f 647 657 659
f 647 642 657
f 661 660 659
f 649 658 644
f 649 662 658
f 660 650 647
f 661 663 660
f 663 650 660
f 663 651 650
f 649 651 662
f 662 651 663
f 664 652 653
f 654 665 653
f 653 665 664
f 656 665 654
f 666 657 664
f 664 657 652
f 667 664 665
f 666 664 667
f 658 667 656
f 656 667 665
f 666 659 657
f 659 666 661
f 666 668 661
f 666 667 668
f 662 668 658
f 658 668 667
f 668 663 661
f 663 668 662
f 671 670 669
f 669 672 671
f 675 674 673
f 675 673 670
f 673 669 670
f 673 676 669
f 672 669 677
f 677 669 676
f 673 674 678
f 678 674 679
f 681 676 680
f 676 678 680
f 676 673 678
f 676 681 677
f 679 682 678
f 678 682 680
f 685 684 683
f 687 686 683
f 683 686 685
f 687 688 686
f 691 690 689
f 691 689 684
f 689 683 684
f 689 692 683
f 692 670 671
f 687 692 671
f 683 692 687
f 671 672 687
f 672 688 687
f 672 693 688
f 696 695 694
f 698 697 694
f 694 697 696
f 700 699 698
f 698 699 697
f 702 701 700
f 700 701 699
f 701 702 690
f 702 689 690
f 702 703 689
f 703 674 675
f 692 703 675
f 689 703 692
f 670 692 675
f 706 705 704
f 706 693 705
f 693 677 705
f 693 672 677
f 694 695 707
f 707 695 708
f 694 709 698
f 694 707 709
f 698 710 700
f 698 709 710
f 700 711 702
f 700 710 711
f 702 712 703
f 702 711 712
f 712 679 674
f 712 674 703
f 704 705 681
f 680 704 681
f 713 704 680
f 681 705 677
f 707 708 714
f 714 708 715
f 707 716 709
f 707 714 716
f 709 717 710
f 709 716 717
f 719 711 718
f 711 717 718
f 711 710 717
f 711 719 712
f 712 719 720
f 712 720 679
f 720 682 679
f 720 721 682
f 680 682 713
f 713 682 721
f 715 722 714
f 714 722 716
f 716 722 723
f 716 723 717
f 717 723 724
f 717 724 718
f 727 726 725
f 725 728 727
f 725 726 729
f 729 726 730
f 728 725 731
f 731 725 729
f 729 730 732
f 732 730 733
f 731 729 734
f 734 729 732
f 733 735 732
f 732 735 734
f 738 737 736
f 736 739 738
f 742 741 740
f 742 740 737
f 737 740 736
f 740 684 736
f 684 685 736
f 685 686 736
f 686 743 736
f 743 739 736
f 686 744 743
f 688 744 686
f 747 746 745
f 749 748 745
f 745 748 747
f 751 750 749
f 749 750 748
f 753 752 751
f 751 752 750
f 755 754 753
f 753 754 752
f 754 755 741
f 741 755 740
f 755 690 740
f 690 691 740
f 740 691 684
f 743 744 756
f 743 756 757
f 693 756 688
f 688 756 744
f 745 746 758
f 758 746 759
f 758 695 696
f 749 758 696
f 745 758 749
f 749 696 697
f 749 697 751
f 751 697 699
f 751 699 753
f 753 699 701
f 753 701 755
f 755 701 690
f 757 756 706
f 704 757 706
f 760 757 704
f 706 756 693
f 759 761 758
f 695 758 761
f 762 695 761
f 708 695 762
f 765 764 763
f 764 760 763
f 760 713 763
f 760 704 713
f 767 715 766
f 715 762 766
f 715 708 762
f 768 767 766
f 770 769 719
f 770 719 718
f 719 771 720
f 769 771 719
f 763 721 765
f 721 771 765
f 721 720 771
f 721 763 713
f 767 722 715
f 768 772 767
f 772 722 767
f 772 723 722
f 723 773 724
f 772 773 723
f 718 724 770
f 770 724 773
f 776 775 774
f 774 777 776
f 774 775 727
f 775 726 727
f 775 778 726
f 727 728 774
f 728 777 774
f 728 779 777
f 778 730 726
f 780 730 778
f 731 779 728
f 731 781 779
f 783 733 782
f 733 780 782
f 733 730 780
f 782 781 783
f 781 734 783
f 781 731 734
f 783 735 733
f 735 783 734
f 785 784 738
f 738 784 737
f 738 739 785
f 785 739 786
f 789 788 787
f 791 790 787
f 787 790 789
f 741 742 791
f 742 790 791
f 742 792 790
f 742 737 784
f 742 784 792
f 743 786 739
f 743 793 786
f 795 794 747
f 747 794 746
f 796 747 748
f 796 795 747
f 797 748 750
f 797 796 748
f 752 787 788
f 797 752 788
f 750 752 797
f 787 752 754
f 787 754 791
f 791 754 741
f 800 799 798
f 799 793 798
f 793 757 798
f 793 743 757
f 794 759 746
f 801 759 794
f 800 798 802
f 800 802 803
f 760 802 757
f 757 802 798
f 801 804 759
f 759 804 761
f 806 805 762
f 761 806 762
f 804 806 761
f 808 807 805
f 808 805 806
f 809 807 808
f 812 811 810
f 810 811 803
f 810 803 802
f 765 810 802
f 764 765 802
f 764 802 760
f 805 766 762
f 766 805 768
f 805 813 768
f 805 807 813
f 807 809 814
f 815 807 814
f 813 807 815
f 769 770 815
f 814 769 815
f 816 769 814
f 810 771 812
f 771 816 812
f 771 769 816
f 771 810 765
f 819 818 817
f 817 820 819
f 813 772 768
f 772 813 773
f 773 813 815
f 773 815 770
f 817 818 821
f 821 818 822
f 820 817 823
f 823 817 821
f 821 822 824
f 824 822 825
f 823 821 826
f 826 821 824
f 824 825 827
f 827 825 828
f 826 824 829
f 829 824 827
f 827 828 776
f 828 775 776
f 828 830 775
f 776 777 827
f 777 829 827
f 777 831 829
f 830 778 775
f 832 778 830
f 779 831 777
f 779 833 831
f 832 780 778
f 834 780 832
f 781 833 779
f 781 835 833
f 834 836 780
f 780 836 782
f 781 782 835
f 835 782 836
f 839 838 837
f 837 784 839
f 784 785 839
f 841 840 839
f 841 839 785
f 786 841 785
f 843 842 789
f 789 842 788
f 844 789 790
f 844 843 789
f 792 837 838
f 844 792 838
f 790 792 844
f 840 846 845
f 846 837 845
f 792 845 837
f 845 792 847
f 784 847 792
f 847 784 846
f 846 841 847
f 840 841 846
f 846 784 837
f 793 847 786
f 786 847 841
f 848 794 795
f 848 795 849
f 795 850 849
f 795 796 850
f 851 796 797
f 851 850 796
f 797 788 842
f 797 842 851
f 854 853 852
f 852 853 845
f 852 845 847
f 800 852 847
f 799 800 847
f 799 847 793
f 855 801 848
f 848 801 794
f 848 849 856
f 848 856 855
f 859 858 857
f 857 858 854
f 852 857 854
f 860 857 852
f 803 860 800
f 800 860 852
f 855 804 801
f 856 861 855
f 861 804 855
f 861 806 804
f 806 862 808
f 861 862 806
f 864 863 809
f 808 864 809
f 862 864 808
f 863 864 859
f 857 863 859
f 865 863 857
f 812 865 811
f 865 860 811
f 865 857 860
f 811 860 803
f 863 814 809
f 814 863 816
f 816 863 865
f 816 865 812
f 868 867 866
f 866 818 868
f 818 819 868
f 870 869 868
f 870 868 819
f 820 870 819
f 866 867 871
f 871 867 872
f 871 818 866
f 818 871 822
f 869 870 873
f 874 873 870
f 823 874 820
f 820 874 870
f 871 872 875
f 875 872 876
f 875 822 871
f 822 875 825
f 873 874 877
f 878 877 874
f 826 878 823
f 823 878 874
f 875 876 879
f 879 876 880
f 879 825 875
f 825 879 828
f 877 878 881
f 882 881 878
f 829 882 826
f 826 882 878
f 879 880 883
f 883 880 884
f 828 885 830
f 885 882 830
f 886 830 882
f 830 886 883
f 881 883 886
f 883 881 885
f 885 879 883
f 828 879 885
f 885 881 882
f 882 829 886
f 829 887 886
f 829 831 887
f 883 884 888
f 888 884 889
f 830 890 832
f 830 891 890
f 891 830 892
f 883 892 830
f 892 883 893
f 890 893 883
f 883 888 890
f 890 888 832
f 891 893 890
f 892 887 891
f 887 833 891
f 887 831 833
f 888 889 894
f 894 889 895
f 894 832 888
f 832 894 834
f 893 891 896
f 897 896 891
f 835 897 833
f 833 897 891
f 895 898 894
f 896 897 898
f 897 836 898
f 834 894 898
f 834 898 836
f 836 897 835
f 899 838 839
f 840 899 839
f 900 842 843
f 844 901 843
f 843 901 900
f 838 899 844
f 899 901 844
f 899 902 901
f 845 902 840
f 840 902 899
f 903 849 850
f 903 850 904
f 850 905 904
f 850 851 905
f 851 842 900
f 906 851 900
f 905 851 906
f 908 907 906
f 900 908 906
f 901 908 900
f 854 908 853
f 908 902 853
f 908 901 902
f 853 902 845
f 909 856 903
f 903 856 849
f 903 904 910
f 903 910 909
f 913 912 911
f 911 912 907
f 911 907 908
f 859 911 908
f 858 859 908
f 858 908 854
f 909 861 856
f 910 914 909
f 914 861 909
f 914 862 861
f 911 864 913
f 864 914 913
f 864 862 914
f 864 911 859
f 915 867 868
f 869 915 868
f 917 916 915
f 916 867 915
f 916 872 867
f 915 869 917
f 869 918 917
f 869 873 918
f 916 876 872
f 919 876 916
f 877 918 873
f 877 920 918
f 919 880 876
f 921 880 919
f 881 920 877
f 881 922 920
f 921 884 880
f 923 884 921
f 881 886 924
f 925 881 924
f 922 881 925
f 887 924 886
f 923 889 884
f 926 889 923
f 925 924 892
f 893 925 892
f 927 925 893
f 892 924 887
f 929 895 928
f 895 926 928
f 895 889 926
f 928 927 929
f 927 896 929
f 927 893 896
f 929 898 895
f 898 929 896
f 932 931 930
f 930 933 932
f 936 935 934
f 938 937 934
f 934 937 936
f 940 939 938
f 939 930 938
f 931 937 938
f 931 938 930
f 930 939 933
f 935 941 934
f 934 941 938
f 938 941 942
f 938 942 940
f 943 904 905
f 906 944 905
f 905 944 943
f 907 944 906
f 945 910 943
f 943 910 904
f 913 945 912
f 945 944 912
f 945 943 944
f 912 944 907
f 945 914 910
f 914 945 913
f 948 947 946
f 946 916 948
f 916 917 948
f 950 949 948
f 950 948 917
f 918 950 917
f 946 947 951
f 951 947 952
f 951 916 946
f 916 951 919
f 949 950 953
f 954 953 950
f 920 954 918
f 918 954 950
f 951 952 955
f 955 952 956
f 955 919 951
f 919 955 921
f 953 954 957
f 958 957 954
f 922 958 920
f 920 958 954
f 955 956 959
f 959 956 960
f 959 921 955
f 921 959 923
f 957 958 961
f 962 961 958
f 925 962 922
f 922 962 958
f 960 963 959
f 923 959 926
f 963 926 959
f 926 963 964
f 961 964 963
f 964 961 962
f 927 964 925
f 925 964 962
f 964 928 926
f 928 964 927
f 966 965 932
f 932 965 931
f 968 967 933
f 967 932 933
f 967 966 932
f 968 969 967
f 971 970 936
f 936 970 935
f 972 936 937
f 972 971 936
f 965 973 931
f 965 939 973
f 939 965 974
f 972 974 965
f 974 972 940
f 973 940 972
f 972 937 973
f 973 937 931
f 939 940 973
f 974 975 939
f 939 975 933
f 975 976 933
f 976 968 933
f 968 976 969
f 970 977 935
f 935 977 941
f 941 978 942
f 977 978 941
f 940 942 974
f 942 979 974
f 942 978 979
f 974 979 975
f 980 947 948
f 949 980 948
f 982 981 980
f 981 947 980
f 981 952 947
f 980 949 982
f 949 983 982
f 949 953 983
f 981 956 952
f 984 956 981
f 957 983 953
f 957 985 983
f 984 960 956
f 986 960 984
f 961 985 957
f 961 987 985
f 986 988 960
f 960 988 963
f 961 963 987
f 987 963 988
f 991 990 989
f 989 992 991
f 994 993 966
f 966 993 965
f 995 966 967
f 995 994 966
f 996 989 969
f 989 995 969
f 995 967 969
f 989 990 995
f 992 989 997
f 997 989 996
f 998 970 971
f 998 971 999
f 971 1000 999
f 971 972 1000
f 972 965 993
f 972 993 1000
f 975 1001 976
f 1001 1002 976
f 976 1002 969
f 1002 1003 969
f 1003 996 969
f 996 1003 997
f 998 977 970
f 999 1004 998
f 1004 977 998
f 1004 978 977
f 978 1005 979
f 1004 1005 978
f 975 979 1001
f 979 1006 1001
f 979 1005 1006
f 1001 1006 1002
f 1007 981 982
f 983 1007 982
f 1008 984 1007
f 1007 984 981
f 985 1008 983
f 983 1008 1007
f 1009 986 1008
f 1008 986 984
f 987 1009 985
f 985 1009 1008
f 1009 988 986
f 988 1009 987
f 1011 1010 991
f 991 1010 990
f 1013 1012 992
f 1012 991 992
f 1012 1011 991
f 1013 1014 1012
f 1016 1015 994
f 994 1015 993
f 1017 994 995
f 1017 1016 994
f 995 990 1010
f 995 1010 1017
f 1019 1018 1013
f 992 1019 1013
f 997 1019 992
f 1013 1018 1014
f 1020 999 1000
f 1021 1020 1000
f 993 1021 1000
f 1015 1021 993
f 1023 1022 1003
f 1023 1003 1002
f 997 1003 1019
f 1019 1003 1022
f 1020 1004 999
f 1021 1024 1020
f 1024 1004 1020
f 1024 1005 1004
f 1005 1025 1006
f 1024 1025 1005
f 1002 1006 1023
f 1023 1006 1025
f 1028 1027 1026
f 1026 1029 1028
f 1032 1031 1030
f 1032 1030 1027
f 1030 1026 1027
f 1030 1033 1026
f 1029 1026 1034
f 1026 1035 1034
f 1026 1033 1035
f 1035 1036 1034
f 1030 1031 1037
f 1037 1031 1038
f 1030 1039 1033
f 1030 1037 1039
f 1033 1040 1035
f 1033 1039 1040
f 1036 1035 1041
f 1035 1042 1041
f 1035 1040 1042
f 1042 1043 1041
f 1038 1044 1037
f 1046 1045 1044
f 1045 1037 1044
f 1045 1039 1037
f 1039 1047 1040
f 1039 1045 1047
f 1040 1048 1042
f 1040 1047 1048
f 1043 1042 1049
f 1049 1042 1048
f 1052 1051 1050
f 1054 1053 1050
f 1050 1053 1052
f 1056 1055 1054
f 1054 1055 1053
f 1058 1057 1056
f 1056 1057 1055
f 1058 1059 1057
f 1046 1060 1045
f 1062 1061 1060
f 1061 1045 1060
f 1061 1047 1045
f 1047 1063 1048
f 1047 1061 1063
f 1049 1048 1064
f 1064 1048 1063
f 1051 1065 1050
f 1067 1066 1065
f 1066 1050 1065
f 1066 1054 1050
f 1054 1068 1056
f 1054 1066 1068
f 1056 1069 1058
f 1056 1068 1069
f 1059 1058 1070
f 1058 1071 1070
f 1058 1069 1071
f 1071 1072 1070
f 1062 1073 1061
f 1061 1073 1063
f 1063 1073 1074
f 1063 1074 1064
f 1066 1067 1075
f 1075 1067 1076
f 1066 1077 1068
f 1066 1075 1077
f 1079 1069 1078
f 1069 1077 1078
f 1069 1068 1077
f 1081 1080 1079
f 1080 1069 1079
f 1080 1071 1069
f 1072 1071 1082
f 1082 1071 1080
f 1076 1083 1075
f 1075 1083 1077
f 1077 1083 1084
f 1077 1084 1078
f 1081 1085 1080
f 1080 1085 1082
f 1088 1087 1086
f 1090 1089 1086
f 1086 1089 1088
f 1010 1011 1090
f 1011 1089 1090
f 1011 1091 1089
f 1092 1011 1012
f 1092 1091 1011
f 1012 1014 1092
f 1092 1014 1093
f 1086 1087 1016
f 1087 1015 1016
f 1087 1094 1015
f 1086 1016 1017
f 1086 1017 1090
f 1090 1017 1010
f 1019 1095 1018
f 1095 1096 1018
f 1096 1014 1018
f 1096 1093 1014
f 1098 1021 1097
f 1021 1094 1097
f 1021 1015 1094
f 1099 1098 1097
f 1101 1100 1022
f 1101 1022 1023
f 1019 1022 1095
f 1022 1102 1095
f 1022 1100 1102
f 1095 1102 1096
f 1105 1104 1103
f 1103 1106 1105
f 1098 1024 1021
f 1099 1107 1098
f 1107 1024 1098
f 1107 1025 1024
f 1023 1025 1101
f 1101 1025 1107
f 1104 1108 1103
f 1103 1108 1106
f 1111 1110 1109
f 1109 1112 1111
f 1109 1110 1113
f 1113 1110 1114
f 1112 1109 1115
f 1115 1109 1113
f 1113 1114 1116
f 1116 1114 1117
f 1115 1113 1118
f 1118 1113 1116
f 1116 1117 1119
f 1119 1117 1120
f 1118 1116 1121
f 1121 1116 1119
f 1120 1122 1119
f 1119 1122 1121
f 1125 1124 1123
f 1127 1126 1123
f 1123 1126 1125
f 1127 1128 1126
f 1131 1130 1129
f 1131 1129 1124
f 1124 1129 1123
f 1129 1027 1123
f 1027 1028 1123
f 1123 1028 1029
f 1132 1123 1029
f 1127 1123 1132
f 1128 1127 1133
f 1133 1127 1132
f 1136 1135 1134
f 1138 1137 1134
f 1134 1137 1136
f 1138 1139 1137
f 1142 1141 1140
f 1142 1140 1130
f 1130 1140 1129
f 1140 1031 1129
f 1031 1032 1129
f 1129 1032 1027
f 1034 1132 1029
f 1034 1036 1132
f 1036 1133 1132
f 1036 1143 1133
f 1134 1135 1144
f 1144 1135 1145
f 1134 1146 1138
f 1134 1144 1146
f 1139 1138 1147
f 1138 1148 1147
f 1138 1146 1148
f 1148 1149 1147
f 1152 1151 1150
f 1150 1153 1152
f 1140 1141 1154
f 1154 1141 1155
f 1154 1038 1031
f 1154 1031 1140
f 1156 1143 1036
f 1156 1036 1041
f 1158 1157 1043
f 1157 1041 1043
f 1157 1156 1041
f 1157 1158 1145
f 1158 1144 1145
f 1158 1159 1144
f 1144 1160 1146
f 1144 1159 1160
f 1146 1161 1148
f 1146 1160 1161
f 1149 1148 1162
f 1162 1148 1161
f 1165 1164 1163
f 1165 1163 1151
f 1163 1150 1151
f 1163 1166 1150
f 1153 1150 1167
f 1150 1168 1167
f 1150 1166 1168
f 1168 1169 1167
f 1172 1171 1170
f 1172 1170 1155
f 1170 1154 1155
f 1170 1173 1154
f 1174 1044 1038
f 1154 1174 1038
f 1173 1174 1154
f 1174 1046 1044
f 1049 1175 1158
f 1049 1158 1043
f 1158 1176 1159
f 1158 1175 1176
f 1159 1177 1160
f 1159 1176 1177
f 1160 1178 1161
f 1160 1177 1178
f 1052 1179 1051
f 1179 1161 1051
f 1161 1178 1051
f 1161 1179 1162
f 1053 1163 1164
f 1179 1053 1164
f 1052 1053 1179
f 1163 1053 1055
f 1163 1055 1166
f 1166 1055 1057
f 1166 1057 1168
f 1181 1180 1059
f 1059 1180 1057
f 1180 1169 1057
f 1169 1168 1057
f 1181 1182 1180
f 1170 1171 1183
f 1183 1171 1184
f 1186 1173 1185
f 1173 1183 1185
f 1173 1170 1183
f 1173 1186 1174
f 1174 1186 1187
f 1174 1187 1046
f 1187 1060 1046
f 1187 1188 1060
f 1062 1060 1188
f 1062 1188 1189
f 1064 1190 1175
f 1064 1175 1049
f 1192 1176 1191
f 1176 1190 1191
f 1176 1175 1190
f 1176 1192 1177
f 1177 1192 1193
f 1195 1194 1193
f 1194 1177 1193
f 1194 1178 1177
f 1196 1065 1051
f 1178 1196 1051
f 1194 1196 1178
f 1196 1067 1065
f 1070 1181 1059
f 1198 1197 1072
f 1072 1197 1070
f 1197 1182 1070
f 1182 1181 1070
f 1198 1199 1197
f 1184 1200 1183
f 1183 1200 1185
f 1189 1201 1062
f 1062 1201 1073
f 1073 1202 1074
f 1201 1202 1073
f 1064 1074 1190
f 1074 1203 1190
f 1074 1202 1203
f 1190 1203 1191
f 1195 1204 1194
f 1206 1205 1204
f 1205 1194 1204
f 1205 1196 1194
f 1205 1076 1067
f 1205 1067 1196
f 1078 1207 1079
f 1207 1081 1079
f 1082 1208 1198
f 1082 1198 1072
f 1199 1198 1209
f 1198 1210 1209
f 1198 1208 1210
f 1210 1211 1209
f 1206 1212 1205
f 1212 1214 1213
f 1212 1213 1083
f 1205 1212 1083
f 1076 1205 1083
f 1215 1084 1083
f 1215 1083 1213
f 1207 1078 1084
f 1215 1207 1084
f 1216 1207 1215
f 1217 1085 1081
f 1207 1217 1081
f 1216 1217 1207
f 1208 1082 1085
f 1217 1208 1085
f 1218 1208 1217
f 1208 1219 1210
f 1208 1218 1219
f 1211 1210 1220
f 1220 1210 1219
f 1214 1221 1213
f 1213 1221 1215
f 1215 1221 1222
f 1215 1222 1216
f 1216 1222 1223
f 1216 1223 1217
f 1217 1223 1224
f 1217 1224 1218
f 1218 1224 1225
f 1218 1225 1219
f 1219 1225 1226
f 1219 1226 1220
f 1229 1228 1227
f 1231 1230 1227
f 1227 1230 1229
f 1233 1232 1231
f 1231 1232 1230
f 1233 1234 1232
f 1236 1235 1088
f 1088 1235 1087
f 1238 1236 1237
f 1236 1089 1237
f 1236 1088 1089
f 1228 1239 1227
f 1239 1089 1227
f 1089 1091 1227
f 1089 1239 1237
f 1227 1091 1092
f 1227 1092 1231
f 1231 1092 1093
f 1240 1231 1093
f 1233 1231 1240
f 1234 1233 1241
f 1241 1233 1240
f 1235 1094 1087
f 1242 1094 1235
f 1243 1238 1237
f 1243 1237 1239
f 1245 1244 1240
f 1093 1245 1240
f 1096 1245 1093
f 1240 1244 1241
f 1248 1247 1246
f 1246 1249 1248
f 1242 1250 1094
f 1094 1250 1097
f 1252 1251 1099
f 1097 1252 1099
f 1250 1252 1097
f 1253 1100 1101
f 1254 1251 1252
f 1100 1253 1255
f 1256 1100 1255
f 1102 1100 1256
f 1096 1102 1245
f 1245 1102 1256
f 1247 1257 1246
f 1258 1104 1105
f 1257 1249 1246
f 1106 1258 1105
f 1251 1107 1099
f 1251 1254 1107
f 1254 1259 1107
f 1253 1101 1107
f 1253 1107 1259
f 1253 1259 1255
f 1258 1108 1104
f 1108 1258 1106
f 1260 1110 1111
f 1112 1260 1111
f 1263 1262 1261
f 1110 1261 1114
f 1261 1110 1263
f 1260 1263 1110
f 1263 1260 1264
f 1265 1264 1260
f 1115 1265 1112
f 1112 1265 1260
f 1262 1266 1261
f 1114 1261 1117
f 1266 1117 1261
f 1117 1266 1267
f 1264 1267 1266
f 1267 1264 1265
f 1118 1267 1115
f 1115 1267 1265
f 1268 1120 1267
f 1267 1120 1117
f 1121 1268 1118
f 1118 1268 1267
f 1268 1122 1120
f 1122 1268 1121
f 1271 1270 1269
f 1269 1272 1271
f 1275 1274 1273
f 1273 1276 1275
f 1279 1278 1277
f 1277 1280 1279
f 1282 1281 1125
f 1125 1281 1124
f 1283 1125 1126
f 1283 1282 1125
f 1285 1284 1128
f 1284 1126 1128
f 1284 1283 1126
f 1284 1285 1270
f 1285 1269 1270
f 1285 1286 1269
f 1272 1269 1287
f 1269 1288 1287
f 1269 1286 1288
f 1290 1289 1288
f 1288 1289 1287
f 1290 1291 1289
f 1294 1293 1292
f 1294 1292 1274
f 1292 1273 1274
f 1292 1295 1273
f 1276 1273 1296
f 1273 1297 1296
f 1273 1295 1297
f 1299 1298 1297
f 1297 1298 1296
f 1299 1300 1298
f 1277 1278 1301
f 1301 1278 1302
f 1280 1304 1303
f 1304 1280 1131
f 1277 1131 1280
f 1131 1277 1130
f 1301 1130 1277
f 1305 1304 1131
f 1124 1305 1131
f 1281 1305 1124
f 1133 1306 1285
f 1133 1285 1128
f 1285 1307 1286
f 1285 1306 1307
f 1307 1135 1136
f 1288 1307 1136
f 1286 1307 1288
f 1288 1136 1137
f 1288 1137 1290
f 1309 1308 1139
f 1139 1308 1137
f 1308 1291 1137
f 1291 1290 1137
f 1311 1310 1309
f 1310 1292 1309
f 1293 1308 1309
f 1293 1309 1292
f 1313 1312 1310
f 1312 1292 1310
f 1312 1295 1292
f 1295 1314 1297
f 1295 1312 1314
f 1297 1315 1299
f 1297 1314 1315
f 1300 1299 1316
f 1316 1299 1315
f 1319 1318 1317
f 1319 1317 1302
f 1302 1317 1301
f 1317 1141 1301
f 1141 1142 1301
f 1304 1320 1303
f 1130 1301 1142
f 1320 1304 1305
f 1143 1321 1306
f 1143 1306 1133
f 1306 1322 1307
f 1306 1321 1322
f 1322 1145 1135
f 1322 1135 1307
f 1147 1309 1139
f 1324 1323 1149
f 1149 1323 1147
f 1323 1311 1147
f 1311 1309 1147
f 1323 1324 1313
f 1324 1312 1313
f 1324 1325 1312
f 1325 1151 1152
f 1314 1325 1152
f 1312 1325 1314
f 1314 1152 1153
f 1326 1314 1153
f 1315 1314 1326
f 1316 1315 1327
f 1327 1315 1326
f 1317 1318 1328
f 1328 1318 1329
f 1328 1155 1141
f 1328 1141 1317
f 1156 1321 1143
f 1321 1156 1157
f 1321 1157 1322
f 1322 1157 1145
f 1162 1330 1324
f 1162 1324 1149
f 1330 1164 1165
f 1325 1330 1165
f 1324 1330 1325
f 1325 1165 1151
f 1167 1326 1153
f 1167 1169 1326
f 1169 1327 1326
f 1169 1331 1327
f 1328 1329 1172
f 1329 1171 1172
f 1329 1332 1171
f 1328 1172 1155
f 1179 1330 1162
f 1330 1179 1164
f 1333 1331 1169
f 1333 1169 1180
f 1180 1182 1333
f 1333 1182 1334
f 1337 1336 1335
f 1335 1338 1337
f 1341 1340 1339
f 1332 1341 1339
f 1184 1332 1339
f 1171 1332 1184
f 1185 1342 1186
f 1343 1187 1186
f 1343 1186 1342
f 1344 1188 1187
f 1344 1187 1343
f 1344 1189 1188
f 1347 1346 1345
f 1348 1192 1191
f 1349 1345 1346
f 1350 1193 1192
f 1350 1192 1348
f 1350 1195 1193
f 1351 1334 1182
f 1351 1182 1197
f 1197 1336 1351
f 1336 1197 1335
f 1199 1335 1197
f 1335 1199 1352
f 1353 1352 1199
f 1335 1352 1338
f 1340 1354 1339
f 1354 1356 1355
f 1354 1355 1200
f 1339 1354 1200
f 1184 1339 1200
f 1355 1357 1200
f 1200 1357 1185
f 1357 1358 1185
f 1358 1342 1185
f 1342 1358 1343
f 1343 1358 1359
f 1343 1359 1344
f 1344 1359 1360
f 1344 1360 1189
f 1360 1201 1189
f 1360 1361 1201
f 1201 1362 1202
f 1361 1362 1201
f 1345 1203 1347
f 1203 1362 1347
f 1203 1202 1362
f 1345 1349 1203
f 1349 1363 1203
f 1348 1191 1203
f 1348 1203 1363
f 1348 1363 1350
f 1350 1363 1364
f 1350 1364 1195
f 1364 1204 1195
f 1364 1365 1204
f 1206 1204 1365
f 1206 1365 1366
f 1367 1353 1199
f 1367 1199 1209
f 1209 1211 1367
f 1367 1211 1368
f 1356 1369 1355
f 1355 1369 1357
f 1366 1370 1206
f 1206 1370 1212
f 1214 1212 1370
f 1214 1370 1371
f 1220 1368 1211
f 1220 1372 1368
f 1371 1373 1214
f 1214 1373 1221
f 1373 1375 1374
f 1222 1373 1374
f 1221 1373 1222
f 1376 1223 1222
f 1376 1222 1374
f 1377 1224 1223
f 1377 1223 1376
f 1378 1225 1224
f 1378 1224 1377
f 1379 1226 1225
f 1379 1225 1378
f 1379 1380 1226
f 1380 1220 1226
f 1380 1372 1220
f 1375 1381 1374
f 1374 1381 1376
f 1376 1381 1382
f 1376 1382 1377
f 1377 1382 1383
f 1377 1383 1378
f 1378 1383 1384
f 1378 1384 1379
f 1379 1384 1385
f 1379 1385 1380
f 1387 1386 1229
f 1229 1386 1228
f 1388 1229 1230
f 1388 1387 1229
f 1389 1230 1232
f 1389 1388 1230
f 1232 1234 1389
f 1389 1234 1390
f 1392 1391 1236
f 1236 1391 1235
f 1236 1238 1392
f 1392 1238 1393
f 1386 1239 1228
f 1394 1239 1386
f 1241 1390 1234
f 1241 1395 1390
f 1398 1397 1396
f 1396 1399 1398
f 1401 1242 1400
f 1242 1391 1400
f 1242 1235 1391
f 1402 1401 1243
f 1401 1393 1243
f 1393 1238 1243
f 1393 1401 1400
f 1239 1394 1403
f 1402 1239 1403
f 1404 1402 1403
f 1243 1239 1402
f 1405 1404 1403
f 1407 1406 1244
f 1407 1244 1245
f 1241 1244 1395
f 1395 1244 1406
f 1396 1397 1408
f 1408 1397 1409
f 1399 1411 1410
f 1411 1399 1248
f 1396 1248 1399
f 1248 1396 1247
f 1408 1247 1396
f 1249 1411 1248
f 1401 1250 1242
f 1250 1401 1252
f 1252 1401 1402
f 1252 1402 1254
f 1402 1412 1254
f 1402 1404 1412
f 1413 1256 1255
f 1404 1413 1255
f 1412 1404 1255
f 1413 1404 1405
f 1245 1256 1407
f 1407 1256 1413
f 1409 1414 1408
f 1411 1247 1408
f 1247 1411 1257
f 1415 1257 1411
f 1416 1415 1411
f 1415 1416 1417
f 1410 1417 1416
f 1417 1410 1414
f 1408 1414 1410
f 1411 1408 1410
f 1416 1411 1418
f 1411 1249 1418
f 1257 1415 1418
f 1257 1418 1249
f 1412 1259 1254
f 1259 1412 1255
f 1415 1417 1419
f 1419 1417 1420
f 1418 1415 1421
f 1421 1415 1419
f 1419 1420 1422
f 1422 1420 1423
f 1421 1419 1424
f 1424 1419 1422
f 1423 1425 1422
f 1426 1262 1263
f 1425 1424 1422
f 1264 1426 1263
f 1428 1266 1427
f 1266 1262 1427
f 1427 1262 1426
f 1429 1427 1426
f 1429 1426 1430
f 1426 1264 1430
f 1266 1428 1430
f 1266 1430 1264
f 1428 1427 1431
f 1431 1427 1432
f 1430 1428 1433
f 1433 1428 1431
f 1432 1434 1431
f 1431 1434 1433
f 1437 1436 1435
f 1439 1438 1435
f 1435 1438 1437
f 1439 1270 1438
f 1270 1271 1438
f 1441 1440 1438
f 1441 1438 1271
f 1272 1441 1271
f 1444 1443 1442
f 1442 1274 1444
f 1274 1275 1444
f 1446 1445 1444
f 1446 1444 1275
f 1276 1446 1275
f 1448 1447 1279
f 1279 1447 1278
f 1450 1449 1280
f 1449 1279 1280
f 1449 1448 1279
f 1281 1282 1450
f 1282 1449 1450
f 1282 1451 1449
f 1283 1435 1436
f 1451 1283 1436
f 1282 1283 1451
f 1435 1283 1284
f 1435 1284 1439
f 1441 1452 1440
f 1270 1439 1284
f 1452 1441 1272
f 1287 1452 1272
f 1453 1452 1287
f 1454 1287 1289
f 1454 1453 1287
f 1456 1455 1291
f 1455 1289 1291
f 1455 1454 1289
f 1455 1456 1443
f 1443 1456 1442
f 1456 1293 1442
f 1293 1294 1442
f 1446 1457 1445
f 1274 1442 1294
f 1457 1446 1276
f 1296 1457 1276
f 1458 1457 1296
f 1460 1458 1459
f 1458 1298 1459
f 1458 1296 1298
f 1300 1459 1298
f 1447 1302 1278
f 1461 1302 1447
f 1303 1462 1450
f 1303 1450 1280
f 1462 1305 1281
f 1462 1281 1450
f 1308 1456 1291
f 1293 1456 1308
f 1310 1311 1463
f 1463 1313 1310
f 1460 1459 1464
f 1460 1464 1465
f 1316 1464 1300
f 1300 1464 1459
f 1467 1466 1319
f 1319 1466 1318
f 1319 1302 1461
f 1319 1461 1467
f 1320 1462 1303
f 1462 1320 1305
f 1323 1463 1311
f 1463 1323 1313
f 1468 1465 1464
f 1316 1327 1464
f 1327 1469 1464
f 1469 1468 1464
f 1469 1327 1470
f 1470 1471 1469
f 1466 1329 1318
f 1472 1329 1466
f 1331 1473 1470
f 1331 1470 1327
f 1471 1470 1474
f 1470 1475 1474
f 1470 1473 1475
f 1475 1476 1474
f 1472 1332 1329
f 1477 1332 1472
f 1333 1473 1331
f 1473 1333 1334
f 1478 1473 1334
f 1475 1473 1478
f 1337 1479 1336
f 1479 1475 1336
f 1475 1478 1336
f 1475 1479 1476
f 1337 1338 1479
f 1479 1338 1480
f 1482 1481 1341
f 1341 1481 1340
f 1341 1332 1477
f 1341 1477 1482
f 1485 1484 1483
f 1486 1483 1484
f 1347 1487 1346
f 1487 1349 1346
f 1351 1478 1334
f 1336 1478 1351
f 1352 1353 1488
f 1488 1489 1352
f 1489 1338 1352
f 1489 1480 1338
f 1354 1340 1490
f 1340 1491 1490
f 1340 1481 1491
f 1490 1356 1354
f 1493 1492 1358
f 1493 1358 1357
f 1483 1359 1485
f 1359 1492 1485
f 1359 1358 1492
f 1486 1494 1483
f 1494 1359 1483
f 1494 1360 1359
f 1360 1495 1361
f 1494 1495 1360
f 1361 1496 1362
f 1495 1496 1361
f 1347 1362 1487
f 1362 1497 1487
f 1362 1496 1497
f 1497 1499 1498
f 1497 1498 1363
f 1487 1497 1363
f 1349 1487 1363
f 1363 1498 1500
f 1501 1363 1500
f 1364 1363 1501
f 1501 1503 1502
f 1365 1501 1502
f 1364 1501 1365
f 1502 1366 1365
f 1367 1488 1353
f 1505 1504 1368
f 1368 1504 1367
f 1504 1489 1367
f 1489 1488 1367
f 1505 1506 1504
f 1491 1507 1490
f 1490 1507 1356
f 1507 1369 1356
f 1507 1508 1369
f 1357 1369 1493
f 1493 1369 1508
f 1499 1509 1498
f 1498 1509 1500
f 1503 1510 1502
f 1510 1512 1511
f 1510 1511 1370
f 1502 1510 1370
f 1366 1502 1370
f 1511 1371 1370
f 1372 1513 1505
f 1372 1505 1368
f 1506 1505 1514
f 1514 1505 1513
f 1512 1515 1511
f 1515 1517 1516
f 1515 1516 1373
f 1511 1515 1373
f 1371 1511 1373
f 1516 1375 1373
f 1380 1518 1513
f 1380 1513 1372
f 1514 1513 1519
f 1519 1513 1518
f 1517 1520 1516
f 1516 1520 1375
f 1520 1381 1375
f 1520 1521 1381
f 1381 1522 1382
f 1521 1522 1381
f 1522 1524 1523
f 1383 1522 1523
f 1382 1522 1383
f 1525 1384 1383
f 1525 1383 1523
f 1526 1385 1384
f 1526 1384 1525
f 1526 1527 1385
f 1385 1527 1380
f 1527 1528 1380
f 1528 1518 1380
f 1518 1528 1519
f 1524 1529 1523
f 1523 1529 1525
f 1525 1529 1530
f 1525 1530 1526
f 1526 1530 1531
f 1526 1531 1527
f 1534 1533 1532
f 1532 1535 1534
f 1537 1536 1387
f 1387 1536 1386
f 1388 1532 1533
f 1537 1388 1533
f 1387 1388 1537
f 1538 1535 1532
f 1388 1538 1532
f 1389 1538 1388
f 1389 1390 1538
f 1538 1390 1539
f 1542 1541 1540
f 1540 1543 1542
f 1544 1391 1392
f 1393 1544 1392
f 1546 1394 1545
f 1394 1536 1545
f 1394 1386 1536
f 1547 1546 1545
f 1550 1549 1548
f 1549 1539 1548
f 1539 1395 1548
f 1539 1390 1395
f 1541 1551 1540
f 1552 1397 1398
f 1551 1543 1540
f 1399 1552 1398
f 1544 1400 1391
f 1400 1544 1393
f 1546 1403 1394
f 1405 1403 1546
f 1547 1405 1546
f 1553 1405 1547
f 1550 1548 1406
f 1407 1550 1406
f 1554 1550 1407
f 1406 1548 1395
f 1556 1555 1552
f 1555 1397 1552
f 1555 1409 1397
f 1552 1399 1556
f 1399 1557 1556
f 1399 1410 1557
f 1553 1558 1405
f 1405 1558 1413
f 1407 1413 1554
f 1554 1413 1558
f 1414 1409 1559
f 1409 1560 1559
f 1409 1555 1560
f 1417 1414 1559
f 1416 1561 1410
f 1562 1410 1561
f 1410 1562 1557
f 1418 1561 1416
f 1559 1560 1563
f 1563 1560 1564
f 1563 1417 1559
f 1417 1563 1420
f 1562 1561 1565
f 1566 1565 1561
f 1421 1566 1418
f 1418 1566 1561
f 1564 1567 1563
f 1420 1563 1423
f 1567 1423 1563
f 1423 1567 1568
f 1565 1568 1567
f 1568 1565 1566
f 1424 1568 1421
f 1421 1568 1566
f 1570 1425 1569
f 1425 1423 1569
f 1569 1423 1568
f 1571 1569 1568
f 1571 1568 1572
f 1568 1424 1572
f 1425 1570 1572
f 1425 1572 1424
f 1569 1573 1570
f 1574 1427 1429
f 1573 1572 1570
f 1430 1574 1429
f 1575 1432 1574
f 1574 1432 1427
f 1433 1575 1430
f 1430 1575 1574
f 1575 1434 1432
f 1434 1575 1433
f 1576 1436 1437
f 1438 1577 1437
f 1437 1577 1576
f 1440 1577 1438
f 1578 1443 1444
f 1445 1578 1444
f 1579 1447 1448
f 1579 1448 1580
f 1448 1581 1580
f 1448 1449 1581
f 1583 1581 1582
f 1581 1451 1582
f 1581 1449 1451
f 1584 1582 1451
f 1584 1451 1436
f 1585 1584 1436
f 1576 1585 1436
f 1585 1576 1577
f 1585 1577 1586
f 1586 1577 1440
f 1452 1586 1440
f 1587 1586 1452
f 1588 1452 1453
f 1588 1587 1452
f 1589 1453 1454
f 1589 1588 1453
f 1590 1454 1455
f 1590 1589 1454
f 1455 1443 1578
f 1591 1455 1578
f 1590 1455 1591
f 1591 1578 1445
f 1457 1591 1445
f 1592 1591 1457
f 1593 1457 1458
f 1593 1592 1457
f 1458 1460 1593
f 1593 1460 1594
f 1596 1595 1579
f 1595 1447 1579
f 1595 1461 1447
f 1596 1579 1580
f 1597 1583 1582
f 1597 1582 1584
f 1465 1594 1460
f 1465 1598 1594
f 1601 1600 1599
f 1599 1602 1601
f 1604 1603 1467
f 1467 1603 1466
f 1467 1461 1595
f 1467 1595 1604
f 1605 1598 1465
f 1605 1465 1468
f 1606 1468 1469
f 1606 1605 1468
f 1469 1471 1606
f 1606 1471 1607
f 1600 1608 1599
f 1599 1608 1602
f 1603 1472 1466
f 1609 1472 1603
f 1610 1607 1471
f 1610 1471 1474
f 1474 1476 1610
f 1610 1476 1611
f 1614 1613 1612
f 1616 1615 1612
f 1612 1615 1614
f 1616 1617 1615
f 1620 1619 1618
f 1609 1620 1618
f 1477 1609 1618
f 1472 1609 1477
f 1623 1622 1621
f 1624 1621 1622
f 1625 1611 1476
f 1625 1476 1479
f 1479 1480 1625
f 1625 1480 1626
f 1613 1627 1612
f 1629 1628 1627
f 1628 1612 1627
f 1628 1616 1612
f 1617 1616 1630
f 1616 1631 1630
f 1616 1628 1631
f 1630 1631 1619
f 1619 1631 1618
f 1631 1481 1618
f 1481 1482 1618
f 1618 1482 1477
f 1623 1621 1484
f 1485 1623 1484
f 1632 1623 1485
f 1486 1484 1621
f 1624 1486 1621
f 1633 1486 1624
f 1489 1626 1480
f 1489 1634 1626
f 1628 1629 1635
f 1635 1629 1636
f 1628 1637 1631
f 1628 1635 1637
f 1637 1491 1481
f 1637 1481 1631
f 1639 1638 1492
f 1639 1492 1493
f 1485 1492 1632
f 1632 1492 1638
f 1633 1640 1486
f 1486 1640 1494
f 1494 1641 1495
f 1640 1641 1494
f 1495 1642 1496
f 1641 1642 1495
f 1496 1643 1497
f 1642 1643 1496
f 1645 1644 1499
f 1497 1645 1499
f 1643 1645 1497
f 1646 1501 1500
f 1647 1644 1645
f 1646 1503 1501
f 1648 1634 1489
f 1648 1489 1504
f 1504 1506 1648
f 1648 1506 1649
f 1636 1650 1635
f 1635 1650 1637
f 1637 1650 1651
f 1637 1651 1491
f 1651 1507 1491
f 1651 1652 1507
f 1507 1653 1508
f 1652 1653 1507
f 1493 1508 1639
f 1639 1508 1653
f 1644 1509 1499
f 1644 1647 1509
f 1647 1654 1509
f 1646 1500 1509
f 1646 1509 1654
f 1654 1656 1655
f 1654 1655 1510
f 1646 1654 1510
f 1503 1646 1510
f 1655 1512 1510
f 1514 1649 1506
f 1514 1657 1649
f 1656 1658 1655
f 1655 1658 1512
f 1658 1515 1512
f 1658 1659 1515
f 1517 1515 1659
f 1517 1659 1660
f 1519 1657 1514
f 1519 1661 1657
f 1660 1662 1517
f 1517 1662 1520
f 1520 1663 1521
f 1662 1663 1520
f 1663 1665 1664
f 1522 1663 1664
f 1521 1663 1522
f 1664 1524 1522
f 1667 1666 1528
f 1667 1528 1527
f 1519 1528 1661
f 1661 1528 1666
f 1665 1668 1664
f 1664 1668 1524
f 1668 1529 1524
f 1668 1669 1529
f 1529 1670 1530
f 1669 1670 1529
f 1530 1671 1531
f 1670 1671 1530
f 1527 1531 1667
f 1667 1531 1671
f 1672 1533 1534
f 1535 1672 1534
f 1675 1674 1673
f 1673 1676 1675
f 1677 1536 1537
f 1533 1672 1537
f 1672 1677 1537
f 1672 1678 1677
f 1538 1679 1535
f 1679 1672 1535
f 1679 1678 1672
f 1539 1679 1538
f 1673 1674 1680
f 1680 1674 1681
f 1542 1682 1541
f 1682 1673 1541
f 1673 1680 1541
f 1673 1682 1676
f 1542 1543 1682
f 1682 1543 1683
f 1677 1545 1536
f 1545 1677 1547
f 1677 1684 1547
f 1677 1678 1684
f 1550 1684 1549
f 1684 1679 1549
f 1684 1678 1679
f 1549 1679 1539
f 1680 1681 1685
f 1685 1681 1686
f 1687 1551 1541
f 1680 1687 1541
f 1685 1687 1680
f 1687 1688 1551
f 1688 1543 1551
f 1688 1683 1543
f 1689 1553 1684
f 1684 1553 1547
f 1554 1689 1550
f 1550 1689 1684
f 1686 1690 1685
f 1692 1691 1690
f 1691 1685 1690
f 1691 1687 1685
f 1688 1694 1693
f 1694 1688 1556
f 1687 1556 1688
f 1556 1687 1555
f 1691 1555 1687
f 1557 1694 1556
f 1689 1558 1553
f 1558 1689 1554
f 1691 1692 1695
f 1695 1692 1696
f 1555 1697 1560
f 1697 1694 1560
f 1698 1560 1694
f 1560 1698 1695
f 1693 1695 1698
f 1695 1693 1697
f 1697 1691 1695
f 1555 1691 1697
f 1697 1693 1694
f 1694 1557 1698
f 1557 1699 1698
f 1557 1562 1699
f 1695 1696 1700
f 1700 1696 1701
f 1700 1564 1560
f 1700 1560 1695
f 1565 1699 1562
f 1565 1702 1699
f 1701 1703 1700
f 1703 1705 1704
f 1703 1704 1567
f 1700 1703 1567
f 1564 1700 1567
f 1704 1706 1567
f 1706 1565 1567
f 1706 1702 1565
f 1704 1705 1707
f 1707 1705 1708
f 1706 1710 1709
f 1710 1706 1571
f 1704 1571 1706
f 1571 1704 1569
f 1707 1569 1704
f 1572 1710 1571
f 1708 1711 1707
f 1709 1710 1711
f 1710 1573 1711
f 1569 1707 1711
f 1569 1711 1573
f 1573 1710 1572
f 1712 1580 1581
f 1583 1712 1581
f 1713 1584 1585
f 1713 1585 1714
f 1585 1715 1714
f 1585 1586 1715
f 1716 1586 1587
f 1716 1715 1586
f 1717 1587 1588
f 1717 1716 1587
f 1719 1717 1718
f 1717 1589 1718
f 1717 1588 1589
f 1590 1720 1589
f 1589 1720 1718
f 1591 1721 1590
f 1590 1721 1720
f 1721 1591 1722
f 1591 1723 1722
f 1591 1592 1723
f 1725 1723 1724
f 1723 1593 1724
f 1723 1592 1593
f 1594 1724 1593
f 1727 1726 1596
f 1596 1726 1595
f 1596 1580 1712
f 1728 1596 1712
f 1727 1596 1728
f 1728 1712 1583
f 1597 1728 1583
f 1729 1728 1597
f 1597 1584 1713
f 1730 1597 1713
f 1729 1597 1730
f 1730 1713 1714
f 1731 1719 1718
f 1731 1718 1720
f 1731 1720 1732
f 1734 1733 1732
f 1720 1734 1732
f 1721 1734 1720
f 1721 1722 1735
f 1721 1735 1734
f 1736 1725 1724
f 1724 1594 1736
f 1594 1737 1736
f 1594 1598 1737
f 1738 1600 1601
f 1602 1738 1601
f 1740 1739 1604
f 1604 1739 1603
f 1604 1595 1726
f 1604 1726 1740
f 1741 1733 1734
f 1741 1734 1735
f 1742 1737 1598
f 1742 1598 1605
f 1744 1742 1743
f 1742 1606 1743
f 1742 1605 1606
f 1607 1743 1606
f 1747 1746 1745
f 1745 1748 1747
f 1750 1608 1749
f 1608 1600 1749
f 1749 1600 1738
f 1751 1749 1738
f 1751 1738 1752
f 1602 1752 1738
f 1752 1602 1753
f 1608 1753 1602
f 1753 1608 1750
f 1753 1754 1752
f 1739 1609 1603
f 1755 1609 1739
f 1758 1757 1756
f 1759 1756 1757
f 1760 1744 1743
f 1762 1760 1761
f 1761 1760 1610
f 1760 1743 1610
f 1743 1607 1610
f 1611 1761 1610
f 1746 1763 1745
f 1764 1613 1614
f 1763 1748 1745
f 1615 1750 1614
f 1749 1614 1750
f 1614 1749 1764
f 1765 1764 1749
f 1764 1765 1766
f 1767 1766 1765
f 1766 1767 1617
f 1753 1617 1767
f 1617 1753 1615
f 1750 1615 1753
f 1619 1767 1768
f 1767 1619 1753
f 1620 1753 1619
f 1753 1620 1754
f 1769 1754 1620
f 1620 1609 1755
f 1620 1755 1769
f 1758 1756 1622
f 1623 1758 1622
f 1770 1758 1623
f 1624 1622 1756
f 1759 1624 1756
f 1771 1624 1759
f 1772 1762 1761
f 1774 1772 1773
f 1773 1772 1625
f 1772 1761 1625
f 1761 1611 1625
f 1626 1773 1625
f 1764 1627 1613
f 1764 1766 1775
f 1629 1764 1775
f 1776 1629 1775
f 1764 1629 1627
f 1775 1766 1617
f 1630 1775 1617
f 1777 1775 1630
f 1630 1619 1768
f 1630 1768 1777
f 1780 1779 1778
f 1779 1770 1778
f 1770 1632 1778
f 1770 1623 1632
f 1782 1633 1781
f 1633 1771 1781
f 1633 1624 1771
f 1784 1783 1782
f 1784 1782 1781
f 1786 1785 1783
f 1786 1783 1784
f 1787 1785 1786
f 1788 1774 1773
f 1773 1626 1788
f 1626 1789 1788
f 1626 1634 1789
f 1776 1636 1629
f 1790 1636 1776
f 1793 1792 1791
f 1791 1792 1780
f 1791 1780 1778
f 1639 1791 1778
f 1638 1639 1778
f 1638 1778 1632
f 1782 1640 1633
f 1640 1782 1641
f 1641 1782 1783
f 1641 1783 1642
f 1642 1783 1785
f 1787 1794 1785
f 1794 1642 1785
f 1794 1643 1642
f 1643 1795 1645
f 1794 1795 1643
f 1647 1645 1795
f 1647 1795 1796
f 1797 1789 1634
f 1797 1634 1648
f 1648 1649 1797
f 1797 1649 1798
f 1801 1800 1799
f 1803 1802 1799
f 1799 1802 1801
f 1803 1804 1650
f 1790 1803 1650
f 1636 1790 1650
f 1803 1790 1802
f 1650 1804 1805
f 1806 1650 1805
f 1651 1650 1806
f 1651 1807 1652
f 1806 1807 1651
f 1791 1653 1793
f 1653 1807 1793
f 1653 1652 1807
f 1653 1791 1639
f 1796 1808 1647
f 1647 1808 1654
f 1656 1654 1808
f 1656 1808 1809
f 1657 1798 1649
f 1657 1810 1798
f 1800 1811 1799
f 1799 1811 1803
f 1803 1811 1812
f 1803 1812 1804
f 1804 1812 1813
f 1804 1813 1805
f 1809 1814 1656
f 1656 1814 1658
f 1658 1815 1659
f 1814 1815 1658
f 1660 1659 1815
f 1660 1815 1816
f 1661 1810 1657
f 1661 1817 1810
f 1816 1818 1660
f 1660 1818 1662
f 1662 1819 1663
f 1818 1819 1662
f 1665 1663 1819
f 1665 1819 1820
f 1822 1821 1666
f 1822 1666 1667
f 1661 1666 1817
f 1817 1666 1821
f 1820 1823 1665
f 1665 1823 1668
f 1668 1824 1669
f 1823 1824 1668
f 1669 1825 1670
f 1824 1825 1669
f 1670 1826 1671
f 1825 1826 1670
f 1667 1671 1822
f 1822 1671 1826
f 1829 1828 1827
f 1674 1675 1827
f 1675 1829 1827
f 1675 1830 1829
f 1675 1676 1830
f 1830 1676 1831
f 1827 1828 1832
f 1832 1828 1833
f 1832 1681 1674
f 1832 1674 1827
f 1676 1682 1834
f 1835 1676 1834
f 1831 1676 1835
f 1683 1834 1682
f 1833 1836 1832
f 1681 1832 1836
f 1837 1681 1836
f 1686 1681 1837
f 1838 1835 1834
f 1834 1683 1838
f 1683 1839 1838
f 1683 1688 1839
f 1690 1686 1840
f 1686 1841 1840
f 1686 1837 1841
f 1840 1692 1690
f 1693 1839 1688
f 1693 1842 1839
f 1840 1841 1843
f 1843 1841 1844
f 1843 1696 1692
f 1843 1692 1840
f 1693 1698 1845
f 1846 1693 1845
f 1842 1693 1846
f 1699 1845 1698
f 1844 1847 1843
f 1696 1843 1847
f 1848 1696 1847
f 1701 1696 1848
f 1846 1845 1849
f 1846 1849 1850
f 1702 1849 1699
f 1699 1849 1845
f 1703 1701 1851
f 1701 1852 1851
f 1701 1848 1852
f 1850 1854 1853
f 1850 1851 1854
f 1851 1850 1703
f 1849 1703 1850
f 1703 1849 1705
f 1854 1705 1849
f 1849 1855 1854
f 1854 1855 1853
f 1851 1705 1854
f 1706 1855 1702
f 1702 1855 1849
f 1851 1852 1856
f 1856 1852 1857
f 1856 1705 1851
f 1705 1856 1708
f 1853 1855 1858
f 1859 1858 1855
f 1709 1859 1706
f 1706 1859 1855
f 1857 1860 1856
f 1858 1859 1860
f 1859 1711 1860
f 1708 1856 1860
f 1708 1860 1711
f 1711 1859 1709
f 1861 1714 1715
f 1716 1862 1715
f 1715 1862 1861
f 1717 1863 1716
f 1716 1863 1862
f 1719 1863 1717
f 1864 1722 1723
f 1725 1864 1723
f 1867 1866 1865
f 1865 1868 1867
f 1869 1726 1727
f 1728 1870 1727
f 1727 1870 1869
f 1729 1871 1728
f 1728 1871 1870
f 1730 1872 1729
f 1729 1872 1871
f 1873 1872 1730
f 1873 1730 1714
f 1874 1873 1714
f 1861 1874 1714
f 1874 1861 1862
f 1874 1862 1875
f 1875 1862 1863
f 1875 1863 1876
f 1878 1876 1877
f 1877 1876 1731
f 1876 1863 1731
f 1863 1719 1731
f 1732 1879 1731
f 1731 1879 1877
f 1733 1879 1732
f 1880 1735 1864
f 1864 1735 1722
f 1736 1881 1725
f 1881 1864 1725
f 1881 1880 1864
f 1737 1881 1736
f 1865 1866 1882
f 1882 1866 1883
f 1868 1865 1884
f 1884 1865 1882
f 1887 1886 1885
f 1885 1888 1887
f 1889 1739 1740
f 1726 1869 1740
f 1869 1889 1740
f 1869 1890 1889
f 1891 1869 1870
f 1890 1869 1891
f 1892 1870 1871
f 1891 1870 1892
f 1872 1894 1893
f 1892 1872 1893
f 1871 1872 1892
f 1894 1872 1873
f 1895 1878 1877
f 1897 1896 1895
f 1877 1897 1895
f 1879 1897 1877
f 1741 1898 1733
f 1898 1879 1733
f 1898 1897 1879
f 1735 1880 1741
f 1880 1898 1741
f 1880 1899 1898
f 1900 1880 1881
f 1899 1880 1900
f 1742 1901 1737
f 1901 1881 1737
f 1901 1900 1881
f 1744 1901 1742
f 1883 1902 1882
f 1746 1902 1903
f 1902 1746 1882
f 1747 1882 1746
f 1882 1747 1884
f 1904 1884 1747
f 1747 1748 1904
f 1904 1748 1905
f 1907 1906 1751
f 1751 1906 1749
f 1752 1885 1886
f 1907 1752 1886
f 1751 1752 1907
f 1752 1754 1885
f 1754 1888 1885
f 1754 1908 1888
f 1909 1755 1889
f 1889 1755 1739
f 1910 1889 1890
f 1909 1889 1910
f 1758 1910 1757
f 1910 1891 1757
f 1910 1890 1891
f 1757 1891 1759
f 1891 1911 1759
f 1891 1892 1911
f 1892 1893 1912
f 1913 1892 1912
f 1911 1892 1913
f 1914 1913 1912
f 1915 1896 1897
f 1915 1897 1898
f 1915 1898 1916
f 1916 1898 1899
f 1916 1899 1917
f 1919 1918 1917
f 1899 1919 1917
f 1900 1919 1899
f 1920 1900 1901
f 1919 1900 1920
f 1760 1921 1744
f 1921 1901 1744
f 1921 1920 1901
f 1762 1921 1760
f 1763 1746 1922
f 1746 1923 1922
f 1746 1903 1923
f 1922 1924 1763
f 1924 1748 1763
f 1924 1905 1748
f 1765 1749 1925
f 1749 1926 1925
f 1749 1906 1926
f 1765 1925 1927
f 1928 1765 1927
f 1767 1765 1928
f 1928 1768 1767
f 1768 1928 1929
f 1754 1769 1908
f 1930 1908 1769
f 1769 1755 1909
f 1931 1769 1909
f 1930 1769 1931
f 1933 1932 1931
f 1909 1933 1931
f 1910 1933 1909
f 1770 1933 1758
f 1758 1933 1910
f 1934 1771 1911
f 1911 1771 1759
f 1935 1911 1913
f 1934 1911 1935
f 1913 1914 1936
f 1913 1936 1935
f 1937 1918 1919
f 1937 1919 1920
f 1937 1920 1938
f 1940 1939 1938
f 1920 1940 1938
f 1921 1940 1920
f 1772 1941 1762
f 1941 1921 1762
f 1941 1940 1921
f 1774 1941 1772
f 1923 1942 1922
f 1922 1942 1924
f 1925 1926 1775
f 1926 1776 1775
f 1926 1943 1776
f 1944 1927 1925
f 1775 1944 1925
f 1777 1944 1775
f 1777 1768 1929
f 1777 1929 1944
f 1932 1933 1779
f 1780 1932 1779
f 1945 1932 1780
f 1779 1933 1770
f 1934 1781 1771
f 1781 1934 1784
f 1784 1934 1935
f 1936 1946 1935
f 1946 1784 1935
f 1946 1786 1784
f 1787 1786 1946
f 1787 1946 1947
f 1939 1940 1948
f 1939 1948 1949
f 1950 1940 1941
f 1948 1940 1950
f 1788 1951 1774
f 1951 1941 1774
f 1951 1950 1941
f 1789 1951 1788
f 1954 1953 1952
f 1952 1955 1954
f 1943 1790 1776
f 1956 1790 1943
f 1959 1958 1957
f 1792 1793 1957
f 1958 1792 1957
f 1960 1792 1958
f 1780 1792 1945
f 1945 1792 1960
f 1947 1961 1787
f 1787 1961 1794
f 1794 1962 1795
f 1961 1962 1794
f 1796 1795 1962
f 1796 1962 1963
f 1964 1949 1948
f 1964 1948 1950
f 1964 1950 1965
f 1967 1966 1965
f 1950 1967 1965
f 1951 1967 1950
f 1797 1968 1789
f 1968 1951 1789
f 1968 1967 1951
f 1798 1968 1797
f 1971 1970 1969
f 1971 1969 1953
f 1969 1952 1953
f 1969 1972 1952
f 1955 1952 1973
f 1952 1974 1973
f 1952 1972 1974
f 1800 1801 1974
f 1801 1973 1974
f 1801 1975 1973
f 1976 1801 1802
f 1976 1975 1801
f 1802 1790 1956
f 1802 1956 1976
f 1978 1977 1806
f 1978 1806 1805
f 1957 1807 1959
f 1807 1977 1959
f 1807 1806 1977
f 1807 1957 1793
f 1963 1979 1796
f 1796 1979 1808
f 1981 1980 1809
f 1808 1981 1809
f 1979 1981 1808
f 1982 1980 1981
f 1966 1967 1983
f 1966 1983 1984
f 1985 1967 1968
f 1983 1967 1985
f 1810 1985 1798
f 1798 1985 1968
f 1988 1987 1986
f 1988 1986 1970
f 1986 1969 1970
f 1986 1989 1969
f 1969 1990 1972
f 1969 1989 1990
f 1972 1991 1974
f 1972 1990 1991
f 1992 1811 1800
f 1974 1992 1800
f 1991 1992 1974
f 1993 1812 1811
f 1993 1811 1992
f 1812 1993 1994
f 1995 1812 1994
f 1813 1812 1995
f 1805 1813 1978
f 1978 1813 1995
f 1980 1814 1809
f 1982 1996 1980
f 1996 1814 1980
f 1996 1815 1814
f 1998 1997 1816
f 1815 1998 1816
f 1996 1998 1815
f 1999 1997 1998
f 1984 1983 2000
f 1984 2000 2001
f 2002 1983 1985
f 2000 1983 2002
f 1817 2002 1810
f 1810 2002 1985
f 1987 2003 1986
f 1986 2003 1989
f 1989 2003 2004
f 2006 2005 2004
f 2005 1989 2004
f 2005 1990 1989
f 2008 1991 2007
f 1991 2005 2007
f 1991 1990 2005
f 1991 2008 1992
f 1992 2008 2009
f 1992 2009 1993
f 1993 2009 2010
f 1993 2010 1994
f 1997 1818 1816
f 1999 2011 1997
f 2011 1818 1997
f 2011 1819 1818
f 1820 1819 2011
f 1820 2011 2012
f 2013 2001 2000
f 1822 2014 1821
f 2014 2000 1821
f 2000 2002 1821
f 2014 2013 2000
f 1821 2002 1817
f 2006 2015 2005
f 2005 2015 2007
f 2012 2016 1820
f 1820 2016 1823
f 1823 2017 1824
f 2016 2017 1823
f 1824 2018 1825
f 2017 2018 1824
f 1825 2019 1826
f 2018 2019 1825
f 1822 2020 2014
f 2020 1822 2021
f 1826 2021 1822
f 2021 1826 2022
f 2019 2022 1826
f 2021 2023 2020
f 2022 2024 2021
f 2021 2024 2023
f 2027 2026 2025
f 2029 2028 2025
f 2025 2028 2027
f 2029 2030 2028
f 2025 2026 2031
f 2031 2026 2032
f 2025 2033 2029
f 2025 2031 2033
f 2030 2029 2034
f 2029 2035 2034
f 2029 2033 2035
f 2035 2036 2034
f 2031 2032 2037
f 2037 2032 2038
f 2031 2039 2033
f 2031 2037 2039
f 2039 1828 1829
f 2035 2039 1829
f 2033 2039 2035
f 1829 1830 2035
f 1830 2040 2035
f 2040 2036 2035
f 1830 2041 2040
f 1831 2041 1830
f 2038 2042 2037
f 2044 2043 2042
f 2043 2037 2042
f 2043 2039 2037
f 2043 1833 1828
f 2043 1828 2039
f 2045 2040 2041
f 2041 1831 2045
f 1831 2046 2045
f 1831 1835 2046
f 2049 2048 2047
f 2047 2050 2049
f 2044 2051 2043
f 2051 2053 2052
f 2051 2052 1836
f 2043 2051 1836
f 1833 2043 1836
f 2052 1837 1836
f 1835 1838 2054
f 2055 1835 2054
f 2046 1835 2055
f 1839 2054 1838
f 2048 2056 2047
f 2047 2056 2050
f 2052 2053 2057
f 2057 2053 2058
f 2057 1841 1837
f 2057 1837 2052
f 2059 2055 2054
f 2054 1839 2059
f 1839 2060 2059
f 1839 1842 2060
f 2058 2061 2057
f 1841 2057 2061
f 2062 1841 2061
f 1844 1841 2062
f 1846 2060 1842
f 1846 2063 2060
f 1847 1844 2064
f 1844 2065 2064
f 1844 2062 2065
f 2064 1848 1847
f 1850 2063 1846
f 1850 2066 2063
f 2064 2065 2067
f 2067 2065 2068
f 2067 1852 1848
f 2067 1848 2064
f 1853 2066 1850
f 1853 2069 2066
f 2068 2070 2067
f 1852 2067 2070
f 2071 1852 2070
f 1857 1852 2071
f 1858 2069 1853
f 1858 2072 2069
f 2071 2073 1857
f 1857 2073 1860
f 1858 1860 2072
f 2072 1860 2073
f 2075 2074 1867
f 1867 2074 1866
f 1867 1868 2075
f 2075 1868 2076
f 2079 2078 2077
f 2077 2080 2079
f 2081 1873 1874
f 1875 2082 1874
f 1874 2082 2081
f 1876 2083 1875
f 1875 2083 2082
f 1878 2083 1876
f 2074 1883 1866
f 2084 1883 2074
f 1884 2076 1868
f 1884 2085 2076
f 2078 2086 2077
f 2087 1886 1887
f 2086 2080 2077
f 1888 2087 1887
f 2088 1893 1894
f 2089 2088 1894
f 2089 1894 1873
f 2090 2089 1873
f 2081 2090 1873
f 2092 2091 2090
f 2081 2092 2090
f 2082 2092 2081
f 2093 2082 2083
f 2092 2082 2093
f 1895 2094 1878
f 2094 2083 1878
f 2094 2093 2083
f 1896 2094 1895
f 2084 2095 1883
f 1883 2095 1902
f 2095 1903 1902
f 1903 2095 2096
f 1884 1904 2085
f 2097 2085 1904
f 1904 1905 2097
f 2097 1905 2098
f 2100 2099 1907
f 1907 2099 1906
f 2100 1907 1886
f 2101 2100 1886
f 2087 2101 1886
f 2100 2101 2102
f 1908 2101 1888
f 1888 2101 2087
f 2088 1912 1893
f 1914 1912 2088
f 2089 1914 2088
f 2103 1914 2089
f 2104 2091 2092
f 2104 2092 2093
f 2104 2093 2105
f 2105 2093 2094
f 2105 2094 2106
f 2106 2094 1896
f 1915 2106 1896
f 2107 2106 1915
f 2109 2107 2108
f 2107 1916 2108
f 2107 1915 1916
f 1917 2110 1916
f 1916 2110 2108
f 1918 2110 1917
f 2096 1923 1903
f 2111 1923 2096
f 1924 2098 1905
f 1924 2112 2098
f 2114 1926 2113
f 1926 2099 2113
f 1926 1906 2099
f 2114 2113 2102
f 2114 2102 2101
f 1927 2114 2101
f 1928 1927 2101
f 1929 1928 2115
f 1928 2101 2115
f 1908 1930 2115
f 1908 2115 2101
f 1931 2116 1930
f 1930 2116 2115
f 1932 2116 1931
f 2118 1936 2117
f 1936 2103 2117
f 1936 1914 2103
f 2119 2118 2117
f 2120 2109 2108
f 2120 2108 2110
f 2120 2110 2121
f 2123 2121 2122
f 2122 2121 1937
f 2121 2110 1937
f 2110 1918 1937
f 1938 2124 1937
f 1937 2124 2122
f 1939 2124 1938
f 2127 2126 2125
f 2129 2128 2125
f 2125 2128 2127
f 2129 2130 2128
f 1942 1923 2131
f 1923 2132 2131
f 1923 2111 2132
f 2131 2133 1942
f 2133 1924 1942
f 2133 2112 1924
f 2135 2134 2114
f 2134 1926 2114
f 2134 1943 1926
f 2135 2114 1927
f 1944 2135 1927
f 2136 2135 1944
f 1944 1929 2115
f 2137 1944 2115
f 2136 1944 2137
f 2139 2138 2137
f 2115 2139 2137
f 2116 2139 2115
f 1945 2139 1932
f 1932 2139 2116
f 2118 1946 1936
f 2141 2140 1947
f 2141 1947 1946
f 2119 2141 1946
f 2118 2119 1946
f 2142 2140 2141
f 2143 2123 2122
f 2143 2122 2124
f 2143 2124 2144
f 2124 1939 2144
f 1939 2145 2144
f 1939 1949 2145
f 2125 2126 2146
f 2146 2126 2147
f 2146 1953 1954
f 2129 2146 1954
f 2125 2146 2129
f 1954 1955 2129
f 1955 2130 2129
f 1955 2148 2130
f 2132 2149 2131
f 2131 2149 2133
f 2151 1956 2150
f 1956 2134 2150
f 1956 1943 2134
f 2153 2152 2151
f 2153 2151 2150
f 1958 1959 2152
f 2153 1958 2152
f 2154 1958 2153
f 2139 1960 2138
f 1960 2154 2138
f 1960 1958 2154
f 1960 2139 1945
f 2140 1961 1947
f 2142 2155 2140
f 2155 1961 2140
f 2155 1962 1961
f 2157 2156 1963
f 1962 2157 1963
f 2155 2157 1962
f 2158 2156 2157
f 1949 1964 2159
f 2160 1949 2159
f 2145 1949 2160
f 1965 2161 1964
f 1964 2161 2159
f 1966 2161 1965
f 2164 2163 2162
f 2164 2162 2147
f 2147 2162 2146
f 2162 1970 2146
f 1970 1971 2146
f 2146 1971 1953
f 2165 2148 1955
f 2165 1955 1973
f 2166 1973 1975
f 2166 2165 1973
f 2167 1975 1976
f 2167 2166 1975
f 1976 1956 2151
f 2168 1976 2151
f 2167 1976 2168
f 1978 2169 1977
f 2169 2151 1977
f 2151 2152 1977
f 2169 2168 2151
f 1977 2152 1959
f 2156 1979 1963
f 2158 2170 2156
f 2170 1979 2156
f 2170 1981 1979
f 2172 2171 1982
f 1981 2172 1982
f 2170 2172 1981
f 2173 2171 2172
f 2174 2160 2159
f 2176 2175 2174
f 2159 2176 2174
f 2161 2176 2159
f 1984 2176 1966
f 1966 2176 2161
f 2162 2163 1988
f 2163 1987 1988
f 2163 2177 1987
f 2162 1988 1970
f 2180 2179 2178
f 1995 1994 2178
f 2179 1995 2178
f 2181 1995 2179
f 1978 1995 2169
f 2169 1995 2181
f 2171 1996 1982
f 2173 2182 2171
f 2182 1996 2171
f 2182 1998 1996
f 2184 2183 1999
f 1998 2184 1999
f 2182 2184 1998
f 2185 2183 2184
f 2186 2175 2176
f 2176 1984 2186
f 1984 2187 2186
f 1984 2001 2187
f 2003 1987 2188
f 1987 2189 2188
f 1987 2177 2189
f 2190 2004 2003
f 2190 2003 2188
f 2190 2006 2004
f 2192 2191 2008
f 2192 2008 2007
f 2008 2193 2009
f 2191 2193 2008
f 2178 2010 2180
f 2010 2193 2180
f 2010 2009 2193
f 2010 2178 1994
f 2183 2011 1999
f 2195 2194 2012
f 2195 2012 2011
f 2185 2195 2011
f 2183 2185 2011
f 2197 2196 2194
f 2197 2194 2195
f 2198 2196 2197
f 2199 2187 2001
f 2199 2001 2013
f 2013 2014 2199
f 2199 2014 2200
f 2189 2201 2188
f 2188 2201 2190
f 2190 2201 2202
f 2190 2202 2006
f 2202 2015 2006
f 2202 2203 2015
f 2007 2015 2192
f 2192 2015 2203
f 2194 2016 2012
f 2016 2194 2017
f 2017 2194 2196
f 2198 2204 2196
f 2204 2017 2196
f 2204 2018 2017
f 2018 2205 2019
f 2204 2205 2018
f 2205 2022 2019
f 2022 2205 2206
f 2014 2020 2200
f 2207 2200 2020
f 2020 2023 2207
f 2207 2023 2208
f 2206 2209 2022
f 2022 2209 2024
f 2023 2024 2208
f 2208 2024 2209
f 2212 2211 2210
f 2210 2213 2212
f 2210 2211 2027
f 2211 2026 2027
f 2211 2214 2026
f 2215 2213 2210
f 2027 2215 2210
f 2028 2215 2027
f 2028 2030 2215
f 2215 2030 2216
f 2214 2032 2026
f 2217 2032 2214
f 2218 2216 2030
f 2218 2030 2034
f 2034 2036 2218
f 2218 2036 2219
f 2217 2038 2032
f 2220 2038 2217
f 2040 2219 2036
f 2040 2221 2219
f 2042 2038 2222
f 2038 2223 2222
f 2038 2220 2223
f 2222 2044 2042
f 2040 2045 2224
f 2225 2040 2224
f 2221 2040 2225
f 2046 2224 2045
f 2226 2048 2049
f 2050 2226 2049
f 2223 2227 2222
f 2222 2227 2044
f 2227 2051 2044
f 2227 2228 2051
f 2053 2051 2228
f 2053 2228 2229
f 2230 2225 2224
f 2224 2046 2230
f 2046 2231 2230
f 2046 2055 2231
f 2226 2056 2048
f 2056 2226 2050
f 2229 2058 2053
f 2232 2058 2229
f 2055 2059 2233
f 2234 2055 2233
f 2231 2055 2234
f 2060 2233 2059
f 2061 2058 2235
f 2058 2236 2235
f 2058 2232 2236
f 2235 2062 2061
f 2234 2233 2237
f 2234 2237 2238
f 2063 2237 2060
f 2060 2237 2233
f 2236 2239 2235
f 2062 2235 2239
f 2240 2062 2239
f 2065 2062 2240
f 2238 2237 2241
f 2238 2241 2242
f 2066 2241 2063
f 2063 2241 2237
f 2240 2068 2065
f 2243 2068 2240
f 2242 2241 2244
f 2242 2244 2245
f 2069 2244 2066
f 2066 2244 2241
f 2070 2068 2246
f 2068 2247 2246
f 2068 2243 2247
f 2245 2249 2248
f 2245 2246 2249
f 2246 2245 2070
f 2244 2070 2245
f 2070 2244 2071
f 2249 2071 2244
f 2244 2250 2249
f 2249 2250 2248
f 2246 2071 2249
f 2072 2250 2069
f 2069 2250 2244
f 2247 2251 2246
f 2248 2250 2251
f 2250 2073 2251
f 2071 2246 2251
f 2071 2251 2073
f 2073 2250 2072
f 2254 2253 2252
f 2252 2255 2254
f 2253 2256 2252
f 2252 2256 2255
f 2259 2258 2257
f 2257 2260 2259
f 2257 2258 2075
f 2258 2074 2075
f 2258 2261 2074
f 2075 2076 2257
f 2076 2260 2257
f 2076 2262 2260
f 2263 2078 2079
f 2080 2263 2079
f 2265 2084 2264
f 2084 2261 2264
f 2084 2074 2261
f 2264 2262 2265
f 2262 2085 2265
f 2262 2076 2085
f 2263 2086 2078
f 2086 2263 2080
f 2266 2089 2090
f 2091 2266 2090
f 2265 2095 2084
f 2096 2095 2267
f 2095 2265 2267
f 2085 2097 2267
f 2085 2267 2265
f 2098 2267 2097
f 2268 2099 2100
f 2102 2268 2100
f 2269 2103 2266
f 2266 2103 2089
f 2104 2270 2091
f 2270 2266 2091
f 2270 2269 2266
f 2105 2271 2104
f 2104 2271 2270
f 2106 2272 2105
f 2105 2272 2271
f 2107 2273 2106
f 2106 2273 2272
f 2109 2273 2107
f 2276 2275 2274
f 2274 2277 2276
f 2278 2111 2267
f 2267 2111 2096
f 2112 2278 2098
f 2098 2278 2267
f 2268 2113 2099
f 2113 2268 2102
f 2269 2117 2103
f 2117 2269 2119
f 2269 2279 2119
f 2269 2270 2279
f 2271 2281 2280
f 2279 2271 2280
f 2270 2271 2279
f 2281 2271 2272
f 2281 2272 2282
f 2282 2272 2273
f 2282 2273 2283
f 2285 2283 2284
f 2284 2283 2120
f 2283 2273 2120
f 2273 2109 2120
f 2284 2120 2286
f 2120 2287 2286
f 2120 2121 2287
f 2121 2123 2287
f 2287 2123 2288
f 2289 2126 2127
f 2275 2290 2274
f 2290 2127 2274
f 2127 2128 2274
f 2127 2290 2289
f 2128 2130 2274
f 2130 2277 2274
f 2130 2291 2277
f 2292 2132 2278
f 2278 2132 2111
f 2133 2292 2112
f 2112 2292 2278
f 2294 2293 2135
f 2135 2293 2134
f 2296 2294 2295
f 2294 2136 2295
f 2294 2135 2136
f 2137 2297 2136
f 2136 2297 2295
f 2138 2297 2137
f 2279 2141 2119
f 2299 2298 2142
f 2299 2142 2141
f 2280 2299 2141
f 2279 2280 2141
f 2301 2300 2298
f 2301 2298 2299
f 2302 2300 2301
f 2303 2285 2284
f 2303 2284 2286
f 2304 2288 2123
f 2304 2123 2143
f 2306 2304 2305
f 2304 2144 2305
f 2304 2143 2144
f 2145 2305 2144
f 2308 2307 2289
f 2307 2126 2289
f 2307 2147 2126
f 2308 2289 2290
f 2148 2291 2130
f 2148 2309 2291
f 2311 2149 2310
f 2149 2132 2310
f 2310 2132 2292
f 2312 2310 2292
f 2312 2292 2313
f 2292 2133 2313
f 2149 2311 2313
f 2149 2313 2133
f 2293 2314 2134
f 2134 2314 2150
f 2295 2153 2296
f 2153 2314 2296
f 2153 2150 2314
f 2153 2295 2154
f 2154 2295 2297
f 2154 2297 2138
f 2298 2155 2142
f 2155 2298 2157
f 2157 2298 2300
f 2316 2315 2158
f 2316 2158 2157
f 2302 2316 2157
f 2300 2302 2157
f 2318 2317 2315
f 2318 2315 2316
f 2319 2317 2318
f 2320 2306 2305
f 2305 2145 2320
f 2145 2321 2320
f 2145 2160 2321
f 2322 2163 2164
f 2147 2307 2323
f 2322 2147 2323
f 2324 2322 2323
f 2164 2147 2322
f 2326 2325 2324
f 2326 2324 2323
f 2327 2325 2165
f 2325 2309 2165
f 2309 2148 2165
f 2309 2325 2326
f 2310 2328 2311
f 2328 2165 2311
f 2165 2166 2311
f 2165 2328 2327
f 2329 2313 2311
f 2166 2329 2311
f 2167 2329 2166
f 2331 2329 2330
f 2329 2168 2330
f 2329 2167 2168
f 2169 2330 2168
f 2315 2170 2158
f 2170 2315 2172
f 2172 2315 2317
f 2333 2332 2173
f 2333 2173 2172
f 2319 2333 2172
f 2317 2319 2172
f 2335 2334 2332
f 2335 2332 2333
f 2337 2336 2334
f 2337 2334 2335
f 2338 2336 2174
f 2336 2321 2174
f 2321 2160 2174
f 2321 2336 2337
f 2175 2338 2174
f 2339 2177 2322
f 2322 2177 2163
f 2340 2322 2324
f 2339 2322 2340
f 2341 2324 2325
f 2340 2324 2341
f 2342 2325 2327
f 2341 2325 2342
f 2327 2328 2343
f 2344 2327 2343
f 2342 2327 2344
f 2179 2180 2344
f 2343 2179 2344
f 2345 2179 2343
f 2330 2181 2331
f 2181 2345 2331
f 2181 2179 2345
f 2181 2330 2169
f 2332 2182 2173
f 2182 2332 2184
f 2184 2332 2334
f 2184 2334 2185
f 2334 2346 2185
f 2334 2336 2346
f 2347 2336 2338
f 2346 2336 2347
f 2186 2348 2175
f 2348 2338 2175
f 2348 2347 2338
f 2187 2348 2186
f 2349 2189 2339
f 2339 2189 2177
f 2350 2339 2340
f 2349 2339 2350
f 2351 2340 2341
f 2350 2340 2351
f 2192 2351 2191
f 2351 2342 2191
f 2351 2341 2342
f 2191 2342 2193
f 2193 2342 2344
f 2193 2344 2180
f 2346 2195 2185
f 2195 2346 2197
f 2197 2346 2347
f 2197 2347 2198
f 2347 2352 2198
f 2347 2348 2352
f 2199 2353 2187
f 2353 2348 2187
f 2353 2352 2348
f 2200 2353 2199
f 2349 2201 2189
f 2201 2349 2202
f 2202 2349 2350
f 2202 2350 2203
f 2203 2350 2351
f 2203 2351 2192
f 2352 2204 2198
f 2204 2352 2205
f 2205 2352 2353
f 2206 2205 2354
f 2205 2353 2354
f 2200 2207 2354
f 2200 2354 2353
f 2208 2354 2207
f 2357 2356 2355
f 2355 2358 2357
f 2354 2209 2206
f 2209 2354 2208
f 2355 2356 2359
f 2359 2356 2360
f 2212 2361 2211
f 2361 2355 2211
f 2355 2359 2211
f 2355 2361 2358
f 2212 2213 2361
f 2361 2213 2362
f 2359 2360 2363
f 2363 2360 2364
f 2363 2214 2211
f 2363 2211 2359
f 2213 2215 2365
f 2366 2213 2365
f 2362 2213 2366
f 2216 2365 2215
f 2364 2367 2363
f 2214 2363 2367
f 2368 2214 2367
f 2217 2214 2368
f 2369 2366 2365
f 2371 2369 2370
f 2370 2369 2218
f 2369 2365 2218
f 2365 2216 2218
f 2219 2370 2218
f 2368 2220 2217
f 2372 2220 2368
f 2373 2371 2370
f 2370 2219 2373
f 2219 2374 2373
f 2219 2221 2374
f 2372 2223 2220
f 2375 2223 2372
f 2225 2374 2221
f 2225 2376 2374
f 2375 2377 2223
f 2223 2377 2227
f 2377 2379 2378
f 2228 2377 2378
f 2227 2377 2228
f 2378 2229 2228
f 2225 2230 2380
f 2381 2225 2380
f 2376 2225 2381
f 2231 2380 2230
f 2379 2382 2378
f 2229 2378 2382
f 2383 2229 2382
f 2232 2229 2383
f 2381 2380 2384
f 2381 2384 2385
f 2234 2384 2231
f 2231 2384 2380
f 2383 2236 2232
f 2386 2236 2383
f 2387 2385 2384
f 2384 2234 2387
f 2234 2388 2387
f 2234 2238 2388
f 2239 2236 2389
f 2236 2390 2389
f 2236 2386 2390
f 2240 2239 2389
f 2393 2392 2391
f 2391 2388 2393
f 2388 2242 2393
f 2388 2238 2242
f 2390 2394 2389
f 2240 2389 2243
f 2394 2243 2389
f 2243 2394 2395
f 2392 2395 2394
f 2395 2392 2393
f 2245 2395 2242
f 2242 2395 2393
f 2396 2247 2395
f 2395 2247 2243
f 2248 2396 2245
f 2245 2396 2395
f 2396 2251 2247
f 2251 2396 2248
f 2398 2397 2254
f 2254 2397 2253
f 2254 2255 2398
f 2398 2255 2399
f 2256 2253 2400
f 2253 2401 2400
f 2253 2397 2401
f 2400 2402 2256
f 2402 2255 2256
f 2402 2399 2255
f 2401 2403 2400
f 2400 2403 2402
f 2406 2405 2404
f 2408 2407 2404
f 2404 2407 2406
f 2408 2409 2407
f 2405 2410 2404
f 2404 2410 2408
f 2408 2410 2411
f 2408 2411 2409
f 2412 2258 2259
f 2260 2412 2259
f 2413 2261 2412
f 2412 2261 2258
f 2262 2413 2260
f 2260 2413 2412
f 2413 2264 2261
f 2264 2413 2262
f 2416 2415 2414
f 2414 2417 2416
f 2418 2275 2276
f 2277 2418 2276
f 2414 2415 2419
f 2419 2415 2420
f 2417 2414 2421
f 2421 2414 2419
f 2422 2280 2281
f 2282 2423 2281
f 2281 2423 2422
f 2283 2424 2282
f 2282 2424 2423
f 2285 2424 2283
f 2425 2286 2287
f 2288 2425 2287
f 2426 2290 2418
f 2418 2290 2275
f 2291 2426 2277
f 2277 2426 2418
f 2419 2420 2294
f 2420 2293 2294
f 2420 2427 2293
f 2294 2296 2419
f 2296 2421 2419
f 2296 2428 2421
f 2422 2299 2280
f 2299 2422 2301
f 2301 2422 2423
f 2301 2423 2302
f 2423 2429 2302
f 2423 2424 2429
f 2303 2430 2285
f 2430 2424 2285
f 2430 2429 2424
f 2286 2425 2303
f 2425 2430 2303
f 2425 2431 2430
f 2304 2432 2288
f 2432 2425 2288
f 2432 2431 2425
f 2306 2432 2304
f 2433 2307 2308
f 2290 2426 2308
f 2426 2433 2308
f 2426 2434 2433
f 2309 2434 2291
f 2291 2434 2426
f 2435 2310 2312
f 2313 2435 2312
f 2427 2436 2293
f 2293 2436 2314
f 2296 2314 2428
f 2428 2314 2436
f 2429 2316 2302
f 2316 2429 2318
f 2318 2429 2430
f 2318 2430 2319
f 2430 2437 2319
f 2430 2431 2437
f 2438 2431 2432
f 2437 2431 2438
f 2320 2439 2306
f 2439 2432 2306
f 2439 2438 2432
f 2321 2439 2320
f 2433 2323 2307
f 2323 2433 2326
f 2326 2433 2434
f 2326 2434 2309
f 2441 2440 2435
f 2440 2310 2435
f 2440 2328 2310
f 2443 2441 2442
f 2442 2441 2329
f 2441 2435 2329
f 2435 2313 2329
f 2331 2442 2329
f 2437 2333 2319
f 2333 2437 2335
f 2335 2437 2438
f 2335 2438 2337
f 2337 2438 2439
f 2337 2439 2321
f 2440 2444 2328
f 2328 2444 2343
f 2442 2345 2443
f 2345 2444 2443
f 2345 2343 2444
f 2345 2442 2331
f 2445 2356 2357
f 2358 2445 2357
f 2447 2446 2445
f 2446 2356 2445
f 2446 2360 2356
f 2449 2447 2448
f 2448 2447 2361
f 2447 2445 2361
f 2445 2358 2361
f 2362 2448 2361
f 2446 2364 2360
f 2450 2364 2446
f 2451 2449 2448
f 2448 2362 2451
f 2362 2452 2451
f 2362 2366 2452
f 2450 2453 2364
f 2364 2453 2367
f 2368 2367 2453
f 2368 2453 2454
f 2455 2452 2366
f 2455 2366 2369
f 2369 2371 2455
f 2455 2371 2456
f 2454 2372 2368
f 2457 2372 2454
f 2371 2373 2458
f 2459 2371 2458
f 2456 2371 2459
f 2374 2458 2373
f 2457 2375 2372
f 2460 2375 2457
f 2461 2459 2458
f 2458 2374 2461
f 2374 2462 2461
f 2374 2376 2462
f 2460 2463 2375
f 2375 2463 2377
f 2379 2377 2463
f 2379 2463 2464
f 2381 2462 2376
f 2381 2465 2462
f 2464 2466 2379
f 2379 2466 2382
f 2383 2382 2466
f 2383 2466 2467
f 2385 2465 2381
f 2385 2468 2465
f 2467 2386 2383
f 2469 2386 2467
f 2385 2387 2470
f 2471 2385 2470
f 2468 2385 2471
f 2388 2470 2387
f 2473 2390 2472
f 2390 2469 2472
f 2390 2386 2469
f 2473 2472 2471
f 2473 2471 2470
f 2392 2473 2470
f 2391 2392 2470
f 2391 2470 2388
f 2473 2394 2390
f 2394 2473 2392
f 2476 2475 2474
f 2474 2477 2476
f 2474 2475 2398
f 2475 2397 2398
f 2475 2478 2397
f 2398 2399 2474
f 2399 2477 2474
f 2399 2479 2477
f 2478 2401 2397
f 2480 2401 2478
f 2402 2479 2399
f 2402 2481 2479
f 2403 2401 2482
f 2401 2483 2482
f 2401 2480 2483
f 2482 2484 2403
f 2484 2402 2403
f 2484 2481 2402
f 2483 2485 2482
f 2482 2485 2484
f 2488 2487 2486
f 2490 2489 2486
f 2486 2489 2488
f 2490 2491 2489
f 2486 2487 2492
f 2492 2487 2493
f 2486 2494 2490
f 2486 2492 2494
f 2491 2490 2495
f 2495 2490 2494
f 2492 2493 2496
f 2496 2493 2497
f 2499 2494 2498
f 2494 2496 2498
f 2494 2492 2496
f 2494 2499 2495
f 2502 2501 2500
f 2500 2503 2502
f 2497 2504 2496
f 2496 2504 2498
f 2507 2506 2505
f 2507 2505 2501
f 2505 2500 2501
f 2505 2508 2500
f 2503 2500 2509
f 2500 2510 2509
f 2500 2508 2510
f 2512 2511 2510
f 2510 2511 2509
f 2512 2513 2511
f 2505 2506 2514
f 2514 2506 2515
f 2505 2516 2508
f 2505 2514 2516
f 2516 2405 2406
f 2510 2516 2406
f 2508 2516 2510
f 2510 2406 2407
f 2510 2407 2512
f 2407 2409 2512
f 2409 2513 2512
f 2409 2517 2513
f 2514 2515 2518
f 2518 2515 2519
f 2514 2520 2516
f 2514 2518 2520
f 2521 2410 2405
f 2516 2521 2405
f 2520 2521 2516
f 2410 2521 2522
f 2523 2410 2522
f 2411 2410 2523
f 2409 2411 2517
f 2517 2411 2523
f 2518 2519 2524
f 2524 2519 2525
f 2518 2526 2520
f 2518 2524 2526
f 2528 2521 2527
f 2521 2526 2527
f 2521 2520 2526
f 2521 2528 2522
f 2525 2529 2524
f 2524 2529 2526
f 2526 2529 2530
f 2526 2530 2527
f 2531 2415 2416
f 2417 2531 2416
f 2532 2420 2531
f 2531 2420 2415
f 2421 2532 2417
f 2417 2532 2531
f 2533 2427 2532
f 2532 2427 2420
f 2428 2533 2421
f 2421 2533 2532
f 2533 2436 2427
f 2436 2533 2428
f 2534 2440 2441
f 2443 2534 2441
f 2534 2444 2440
f 2444 2534 2443
f 2535 2446 2447
f 2449 2535 2447
f 2536 2450 2535
f 2535 2450 2446
f 2451 2537 2449
f 2537 2535 2449
f 2537 2536 2535
f 2452 2537 2451
f 2536 2453 2450
f 2536 2537 2538
f 2454 2536 2538
f 2539 2454 2538
f 2536 2454 2453
f 2541 2538 2540
f 2540 2538 2455
f 2538 2537 2455
f 2537 2452 2455
f 2456 2540 2455
f 2539 2457 2454
f 2542 2457 2539
f 2541 2540 2543
f 2541 2543 2544
f 2459 2543 2456
f 2456 2543 2540
f 2546 2460 2545
f 2460 2542 2545
f 2460 2457 2542
f 2544 2543 2547
f 2545 2548 2546
f 2550 2547 2549
f 2549 2547 2461
f 2547 2543 2461
f 2543 2459 2461
f 2462 2549 2461
f 2546 2463 2460
f 2464 2463 2546
f 2548 2464 2546
f 2551 2464 2548
f 2550 2549 2552
f 2550 2552 2553
f 2465 2552 2462
f 2462 2552 2549
f 2551 2554 2464
f 2464 2554 2466
f 2552 2555 2467
f 2554 2552 2467
f 2466 2554 2467
f 2553 2552 2554
f 2468 2555 2465
f 2465 2555 2552
f 2556 2469 2555
f 2555 2469 2467
f 2471 2556 2468
f 2468 2556 2555
f 2556 2472 2469
f 2472 2556 2471
f 2558 2557 2476
f 2476 2557 2475
f 2476 2477 2558
f 2558 2477 2559
f 2557 2478 2475
f 2560 2478 2557
f 2479 2559 2477
f 2479 2561 2559
f 2560 2480 2478
f 2562 2480 2560
f 2481 2561 2479
f 2481 2563 2561
f 2562 2483 2480
f 2564 2483 2562
f 2484 2563 2481
f 2484 2565 2563
f 2568 2567 2566
f 2566 2569 2485
f 2564 2566 2485
f 2483 2564 2485
f 2566 2564 2568
f 2569 2570 2485
f 2570 2484 2485
f 2570 2565 2484
f 2566 2567 2571
f 2571 2567 2572
f 2566 2573 2569
f 2566 2571 2573
f 2570 2569 2574
f 2574 2569 2573
f 2571 2572 2575
f 2575 2572 2576
f 2578 2573 2577
f 2573 2575 2577
f 2573 2571 2575
f 2573 2578 2574
f 2576 2579 2575
f 2575 2579 2577
f 2580 2487 2488
f 2489 2581 2488
f 2488 2581 2580
f 2491 2581 2489
f 2583 2582 2580
f 2582 2487 2580
f 2582 2493 2487
f 2583 2580 2581
f 2583 2581 2584
f 2581 2491 2584
f 2491 2585 2584
f 2491 2495 2585
f 2582 2497 2493
f 2586 2497 2582
f 2498 2587 2499
f 2587 2588 2499
f 2588 2495 2499
f 2588 2585 2495
f 2590 2589 2502
f 2502 2589 2501
f 2592 2591 2503
f 2591 2502 2503
f 2591 2590 2502
f 2594 2593 2592
f 2592 2593 2591
f 2594 2595 2593
f 2586 2596 2497
f 2497 2596 2504
f 2504 2596 2498
f 2596 2597 2498
f 2597 2587 2498
f 2597 2596 2598
f 2588 2587 2599
f 2599 2587 2597
f 2602 2601 2600
f 2506 2507 2600
f 2507 2602 2600
f 2507 2603 2602
f 2507 2501 2589
f 2507 2589 2603
f 2509 2592 2503
f 2592 2509 2511
f 2592 2511 2594
f 2511 2513 2594
f 2513 2595 2594
f 2513 2604 2595
f 2597 2598 2605
f 2605 2598 2606
f 2599 2597 2607
f 2607 2597 2605
f 2610 2609 2608
f 2610 2608 2601
f 2608 2600 2601
f 2608 2611 2600
f 2611 2515 2506
f 2611 2506 2600
f 2517 2604 2513
f 2517 2612 2604
f 2615 2614 2613
f 2613 2616 2615
f 2606 2617 2605
f 2605 2617 2607
f 2608 2609 2618
f 2618 2609 2619
f 2608 2620 2611
f 2608 2618 2620
f 2620 2519 2515
f 2620 2515 2611
f 2522 2621 2523
f 2621 2622 2523
f 2622 2517 2523
f 2622 2612 2517
f 2614 2623 2613
f 2613 2623 2616
f 2618 2619 2624
f 2624 2619 2625
f 2618 2626 2620
f 2618 2624 2626
f 2626 2525 2519
f 2626 2519 2620
f 2527 2627 2528
f 2621 2522 2528
f 2627 2621 2528
f 2628 2621 2627
f 2622 2621 2629
f 2629 2621 2628
f 2624 2625 2630
f 2630 2625 2631
f 2624 2632 2626
f 2624 2630 2632
f 2633 2529 2525
f 2626 2633 2525
f 2632 2633 2626
f 2634 2530 2529
f 2634 2529 2633
f 2627 2527 2530
f 2634 2627 2530
f 2635 2627 2634
f 2637 2628 2636
f 2628 2635 2636
f 2628 2627 2635
f 2628 2637 2629
f 2630 2631 2638
f 2638 2631 2639
f 2630 2640 2632
f 2630 2638 2640
f 2642 2633 2641
f 2633 2640 2641
f 2633 2632 2640
f 2633 2642 2634
f 2634 2642 2643
f 2634 2643 2635
f 2635 2643 2644
f 2635 2644 2636
f 2639 2645 2638
f 2638 2645 2640
f 2640 2645 2646
f 2640 2646 2641
f 2647 2539 2538
f 2541 2647 2538
f 2648 2542 2647
f 2647 2542 2539
f 2544 2648 2541
f 2541 2648 2647
f 2648 2545 2542
f 2548 2545 2649
f 2545 2648 2649
f 2544 2547 2649
f 2544 2649 2648
f 2550 2649 2547
f 2650 2551 2649
f 2649 2551 2548
f 2553 2650 2550
f 2550 2650 2649
f 2650 2554 2551
f 2554 2650 2553
f 2652 2651 2558
f 2558 2651 2557
f 2558 2559 2652
f 2652 2559 2653
f 2651 2560 2557
f 2654 2560 2651
f 2561 2653 2559
f 2561 2655 2653
f 2654 2562 2560
f 2656 2562 2654
f 2563 2655 2561
f 2563 2657 2655
f 2660 2659 2658
f 2656 2660 2658
f 2564 2656 2658
f 2562 2656 2564
f 2565 2657 2563
f 2565 2661 2657
f 2658 2659 2568
f 2659 2567 2568
f 2659 2662 2567
f 2658 2568 2564
f 2570 2664 2663
f 2661 2570 2663
f 2565 2570 2661
f 2664 2665 2663
f 2662 2572 2567
f 2666 2572 2662
f 2574 2667 2664
f 2574 2664 2570
f 2665 2664 2668
f 2668 2664 2667
f 2666 2576 2572
f 2669 2576 2666
f 2577 2670 2578
f 2670 2671 2578
f 2578 2671 2574
f 2671 2672 2574
f 2672 2667 2574
f 2667 2672 2668
f 2579 2576 2673
f 2576 2674 2673
f 2576 2669 2674
f 2670 2577 2579
f 2673 2670 2579
f 2675 2670 2673
f 2671 2670 2676
f 2676 2670 2675
f 2674 2677 2673
f 2673 2677 2675
f 2675 2677 2678
f 2675 2678 2676
f 2681 2680 2679
f 2679 2682 2681
f 2679 2680 2683
f 2683 2680 2684
f 2682 2679 2685
f 2685 2679 2683
f 2683 2684 2686
f 2686 2684 2687
f 2685 2683 2688
f 2688 2683 2686
f 2687 2689 2686
f 2686 2689 2688
f 2692 2691 2690
f 2690 2693 2692
f 2690 2691 2694
f 2694 2691 2695
f 2693 2690 2696
f 2696 2690 2694
f 2695 2697 2694
f 2694 2697 2696
f 2698 2582 2583
f 2584 2699 2583
f 2583 2699 2698
f 2585 2699 2584
f 2702 2701 2700
f 2700 2703 2702
f 2704 2586 2698
f 2698 2586 2582
f 2699 2706 2705
f 2704 2699 2705
f 2698 2699 2704
f 2699 2585 2706
f 2585 2707 2706
f 2585 2588 2707
f 2709 2708 2590
f 2590 2708 2589
f 2591 2700 2701
f 2709 2591 2701
f 2590 2591 2709
f 2591 2593 2700
f 2593 2710 2700
f 2710 2703 2700
f 2593 2711 2710
f 2595 2711 2593
f 2704 2596 2586
f 2598 2596 2704
f 2705 2598 2704
f 2712 2598 2705
f 2599 2707 2588
f 2599 2713 2707
f 2714 2601 2602
f 2714 2602 2715
f 2602 2716 2715
f 2602 2603 2716
f 2603 2589 2708
f 2603 2708 2716
f 2710 2711 2717
f 2710 2717 2718
f 2604 2717 2595
f 2595 2717 2711
f 2712 2606 2598
f 2719 2606 2712
f 2607 2721 2720
f 2713 2607 2720
f 2599 2607 2713
f 2609 2610 2721
f 2610 2720 2721
f 2610 2722 2720
f 2610 2601 2714
f 2723 2610 2714
f 2722 2610 2723
f 2723 2714 2715
f 2718 2717 2724
f 2718 2724 2725
f 2612 2724 2604
f 2604 2724 2717
f 2726 2614 2615
f 2616 2726 2615
f 2617 2606 2727
f 2606 2728 2727
f 2606 2719 2728
f 2721 2607 2617
f 2727 2721 2617
f 2729 2721 2727
f 2729 2619 2609
f 2729 2609 2721
f 2725 2724 2730
f 2725 2730 2731
f 2622 2730 2612
f 2612 2730 2724
f 2726 2623 2614
f 2623 2726 2616
f 2727 2728 2732
f 2732 2728 2733
f 2727 2734 2729
f 2727 2732 2734
f 2734 2625 2619
f 2734 2619 2729
f 2735 2731 2730
f 2730 2622 2735
f 2622 2736 2735
f 2622 2629 2736
f 2733 2737 2732
f 2739 2738 2737
f 2738 2732 2737
f 2738 2734 2732
f 2738 2631 2625
f 2738 2625 2734
f 2741 2740 2637
f 2741 2637 2636
f 2629 2637 2736
f 2736 2637 2740
f 2738 2739 2742
f 2742 2739 2743
f 2742 2639 2631
f 2742 2631 2738
f 2641 2744 2642
f 2745 2643 2642
f 2745 2642 2744
f 2746 2644 2643
f 2746 2643 2745
f 2746 2747 2644
f 2747 2636 2644
f 2747 2741 2636
f 2743 2748 2742
f 2748 2750 2749
f 2748 2749 2645
f 2742 2748 2645
f 2639 2742 2645
f 2751 2646 2645
f 2751 2645 2749
f 2751 2752 2646
f 2646 2752 2641
f 2752 2753 2641
f 2753 2744 2641
f 2744 2753 2745
f 2745 2753 2754
f 2745 2754 2746
f 2746 2754 2755
f 2746 2755 2747
f 2750 2756 2749
f 2749 2756 2751
f 2751 2756 2757
f 2751 2757 2752
f 2760 2759 2758
f 2762 2761 2758
f 2758 2761 2760
f 2762 2763 2761
f 2758 2759 2764
f 2764 2759 2765
f 2767 2762 2766
f 2762 2764 2766
f 2762 2758 2764
f 2762 2767 2763
f 2765 2768 2764
f 2764 2768 2766
f 2770 2769 2652
f 2652 2769 2651
f 2652 2653 2770
f 2770 2653 2771
f 2774 2773 2772
f 2769 2774 2772
f 2654 2769 2772
f 2651 2769 2654
f 2655 2771 2653
f 2655 2775 2771
f 2772 2773 2776
f 2776 2773 2777
f 2776 2656 2654
f 2776 2654 2772
f 2657 2775 2655
f 2657 2778 2775
f 2776 2777 2660
f 2777 2659 2660
f 2777 2779 2659
f 2776 2660 2656
f 2661 2778 2657
f 2661 2780 2778
f 2779 2662 2659
f 2781 2662 2779
f 2782 2780 2661
f 2782 2661 2663
f 2663 2665 2782
f 2782 2665 2783
f 2781 2666 2662
f 2784 2666 2781
f 2668 2783 2665
f 2668 2785 2783
f 2784 2669 2666
f 2786 2669 2784
f 2671 2787 2672
f 2787 2788 2672
f 2788 2668 2672
f 2788 2785 2668
f 2786 2674 2669
f 2789 2674 2786
f 2791 2790 2787
f 2671 2791 2787
f 2676 2791 2671
f 2787 2790 2788
f 2677 2674 2792
f 2674 2793 2792
f 2674 2789 2793
f 2677 2792 2794
f 2795 2677 2794
f 2678 2677 2795
f 2676 2678 2791
f 2791 2678 2795
f 2793 2796 2792
f 2792 2796 2794
f 2799 2798 2797
f 2801 2800 2797
f 2797 2800 2799
f 2801 2802 2800
f 2803 2680 2681
f 2804 2803 2798
f 2681 2798 2803
f 2798 2681 2797
f 2682 2797 2681
f 2797 2682 2805
f 2797 2806 2801
f 2797 2805 2806
f 2802 2801 2807
f 2807 2801 2806
f 2808 2684 2803
f 2803 2684 2680
f 2685 2805 2682
f 2805 2685 2809
f 2808 2809 2685
f 2809 2808 2804
f 2803 2804 2808
f 2811 2810 2809
f 2810 2805 2809
f 2810 2806 2805
f 2807 2806 2812
f 2812 2806 2810
f 2815 2814 2813
f 2817 2816 2813
f 2813 2816 2815
f 2817 2818 2816
f 2819 2687 2808
f 2808 2687 2684
f 2688 2819 2685
f 2685 2819 2808
f 2811 2820 2810
f 2810 2820 2812
f 2823 2822 2821
f 2823 2821 2814
f 2821 2813 2814
f 2821 2824 2813
f 2813 2825 2817
f 2813 2824 2825
f 2818 2817 2826
f 2826 2817 2825
f 2819 2689 2687
f 2689 2819 2688
f 2829 2828 2827
f 2829 2827 2822
f 2827 2821 2822
f 2827 2830 2821
f 2821 2831 2824
f 2821 2830 2831
f 2824 2832 2825
f 2824 2831 2832
f 2826 2825 2833
f 2833 2825 2832
f 2827 2828 2834
f 2834 2828 2835
f 2834 2691 2692
f 2830 2834 2692
f 2827 2834 2830
f 2830 2692 2693
f 2836 2830 2693
f 2831 2830 2836
f 2838 2832 2837
f 2832 2836 2837
f 2832 2831 2836
f 2832 2838 2833
f 2834 2835 2839
f 2839 2835 2840
f 2839 2695 2691
f 2839 2691 2834
f 2842 2841 2836
f 2693 2842 2836
f 2696 2842 2693
f 2836 2841 2837
f 2840 2843 2839
f 2839 2843 2695
f 2843 2697 2695
f 2843 2844 2697
f 2696 2697 2842
f 2842 2697 2844
f 2845 2701 2702
f 2703 2845 2702
f 2846 2705 2706
f 2707 2846 2706
f 2848 2847 2709
f 2709 2847 2708
f 2709 2701 2845
f 2849 2709 2845
f 2848 2709 2849
f 2845 2703 2849
f 2703 2850 2849
f 2703 2710 2850
f 2851 2712 2846
f 2846 2712 2705
f 2713 2851 2707
f 2707 2851 2846
f 2853 2852 2716
f 2716 2852 2715
f 2716 2708 2847
f 2716 2847 2853
f 2718 2850 2710
f 2718 2854 2850
f 2855 2719 2851
f 2851 2719 2712
f 2855 2851 2713
f 2856 2855 2713
f 2720 2856 2713
f 2857 2855 2856
f 2858 2720 2722
f 2858 2856 2720
f 2859 2722 2723
f 2859 2858 2722
f 2723 2715 2852
f 2723 2852 2859
f 2725 2854 2718
f 2725 2860 2854
f 2862 2861 2855
f 2861 2719 2855
f 2861 2728 2719
f 2862 2855 2857
f 2731 2860 2725
f 2731 2863 2860
f 2861 2733 2728
f 2864 2733 2861
f 2731 2735 2865
f 2866 2731 2865
f 2863 2731 2866
f 2736 2865 2735
f 2737 2733 2867
f 2733 2868 2867
f 2733 2864 2868
f 2867 2739 2737
f 2871 2870 2869
f 2869 2870 2866
f 2869 2866 2865
f 2741 2869 2865
f 2740 2741 2865
f 2740 2865 2736
f 2868 2872 2867
f 2739 2867 2872
f 2873 2739 2872
f 2743 2739 2873
f 2871 2869 2874
f 2871 2874 2875
f 2747 2874 2741
f 2741 2874 2869
f 2873 2876 2743
f 2743 2876 2748
f 2750 2748 2876
f 2750 2876 2877
f 2880 2879 2878
f 2753 2752 2878
f 2879 2753 2878
f 2881 2753 2879
f 2753 2882 2754
f 2881 2882 2753
f 2874 2755 2875
f 2755 2882 2875
f 2755 2754 2882
f 2755 2874 2747
f 2877 2883 2750
f 2750 2883 2756
f 2878 2757 2880
f 2757 2883 2880
f 2757 2756 2883
f 2757 2878 2752
f 2886 2885 2884
f 2884 2887 2886
f 2884 2885 2888
f 2888 2885 2889
f 2887 2884 2890
f 2890 2884 2888
f 2888 2889 2891
f 2891 2889 2892
f 2890 2888 2893
f 2893 2888 2891
f 2896 2895 2894
f 2896 2894 2892
f 2892 2894 2891
f 2894 2759 2891
f 2759 2760 2891
f 2760 2761 2891
f 2761 2897 2891
f 2897 2893 2891
f 2761 2898 2897
f 2763 2898 2761
f 2901 2900 2899
f 2901 2899 2895
f 2899 2894 2895
f 2899 2902 2894
f 2759 2903 2765
f 2759 2904 2903
f 2904 2759 2905
f 2894 2905 2759
f 2905 2894 2906
f 2903 2906 2894
f 2894 2902 2903
f 2903 2902 2765
f 2904 2906 2903
f 2904 2905 2897
f 2904 2897 2898
f 2766 2904 2898
f 2767 2766 2898
f 2767 2898 2763
f 2900 2907 2899
f 2899 2907 2902
f 2902 2907 2908
f 2906 2904 2908
f 2904 2768 2908
f 2765 2902 2908
f 2765 2908 2768
f 2768 2904 2766
f 2909 2769 2770
f 2771 2909 2770
f 2911 2910 2774
f 2774 2910 2773
f 2774 2769 2909
f 2912 2774 2909
f 2911 2774 2912
f 2909 2771 2912
f 2771 2913 2912
f 2771 2775 2913
f 2910 2777 2773
f 2914 2777 2910
f 2778 2913 2775
f 2778 2915 2913
f 2914 2779 2777
f 2916 2779 2914
f 2780 2915 2778
f 2780 2917 2915
f 2916 2781 2779
f 2918 2781 2916
f 2780 2782 2919
f 2920 2780 2919
f 2917 2780 2920
f 2783 2919 2782
f 2918 2784 2781
f 2921 2784 2918
f 2920 2919 2922
f 2920 2922 2923
f 2785 2922 2783
f 2783 2922 2919
f 2921 2786 2784
f 2924 2786 2921
f 2923 2922 2925
f 2923 2925 2926
f 2788 2925 2785
f 2785 2925 2922
f 2924 2789 2786
f 2927 2789 2924
f 2930 2929 2928
f 2928 2929 2926
f 2928 2926 2925
f 2791 2928 2925
f 2790 2791 2925
f 2790 2925 2788
f 2932 2793 2931
f 2793 2927 2931
f 2793 2789 2927
f 2932 2931 2930
f 2932 2930 2928
f 2794 2932 2928
f 2795 2794 2928
f 2795 2928 2791
f 2932 2796 2793
f 2796 2932 2794
f 2935 2934 2933
f 2933 2936 2935
f 2933 2934 2937
f 2937 2934 2938
f 2936 2933 2939
f 2939 2933 2937
f 2937 2938 2940
f 2940 2938 2941
f 2939 2937 2942
f 2937 2943 2942
f 2937 2940 2943
f 2943 2944 2942
f 2940 2941 2945
f 2945 2941 2946
f 2940 2947 2943
f 2940 2945 2947
f 2944 2943 2948
f 2948 2943 2947
f 2951 2950 2949
f 2949 2952 2951
f 2953 2798 2799
f 2946 2954 2945
f 2954 2799 2945
f 2799 2800 2945
f 2799 2954 2953
f 2945 2800 2802
f 2955 2945 2802
f 2947 2945 2955
f 2948 2947 2956
f 2956 2947 2955
f 2959 2958 2957
f 2959 2957 2950
f 2957 2949 2950
f 2957 2960 2949
f 2952 2949 2961
f 2949 2962 2961
f 2949 2960 2962
f 2798 2962 2804
f 2962 2798 2961
f 2953 2961 2798
f 2961 2953 2963
f 2964 2963 2953
f 2953 2954 2965
f 2953 2965 2964
f 2807 2966 2955
f 2807 2955 2802
f 2956 2955 2967
f 2967 2955 2966
f 2970 2969 2968
f 2968 2971 2970
f 2957 2958 2972
f 2972 2958 2973
f 2957 2974 2960
f 2957 2972 2974
f 2960 2975 2962
f 2960 2974 2975
f 2963 2964 2976
f 2809 2976 2964
f 2976 2809 2975
f 2804 2975 2809
f 2975 2804 2962
f 2978 2977 2811
f 2978 2811 2809
f 2965 2978 2809
f 2964 2965 2809
f 2978 2979 2966
f 2812 2978 2966
f 2807 2812 2966
f 2977 2978 2812
f 2966 2979 2967
f 2968 2969 2980
f 2980 2969 2981
f 2815 2982 2814
f 2982 2968 2814
f 2968 2980 2814
f 2968 2982 2971
f 2816 2972 2973
f 2982 2816 2973
f 2815 2816 2982
f 2972 2816 2818
f 2983 2972 2818
f 2974 2972 2983
f 2974 2984 2975
f 2974 2983 2984
f 2976 2975 2985
f 2985 2975 2984
f 2977 2820 2811
f 2820 2977 2812
f 2988 2987 2986
f 2988 2986 2981
f 2981 2986 2980
f 2986 2822 2980
f 2822 2823 2980
f 2980 2823 2814
f 2826 2989 2983
f 2826 2983 2818
f 2991 2984 2990
f 2984 2989 2990
f 2984 2983 2989
f 2984 2991 2985
f 2994 2993 2992
f 2994 2992 2987
f 2987 2992 2986
f 2992 2828 2986
f 2828 2829 2986
f 2986 2829 2822
f 2996 2995 2989
f 2826 2996 2989
f 2833 2996 2826
f 2989 2995 2990
f 2992 2993 2997
f 2997 2993 2998
f 2997 2835 2828
f 2997 2828 2992
f 3000 2999 2838
f 3000 2838 2837
f 2833 2838 2996
f 2996 2838 2999
f 2998 3001 2997
f 2835 2997 3001
f 3002 2835 3001
f 2840 2835 3002
f 3004 3003 2841
f 3004 2841 2842
f 2837 2841 3000
f 3000 2841 3003
f 3002 3005 2840
f 2840 3005 2843
f 2843 3006 2844
f 3005 3006 2843
f 2842 2844 3004
f 3004 2844 3006
f 3007 2847 2848
f 2849 3008 2848
f 2848 3008 3007
f 2850 3008 2849
f 3011 3010 3009
f 3013 3012 3009
f 3009 3012 3011
f 3015 3014 3013
f 3013 3014 3012
f 2852 2853 3015
f 2853 3014 3015
f 2853 3016 3014
f 3016 2853 2847
f 3017 3016 2847
f 3007 3017 2847
f 3016 3017 3018
f 3008 3020 3019
f 3017 3008 3019
f 3007 3008 3017
f 3008 2850 3020
f 2850 3021 3020
f 2850 2854 3021
f 3009 3010 2856
f 3010 2857 2856
f 3010 3022 2857
f 3009 2856 2858
f 3009 2858 3013
f 3013 2858 2859
f 3013 2859 3015
f 3015 2859 2852
f 3018 3017 3023
f 3018 3023 3024
f 3017 3019 3025
f 3026 3017 3025
f 3023 3017 3026
f 3025 3021 3026
f 3021 2860 3026
f 3021 2854 2860
f 3027 2861 2862
f 3028 3027 2862
f 2857 3028 2862
f 3022 3028 2857
f 3029 3024 3023
f 3031 3030 3029
f 3023 3031 3029
f 3026 3031 3023
f 2863 3031 2860
f 2860 3031 3026
f 3032 2864 3027
f 3027 2864 2861
f 3027 3028 3033
f 3027 3033 3032
f 3030 3031 3034
f 3030 3034 3035
f 2866 3034 2863
f 2863 3034 3031
f 3036 2868 3032
f 3032 2868 2864
f 3032 3033 3037
f 3032 3037 3036
f 3040 3039 3038
f 3038 3039 3035
f 3038 3035 3034
f 2871 3038 3034
f 2870 2871 3034
f 2870 3034 2866
f 3036 2872 2868
f 2873 2872 3036
f 3037 2873 3036
f 3041 2873 3037
f 3044 3043 3042
f 3042 3043 3040
f 3038 3042 3040
f 3045 3042 3038
f 2875 3045 2871
f 2871 3045 3038
f 3041 3046 2873
f 2873 3046 2876
f 2877 2876 3046
f 2877 3046 3047
f 3049 3048 2879
f 3049 2879 2880
f 3042 2881 3044
f 2881 3048 3044
f 2881 2879 3048
f 2881 3042 2882
f 2882 3042 3045
f 2882 3045 2875
f 3047 3050 2877
f 2877 3050 2883
f 2880 2883 3049
f 3049 2883 3050
f 3053 3052 3051
f 3051 3054 3053
f 3057 3056 3055
f 3059 3058 3055
f 3055 3058 3057
f 3061 3060 3059
f 3059 3060 3058
f 3060 3061 3052
f 3061 3051 3052
f 3061 3062 3051
f 3054 3051 3063
f 3063 3051 3062
f 3055 3056 3064
f 3064 3056 3065
f 3055 3066 3059
f 3055 3064 3066
f 3059 3067 3061
f 3059 3066 3067
f 3061 3068 3062
f 3061 3067 3068
f 3063 3070 3069
f 3070 3063 2886
f 3062 2886 3063
f 2886 3062 2885
f 3068 2885 3062
f 2887 3070 2886
f 3064 3065 3071
f 3071 3065 3072
f 3064 3073 3066
f 3064 3071 3073
f 3066 3074 3067
f 3066 3073 3074
f 3067 3075 3068
f 3067 3074 3075
f 3075 2885 3068
f 2885 3075 2889
f 3069 3070 3076
f 3077 3076 3070
f 2890 3077 2887
f 2887 3077 3070
f 3071 3072 3078
f 3078 3072 3079
f 3071 3080 3073
f 3071 3078 3080
f 3073 3081 3074
f 3073 3080 3081
f 3074 3082 3075
f 3074 3081 3082
f 3082 2889 3075
f 2889 3082 2892
f 3076 3077 3083
f 3084 3083 3077
f 2893 3084 2890
f 2890 3084 3077
f 3087 3086 3085
f 3087 3085 3079
f 3085 3078 3079
f 3085 3088 3078
f 3078 3089 3080
f 3078 3088 3089
f 3080 3090 3081
f 3080 3089 3090
f 3090 2895 2896
f 3082 3090 2896
f 3081 3090 3082
f 3083 3092 3091
f 3092 3082 3091
f 2896 3091 3082
f 3091 2896 3093
f 2892 3093 2896
f 3093 2892 3092
f 3092 3084 3093
f 3083 3084 3092
f 3092 2892 3082
f 2897 3093 2893
f 2893 3093 3084
f 3086 3094 3085
f 3096 3095 3094
f 3095 3085 3094
f 3095 3088 3085
f 3088 3097 3089
f 3088 3095 3097
f 3097 2900 2901
f 3090 3097 2901
f 3089 3097 3090
f 2895 3090 2901
f 3100 3099 3098
f 3099 3100 3091
f 3099 3091 3093
f 2906 3099 3093
f 2905 2906 3093
f 2905 3093 2897
f 3103 3102 3101
f 3101 3104 3103
f 3095 3096 3105
f 3105 3096 3106
f 3108 3097 3107
f 3097 3105 3107
f 3097 3095 3105
f 3097 3108 2900
f 3108 2907 2900
f 3108 3109 2907
f 3099 2908 3098
f 2908 3109 3098
f 2908 2907 3109
f 2908 3099 2906
f 3102 3110 3101
f 3101 3110 3104
f 3106 3111 3105
f 3105 3111 3107
f 3113 3112 2911
f 2911 3112 2910
f 3115 3113 3114
f 3113 2912 3114
f 3113 2911 2912
f 2913 3114 2912
f 3112 2914 2910
f 3116 2914 3112
f 3115 3114 3117
f 3115 3117 3118
f 2915 3117 2913
f 2913 3117 3114
f 3116 2916 2914
f 3119 2916 3116
f 3118 3117 3120
f 3118 3120 3121
f 2917 3120 2915
f 2915 3120 3117
f 3119 2918 2916
f 3122 2918 3119
f 3121 3120 3123
f 3121 3123 3124
f 2920 3123 2917
f 2917 3123 3120
f 3122 2921 2918
f 3125 2921 3122
f 3124 3123 3126
f 3124 3126 3127
f 2923 3126 2920
f 2920 3126 3123
f 3125 2924 2921
f 3128 2924 3125
f 3127 3126 3129
f 3127 3129 3130
f 2926 3129 2923
f 2923 3129 3126
f 3132 2927 3131
f 2927 3128 3131
f 2927 2924 3128
f 3132 3131 3130
f 3132 3130 3129
f 2930 3132 3129
f 2929 2930 3129
f 2929 3129 2926
f 3132 2931 2927
f 2931 3132 2930
f 3135 3134 3133
f 3133 3136 3135
f 3133 3134 2935
f 3134 2934 2935
f 3134 3137 2934
f 3139 3138 2936
f 2936 3138 2935
f 3138 3136 2935
f 3136 3133 2935
f 3139 3140 3138
f 3137 2938 2934
f 3141 2938 3137
f 2939 3142 3139
f 2939 3139 2936
f 3140 3139 3143
f 3143 3139 3142
f 3146 3145 3144
f 3148 3147 3144
f 3144 3147 3146
f 3141 3147 3148
f 2941 3141 3148
f 2938 3141 2941
f 2942 3142 2939
f 3150 3149 2944
f 2944 3149 2942
f 3149 3143 2942
f 3143 3142 2942
f 3150 3151 3149
f 3154 3153 3152
f 3154 3152 3145
f 3152 3144 3145
f 3152 3155 3144
f 3144 3156 3148
f 3144 3155 3156
f 3156 2946 2941
f 3156 2941 3148
f 2948 3157 3150
f 2948 3150 2944
f 3151 3150 3158
f 3158 3150 3157
f 3161 3160 3159
f 3163 3162 3159
f 3159 3162 3161
f 3162 3163 3153
f 3153 3163 3152
f 3163 2950 3152
f 2950 2951 3152
f 3152 2951 2952
f 3164 3152 2952
f 3155 3152 3164
f 3155 3165 3156
f 3155 3164 3165
f 2946 3166 2954
f 2946 3167 3166
f 3167 2946 3168
f 3156 3168 2946
f 3168 3156 3169
f 3166 3169 3156
f 3156 3165 3166
f 3166 3165 2954
f 3167 3169 3166
f 3171 3170 3167
f 3171 3167 3168
f 2956 3172 2948
f 3172 3170 2948
f 3171 2948 3170
f 2948 3171 3157
f 3173 3157 3171
f 3157 3173 3172
f 3172 3174 3157
f 2956 3174 3172
f 3172 3173 3170
f 3158 3157 3175
f 3175 3157 3174
f 3159 3160 3176
f 3176 3160 3177
f 3176 2958 2959
f 3163 3176 2959
f 3159 3176 3163
f 3163 2959 2950
f 2961 3164 2952
f 3164 2961 2963
f 3178 3164 2963
f 3165 3164 3178
f 3178 2954 3165
f 2954 3178 2965
f 3169 3167 3179
f 3180 3179 3167
f 3181 3167 3170
f 3180 3167 3181
f 2967 3174 2956
f 3174 2967 3182
f 3181 3182 2967
f 3182 3181 3173
f 3170 3173 3181
f 3174 3182 3175
f 3185 3184 3183
f 3187 3186 3183
f 3183 3186 3185
f 2969 2970 3187
f 2970 3186 3187
f 2970 3188 3186
f 3189 3176 2971
f 3176 3188 2971
f 3188 2970 2971
f 3176 3177 3188
f 3189 2973 2958
f 3189 2958 3176
f 3191 3190 3178
f 2963 3191 3178
f 2976 3191 2963
f 3179 3180 3190
f 3180 2978 3190
f 2965 3178 3190
f 2965 3190 2978
f 2978 3180 2979
f 2979 3180 3181
f 2979 3181 2967
f 3183 3184 3192
f 3192 3184 3193
f 3183 3194 3187
f 3183 3192 3194
f 3194 2981 2969
f 3194 2969 3187
f 2982 3189 2971
f 3189 2982 2973
f 2985 3191 2976
f 2985 3195 3191
f 3192 3193 3196
f 3196 3193 3197
f 3196 2987 2988
f 3194 3196 2988
f 3192 3196 3194
f 3194 2988 2981
f 3200 3199 3198
f 2991 2990 3198
f 3199 2991 3198
f 3201 2991 3199
f 2985 2991 3195
f 3195 2991 3201
f 3196 3197 2994
f 3197 2993 2994
f 3197 3202 2993
f 3196 2994 2987
f 3200 3198 2995
f 2996 3200 2995
f 3203 3200 2996
f 2995 3198 2990
f 3202 2998 2993
f 3204 2998 3202
f 3206 3205 2999
f 3206 2999 3000
f 2996 2999 3203
f 3203 2999 3205
f 3001 2998 3207
f 2998 3208 3207
f 2998 3204 3208
f 3207 3002 3001
f 3210 3209 3003
f 3210 3003 3004
f 3000 3003 3206
f 3206 3003 3209
f 3208 3211 3207
f 3207 3211 3002
f 3211 3005 3002
f 3211 3212 3005
f 3005 3213 3006
f 3212 3213 3005
f 3004 3006 3210
f 3210 3006 3213
f 3216 3215 3214
f 3218 3217 3214
f 3214 3217 3216
f 3220 3219 3218
f 3218 3219 3217
f 3220 3221 3219
f 3224 3223 3222
f 3226 3225 3222
f 3222 3225 3224
f 3225 3226 3215
f 3226 3214 3215
f 3226 3227 3214
f 3214 3228 3218
f 3214 3227 3228
f 3218 3229 3220
f 3218 3228 3229
f 3221 3220 3230
f 3220 3231 3230
f 3220 3229 3231
f 3231 3232 3230
f 3235 3234 3233
f 3235 3233 3223
f 3223 3233 3222
f 3233 3010 3222
f 3010 3011 3222
f 3222 3011 3012
f 3222 3012 3226
f 3226 3012 3014
f 3226 3014 3227
f 3227 3014 3016
f 3227 3016 3228
f 3228 3016 3018
f 3236 3228 3018
f 3229 3228 3236
f 3236 3019 3020
f 3231 3236 3020
f 3229 3236 3231
f 3020 3021 3231
f 3021 3232 3231
f 3021 3237 3232
f 3233 3234 3238
f 3238 3234 3239
f 3238 3022 3010
f 3238 3010 3233
f 3024 3240 3236
f 3024 3236 3018
f 3236 3240 3019
f 3240 3241 3019
f 3241 3025 3019
f 3240 3242 3241
f 3021 3025 3237
f 3237 3025 3241
f 3238 3239 3243
f 3243 3239 3244
f 3243 3028 3022
f 3243 3022 3238
f 3240 3024 3029
f 3247 3246 3245
f 3246 3247 3030
f 3247 3242 3030
f 3240 3029 3030
f 3240 3030 3242
f 3244 3248 3243
f 3028 3243 3248
f 3249 3028 3248
f 3033 3028 3249
f 3245 3246 3250
f 3245 3250 3251
f 3035 3250 3030
f 3030 3250 3246
f 3249 3037 3033
f 3252 3037 3249
f 3251 3250 3039
f 3040 3251 3039
f 3253 3251 3040
f 3039 3250 3035
f 3252 3041 3037
f 3254 3041 3252
f 3256 3255 3043
f 3256 3043 3044
f 3040 3043 3253
f 3253 3043 3255
f 3046 3041 3257
f 3041 3258 3257
f 3041 3254 3258
f 3257 3047 3046
f 3260 3259 3048
f 3260 3048 3049
f 3044 3048 3256
f 3256 3048 3259
f 3258 3261 3257
f 3261 3263 3262
f 3261 3262 3050
f 3257 3261 3050
f 3047 3257 3050
f 3262 3264 3050
f 3264 3049 3050
f 3264 3260 3049
f 3263 3265 3262
f 3262 3265 3264
f 3268 3267 3266
f 3270 3269 3266
f 3266 3269 3268
f 3270 3271 3269
f 3267 3272 3266
f 3274 3273 3272
f 3273 3266 3272
f 3273 3270 3266
f 3271 3270 3275
f 3275 3270 3273
f 3278 3277 3276
f 3276 3279 3278
f 3274 3280 3273
f 3273 3280 3275
f 3276 3277 3281
f 3281 3277 3282
f 3279 3276 3283
f 3283 3276 3281
f 3286 3285 3284
f 3286 3284 3282
f 3284 3281 3282
f 3284 3287 3281
f 3283 3289 3288
f 3289 3283 3053
f 3281 3053 3283
f 3053 3281 3052
f 3287 3052 3281
f 3054 3289 3053
f 3291 3290 3057
f 3057 3290 3056
f 3058 3284 3285
f 3291 3058 3285
f 3057 3058 3291
f 3284 3058 3060
f 3284 3060 3287
f 3288 3293 3292
f 3293 3287 3292
f 3060 3292 3287
f 3292 3060 3294
f 3052 3294 3060
f 3294 3052 3293
f 3293 3289 3294
f 3288 3289 3293
f 3293 3052 3287
f 3063 3294 3054
f 3054 3294 3289
f 3297 3296 3295
f 3290 3297 3295
f 3065 3290 3295
f 3056 3290 3065
f 3292 3294 3298
f 3292 3298 3299
f 3069 3298 3063
f 3063 3298 3294
f 3295 3296 3300
f 3300 3296 3301
f 3300 3072 3065
f 3300 3065 3295
f 3299 3298 3302
f 3299 3302 3303
f 3076 3302 3069
f 3069 3302 3298
f 3300 3301 3304
f 3304 3301 3305
f 3304 3079 3072
f 3304 3072 3300
f 3303 3302 3306
f 3303 3306 3307
f 3083 3306 3076
f 3076 3306 3302
f 3310 3309 3308
f 3310 3308 3305
f 3305 3308 3304
f 3308 3086 3304
f 3086 3087 3304
f 3304 3087 3079
f 3313 3312 3311
f 3311 3312 3307
f 3306 3311 3307
f 3314 3311 3306
f 3091 3314 3083
f 3083 3314 3306
f 3308 3309 3315
f 3315 3309 3316
f 3317 3094 3086
f 3308 3317 3086
f 3315 3317 3308
f 3317 3096 3094
f 3320 3319 3318
f 3318 3319 3313
f 3311 3318 3313
f 3321 3318 3311
f 3098 3321 3100
f 3321 3314 3100
f 3321 3311 3314
f 3100 3314 3091
f 3315 3316 3103
f 3316 3102 3103
f 3316 3322 3102
f 3315 3103 3104
f 3323 3315 3104
f 3317 3315 3323
f 3096 3324 3106
f 3096 3325 3324
f 3325 3096 3326
f 3317 3326 3096
f 3326 3317 3327
f 3324 3327 3317
f 3317 3323 3324
f 3324 3323 3106
f 3325 3327 3324
f 3325 3326 3320
f 3325 3320 3318
f 3107 3325 3318
f 3108 3107 3318
f 3108 3318 3109
f 3109 3318 3321
f 3109 3321 3098
f 3110 3102 3328
f 3102 3329 3328
f 3102 3322 3329
f 3323 3104 3110
f 3328 3323 3110
f 3330 3323 3328
f 3327 3325 3331
f 3111 3331 3325
f 3331 3111 3330
f 3106 3330 3111
f 3330 3106 3323
f 3111 3325 3107
f 3328 3329 3332
f 3332 3329 3333
f 3335 3330 3334
f 3330 3332 3334
f 3330 3328 3332
f 3330 3335 3331
f 3333 3336 3332
f 3332 3336 3334
f 3337 3112 3113
f 3115 3337 3113
f 3338 3116 3337
f 3337 3116 3112
f 3118 3338 3115
f 3115 3338 3337
f 3339 3119 3338
f 3338 3119 3116
f 3121 3339 3118
f 3118 3339 3338
f 3340 3122 3339
f 3339 3122 3119
f 3124 3340 3121
f 3121 3340 3339
f 3341 3125 3340
f 3340 3125 3122
f 3127 3341 3124
f 3124 3341 3340
f 3342 3128 3341
f 3341 3128 3125
f 3130 3342 3127
f 3127 3342 3341
f 3342 3131 3128
f 3131 3342 3130
f 3344 3343 3135
f 3135 3343 3134
f 3346 3345 3136
f 3345 3135 3136
f 3345 3344 3135
f 3346 3347 3345
f 3350 3349 3348
f 3352 3351 3348
f 3348 3351 3350
f 3343 3351 3352
f 3137 3343 3352
f 3134 3343 3137
f 3138 3346 3136
f 3354 3353 3140
f 3140 3353 3138
f 3353 3347 3138
f 3347 3346 3138
f 3354 3355 3353
f 3358 3357 3356
f 3360 3359 3356
f 3356 3359 3358
f 3359 3360 3349
f 3360 3348 3349
f 3360 3361 3348
f 3348 3362 3352
f 3348 3361 3362
f 3362 3141 3137
f 3362 3137 3352
f 3143 3363 3354
f 3143 3354 3140
f 3355 3354 3364
f 3364 3354 3363
f 3367 3366 3365
f 3369 3368 3365
f 3365 3368 3367
f 3371 3370 3369
f 3369 3370 3368
f 3370 3371 3357
f 3371 3356 3357
f 3371 3372 3356
f 3356 3373 3360
f 3356 3372 3373
f 3373 3145 3146
f 3361 3373 3146
f 3360 3373 3361
f 3361 3146 3147
f 3361 3147 3362
f 3362 3147 3141
f 3149 3363 3143
f 3149 3151 3363
f 3151 3364 3363
f 3151 3374 3364
f 3365 3366 3375
f 3375 3366 3376
f 3365 3377 3369
f 3365 3375 3377
f 3369 3378 3371
f 3369 3377 3378
f 3371 3379 3372
f 3371 3378 3379
f 3379 3153 3154
f 3373 3379 3154
f 3372 3379 3373
f 3373 3154 3145
f 3158 3381 3380
f 3374 3158 3380
f 3151 3158 3374
f 3381 3382 3380
f 3385 3384 3383
f 3387 3386 3383
f 3383 3386 3385
f 3389 3388 3387
f 3387 3388 3386
f 3391 3390 3389
f 3390 3375 3389
f 3376 3388 3389
f 3376 3389 3375
f 3393 3392 3390
f 3392 3375 3390
f 3392 3377 3375
f 3392 3160 3161
f 3378 3392 3161
f 3377 3392 3378
f 3378 3161 3162
f 3378 3162 3379
f 3379 3162 3153
f 3169 3394 3168
f 3168 3394 3395
f 3396 3168 3395
f 3171 3168 3396
f 3398 3397 3173
f 3171 3398 3173
f 3396 3398 3171
f 3398 3399 3381
f 3175 3398 3381
f 3158 3175 3381
f 3397 3398 3175
f 3381 3399 3382
f 3384 3400 3383
f 3383 3400 3387
f 3387 3400 3401
f 3403 3402 3401
f 3402 3387 3401
f 3402 3389 3387
f 3391 3389 3404
f 3389 3405 3404
f 3389 3402 3405
f 3407 3406 3405
f 3406 3392 3405
f 3393 3404 3405
f 3393 3405 3392
f 3160 3392 3406
f 3408 3160 3406
f 3177 3160 3408
f 3410 3409 3394
f 3169 3410 3394
f 3179 3410 3169
f 3394 3409 3395
f 3397 3182 3173
f 3182 3397 3175
f 3402 3403 3185
f 3403 3184 3185
f 3403 3411 3184
f 3402 3185 3186
f 3402 3186 3405
f 3412 3407 3405
f 3186 3412 3405
f 3188 3412 3186
f 3188 3177 3408
f 3188 3408 3412
f 3191 3413 3190
f 3413 3414 3190
f 3414 3179 3190
f 3414 3410 3179
f 3411 3193 3184
f 3415 3193 3411
f 3418 3417 3416
f 3417 3419 3413
f 3195 3417 3413
f 3191 3195 3413
f 3416 3417 3195
f 3413 3419 3414
f 3422 3421 3420
f 3415 3422 3420
f 3197 3415 3420
f 3193 3415 3197
f 3424 3423 3199
f 3424 3199 3200
f 3416 3201 3418
f 3201 3423 3418
f 3201 3199 3423
f 3201 3416 3195
f 3420 3421 3425
f 3425 3421 3426
f 3425 3202 3197
f 3425 3197 3420
f 3429 3428 3427
f 3428 3424 3427
f 3424 3203 3427
f 3424 3200 3203
f 3425 3426 3430
f 3430 3426 3431
f 3430 3204 3202
f 3430 3202 3425
f 3429 3427 3205
f 3206 3429 3205
f 3432 3429 3206
f 3205 3427 3203
f 3431 3433 3430
f 3208 3204 3430
f 3434 3208 3430
f 3433 3434 3430
f 3208 3434 3435
f 3436 3435 3434
f 3438 3437 3209
f 3438 3209 3210
f 3206 3209 3432
f 3432 3209 3437
f 3435 3211 3208
f 3436 3439 3435
f 3439 3211 3435
f 3439 3212 3211
f 3212 3440 3213
f 3439 3440 3212
f 3210 3213 3438
f 3438 3213 3440
f 3443 3442 3441
f 3445 3444 3441
f 3441 3444 3443
f 3445 3446 3444
f 3449 3448 3447
f 3215 3216 3447
f 3216 3449 3447
f 3216 3450 3449
f 3217 3441 3442
f 3450 3217 3442
f 3216 3217 3450
f 3441 3217 3219
f 3441 3219 3445
f 3452 3451 3221
f 3221 3451 3219
f 3451 3446 3219
f 3446 3445 3219
f 3452 3453 3451
f 3456 3455 3454
f 3223 3224 3454
f 3224 3456 3454
f 3224 3457 3456
f 3225 3447 3448
f 3457 3225 3448
f 3224 3225 3457
f 3447 3225 3215
f 3230 3452 3221
f 3230 3232 3452
f 3232 3453 3452
f 3232 3458 3453
f 3461 3460 3459
f 3461 3459 3455
f 3455 3459 3454
f 3459 3234 3454
f 3234 3235 3454
f 3454 3235 3223
f 3237 3458 3232
f 3237 3462 3458
f 3459 3460 3463
f 3463 3460 3464
f 3463 3239 3234
f 3463 3234 3459
f 3467 3466 3465
f 3241 3242 3465
f 3466 3241 3465
f 3468 3241 3466
f 3237 3241 3462
f 3462 3241 3468
f 3463 3464 3469
f 3469 3464 3470
f 3469 3244 3239
f 3469 3239 3463
f 3467 3465 3247
f 3245 3467 3247
f 3471 3467 3245
f 3247 3465 3242
f 3470 3472 3469
f 3469 3472 3244
f 3472 3248 3244
f 3472 3473 3248
f 3249 3248 3473
f 3249 3473 3474
f 3477 3476 3475
f 3476 3471 3475
f 3471 3251 3475
f 3471 3245 3251
f 3474 3252 3249
f 3478 3252 3474
f 3477 3475 3479
f 3477 3479 3480
f 3253 3479 3251
f 3251 3479 3475
f 3478 3254 3252
f 3481 3254 3478
f 3484 3483 3482
f 3482 3483 3480
f 3482 3480 3479
f 3256 3482 3479
f 3255 3256 3479
f 3255 3479 3253
f 3487 3486 3485
f 3485 3488 3487
f 3481 3258 3254
f 3489 3258 3481
f 3492 3491 3490
f 3490 3491 3484
f 3490 3484 3482
f 3260 3490 3482
f 3259 3260 3482
f 3259 3482 3256
f 3485 3486 3493
f 3493 3486 3494
f 3488 3485 3495
f 3495 3485 3493
f 3489 3496 3258
f 3258 3496 3261
f 3496 3497 3261
f 3497 3492 3261
f 3490 3261 3492
f 3261 3490 3263
f 3498 3263 3490
f 3263 3498 3497
f 3497 3499 3263
f 3496 3499 3497
f 3497 3498 3492
f 3260 3264 3490
f 3264 3500 3490
f 3500 3498 3490
f 3500 3264 3501
f 3503 3502 3501
f 3501 3502 3500
f 3505 3504 3503
f 3503 3504 3502
f 3507 3506 3505
f 3505 3506 3504
f 3507 3508 3506
f 3493 3494 3509
f 3509 3494 3510
f 3495 3493 3511
f 3511 3493 3509
f 3499 3512 3263
f 3263 3512 3265
f 3265 3512 3264
f 3512 3513 3264
f 3513 3501 3264
f 3513 3512 3514
f 3501 3515 3503
f 3501 3513 3515
f 3503 3516 3505
f 3503 3515 3516
f 3505 3517 3507
f 3505 3516 3517
f 3508 3507 3518
f 3507 3519 3518
f 3507 3517 3519
f 3519 3520 3518
f 3509 3510 3521
f 3521 3510 3522
f 3511 3509 3523
f 3523 3509 3521
f 3514 3524 3513
f 3525 3267 3268
f 3513 3525 3268
f 3515 3513 3268
f 3524 3525 3513
f 3515 3268 3269
f 3515 3269 3516
f 3516 3269 3271
f 3526 3516 3271
f 3517 3516 3526
f 3517 3527 3519
f 3517 3526 3527
f 3520 3519 3528
f 3519 3529 3528
f 3519 3527 3529
f 3529 3530 3528
f 3521 3522 3531
f 3531 3522 3532
f 3523 3521 3533
f 3521 3534 3533
f 3521 3531 3534
f 3534 3535 3533
f 3272 3267 3536
f 3267 3537 3536
f 3267 3525 3537
f 3536 3274 3272
f 3275 3538 3526
f 3275 3526 3271
f 3526 3539 3527
f 3526 3538 3539
f 3541 3529 3540
f 3529 3539 3540
f 3529 3527 3539
f 3529 3541 3530
f 3531 3532 3542
f 3542 3532 3543
f 3531 3544 3534
f 3531 3542 3544
f 3535 3546 3545
f 3546 3535 3278
f 3534 3278 3535
f 3278 3534 3277
f 3544 3277 3534
f 3279 3546 3278
f 3537 3547 3536
f 3547 3549 3548
f 3547 3548 3280
f 3536 3547 3280
f 3274 3536 3280
f 3538 3275 3280
f 3548 3538 3280
f 3550 3538 3548
f 3552 3539 3551
f 3539 3550 3551
f 3539 3538 3550
f 3539 3552 3540
f 3542 3543 3553
f 3553 3543 3554
f 3542 3555 3544
f 3542 3553 3555
f 3555 3277 3544
f 3277 3555 3282
f 3545 3546 3556
f 3557 3556 3546
f 3283 3557 3279
f 3279 3557 3546
f 3549 3558 3548
f 3560 3559 3558
f 3559 3548 3558
f 3559 3550 3548
f 3551 3550 3561
f 3561 3550 3559
f 3564 3563 3562
f 3564 3562 3554
f 3562 3553 3554
f 3562 3565 3553
f 3565 3285 3286
f 3555 3565 3286
f 3553 3565 3555
f 3556 3567 3566
f 3567 3555 3566
f 3286 3566 3555
f 3566 3286 3568
f 3282 3568 3286
f 3568 3282 3567
f 3567 3557 3568
f 3556 3557 3567
f 3567 3282 3555
f 3288 3568 3283
f 3283 3568 3557
f 3560 3569 3559
f 3559 3569 3561
f 3572 3571 3570
f 3572 3570 3563
f 3570 3562 3563
f 3570 3573 3562
f 3573 3290 3291
f 3565 3573 3291
f 3562 3573 3565
f 3565 3291 3285
f 3566 3568 3574
f 3566 3574 3575
f 3292 3574 3288
f 3288 3574 3568
f 3570 3571 3576
f 3576 3571 3577
f 3576 3296 3297
f 3573 3576 3297
f 3570 3576 3573
f 3573 3297 3290
f 3575 3574 3578
f 3575 3578 3579
f 3299 3578 3292
f 3292 3578 3574
f 3576 3577 3580
f 3580 3577 3581
f 3580 3301 3296
f 3580 3296 3576
f 3579 3578 3582
f 3579 3582 3583
f 3303 3582 3299
f 3299 3582 3578
f 3580 3581 3584
f 3584 3581 3585
f 3584 3305 3301
f 3584 3301 3580
f 3588 3587 3586
f 3586 3587 3583
f 3582 3586 3583
f 3589 3586 3582
f 3307 3589 3303
f 3303 3589 3582
f 3584 3585 3310
f 3585 3309 3310
f 3585 3590 3309
f 3584 3310 3305
f 3588 3586 3591
f 3588 3591 3592
f 3313 3591 3312
f 3591 3589 3312
f 3591 3586 3589
f 3312 3589 3307
f 3590 3316 3309
f 3593 3316 3590
f 3596 3595 3594
f 3594 3595 3592
f 3594 3592 3591
f 3320 3594 3591
f 3319 3320 3591
f 3319 3591 3313
f 3599 3598 3597
f 3593 3599 3597
f 3322 3593 3597
f 3316 3593 3322
f 3596 3594 3326
f 3327 3596 3326
f 3600 3596 3327
f 3326 3594 3320
f 3598 3601 3597
f 3329 3322 3597
f 3602 3329 3597
f 3601 3602 3597
f 3329 3602 3603
f 3605 3604 3603
f 3605 3603 3602
f 3605 3600 3604
f 3600 3331 3604
f 3600 3327 3331
f 3606 3333 3603
f 3603 3333 3329
f 3334 3606 3335
f 3606 3604 3335
f 3606 3603 3604
f 3335 3604 3331
f 3606 3336 3333
f 3336 3606 3334
f 3609 3608 3607
f 3607 3610 3609
f 3613 3612 3611
f 3615 3614 3611
f 3611 3614 3613
f 3343 3344 3615
f 3344 3614 3615
f 3344 3616 3614
f 3617 3344 3345
f 3617 3616 3344
f 3345 3347 3617
f 3617 3347 3618
f 3607 3608 3619
f 3619 3608 3620
f 3610 3607 3621
f 3607 3622 3621
f 3607 3619 3622
f 3622 3623 3621
f 3626 3625 3624
f 3628 3627 3624
f 3624 3627 3626
f 3627 3628 3612
f 3612 3628 3611
f 3628 3349 3611
f 3349 3350 3611
f 3611 3350 3351
f 3611 3351 3615
f 3615 3351 3343
f 3629 3618 3347
f 3629 3347 3353
f 3353 3355 3629
f 3629 3355 3630
f 3619 3620 3631
f 3631 3620 3632
f 3619 3633 3622
f 3619 3631 3633
f 3623 3622 3634
f 3622 3635 3634
f 3622 3633 3635
f 3634 3635 3625
f 3625 3635 3624
f 3635 3357 3624
f 3357 3358 3624
f 3624 3358 3359
f 3624 3359 3628
f 3628 3359 3349
f 3638 3637 3636
f 3639 3636 3637
f 3364 3630 3355
f 3364 3640 3630
f 3643 3642 3641
f 3641 3644 3643
f 3647 3646 3645
f 3647 3645 3632
f 3632 3645 3631
f 3645 3366 3631
f 3366 3367 3631
f 3631 3367 3368
f 3631 3368 3633
f 3633 3368 3370
f 3633 3370 3635
f 3635 3370 3357
f 3638 3636 3648
f 3638 3648 3649
f 3636 3639 3650
f 3651 3636 3650
f 3648 3636 3651
f 3651 3650 3652
f 3640 3654 3653
f 3654 3640 3374
f 3364 3374 3640
f 3654 3655 3653
f 3658 3657 3656
f 3660 3659 3656
f 3656 3659 3658
f 3659 3660 3642
f 3660 3641 3642
f 3660 3661 3641
f 3644 3641 3662
f 3641 3663 3662
f 3641 3661 3663
f 3662 3663 3646
f 3663 3645 3646
f 3663 3664 3645
f 3664 3376 3366
f 3664 3366 3645
f 3665 3649 3648
f 3667 3666 3665
f 3648 3667 3665
f 3651 3667 3648
f 3669 3668 3652
f 3669 3654 3668
f 3654 3669 3380
f 3667 3380 3669
f 3380 3667 3374
f 3668 3374 3667
f 3667 3651 3668
f 3668 3651 3652
f 3654 3374 3668
f 3380 3382 3654
f 3382 3655 3654
f 3382 3670 3655
f 3656 3657 3671
f 3671 3657 3672
f 3656 3673 3660
f 3656 3671 3673
f 3673 3384 3385
f 3661 3673 3385
f 3660 3673 3661
f 3661 3385 3386
f 3661 3386 3663
f 3663 3386 3388
f 3663 3388 3664
f 3376 3664 3388
f 3390 3391 3674
f 3674 3393 3390
f 3676 3675 3396
f 3676 3396 3395
f 3667 3398 3666
f 3398 3675 3666
f 3398 3396 3675
f 3669 3677 3667
f 3677 3398 3667
f 3677 3399 3398
f 3382 3399 3670
f 3670 3399 3677
f 3671 3672 3678
f 3678 3672 3679
f 3671 3680 3673
f 3671 3678 3680
f 3681 3400 3384
f 3673 3681 3384
f 3680 3681 3673
f 3682 3401 3400
f 3682 3400 3681
f 3682 3403 3401
f 3404 3674 3391
f 3393 3674 3404
f 3406 3407 3683
f 3683 3408 3406
f 3685 3684 3409
f 3685 3409 3410
f 3395 3409 3676
f 3676 3409 3684
f 3679 3686 3678
f 3678 3686 3680
f 3680 3686 3687
f 3689 3688 3687
f 3688 3680 3687
f 3688 3681 3680
f 3691 3682 3690
f 3682 3688 3690
f 3682 3681 3688
f 3411 3403 3682
f 3692 3411 3682
f 3691 3692 3682
f 3411 3692 3693
f 3694 3693 3692
f 3412 3683 3407
f 3683 3412 3408
f 3697 3696 3695
f 3696 3685 3695
f 3685 3414 3695
f 3685 3410 3414
f 3689 3698 3688
f 3688 3698 3690
f 3699 3415 3693
f 3693 3415 3411
f 3693 3694 3700
f 3693 3700 3699
f 3702 3701 3417
f 3702 3417 3418
f 3695 3419 3697
f 3419 3701 3697
f 3419 3417 3701
f 3419 3695 3414
f 3704 3703 3422
f 3422 3703 3421
f 3422 3415 3699
f 3705 3422 3699
f 3704 3422 3705
f 3705 3699 3700
f 3708 3707 3706
f 3423 3424 3706
f 3707 3423 3706
f 3709 3423 3707
f 3418 3423 3702
f 3702 3423 3709
f 3703 3426 3421
f 3710 3426 3703
f 3708 3706 3428
f 3429 3708 3428
f 3711 3708 3429
f 3428 3706 3424
f 3713 3431 3712
f 3431 3710 3712
f 3431 3426 3710
f 3714 3713 3712
f 3717 3716 3715
f 3716 3711 3715
f 3711 3432 3715
f 3711 3429 3432
f 3713 3433 3431
f 3714 3718 3713
f 3718 3433 3713
f 3718 3434 3433
f 3720 3719 3436
f 3434 3720 3436
f 3718 3720 3434
f 3721 3719 3720
f 3717 3715 3437
f 3438 3717 3437
f 3722 3717 3438
f 3437 3715 3432
f 3719 3439 3436
f 3721 3723 3719
f 3723 3439 3719
f 3723 3440 3439
f 3438 3440 3722
f 3722 3440 3723
f 3724 3442 3443
f 3444 3725 3443
f 3443 3725 3724
f 3446 3725 3444
f 3726 3448 3449
f 3450 3727 3449
f 3449 3727 3726
f 3442 3724 3450
f 3724 3727 3450
f 3724 3728 3727
f 3729 3724 3725
f 3728 3724 3729
f 3451 3730 3446
f 3730 3725 3446
f 3730 3729 3725
f 3453 3730 3451
f 3731 3455 3456
f 3731 3456 3732
f 3456 3733 3732
f 3456 3457 3733
f 3457 3448 3726
f 3734 3457 3726
f 3733 3457 3734
f 3734 3726 3727
f 3734 3727 3735
f 3737 3736 3735
f 3727 3737 3735
f 3728 3737 3727
f 3729 3739 3738
f 3737 3729 3738
f 3728 3729 3737
f 3739 3729 3730
f 3739 3730 3740
f 3730 3453 3740
f 3453 3741 3740
f 3453 3458 3741
f 3742 3460 3461
f 3743 3742 3461
f 3743 3461 3455
f 3744 3743 3455
f 3731 3744 3455
f 3744 3731 3732
f 3736 3737 3745
f 3736 3745 3746
f 3737 3738 3747
f 3748 3737 3747
f 3745 3737 3748
f 3750 3749 3748
f 3750 3748 3747
f 3750 3741 3749
f 3741 3462 3749
f 3741 3458 3462
f 3753 3752 3751
f 3751 3754 3753
f 3756 3755 3742
f 3755 3460 3742
f 3755 3464 3460
f 3756 3742 3743
f 3757 3746 3745
f 3467 3758 3466
f 3758 3745 3466
f 3745 3748 3466
f 3758 3757 3745
f 3466 3748 3468
f 3468 3748 3749
f 3468 3749 3462
f 3751 3752 3759
f 3759 3752 3760
f 3754 3751 3761
f 3751 3762 3761
f 3751 3759 3762
f 3755 3761 3762
f 3470 3755 3762
f 3464 3755 3470
f 3471 3758 3467
f 3471 3763 3758
f 3760 3764 3759
f 3759 3764 3762
f 3762 3764 3765
f 3762 3765 3470
f 3765 3472 3470
f 3765 3766 3472
f 3472 3767 3473
f 3766 3767 3472
f 3474 3473 3767
f 3474 3767 3768
f 3770 3769 3476
f 3770 3476 3477
f 3471 3476 3763
f 3763 3476 3769
f 3772 3478 3771
f 3478 3768 3771
f 3478 3474 3768
f 3773 3772 3771
f 3776 3775 3774
f 3775 3770 3774
f 3770 3480 3774
f 3770 3477 3480
f 3779 3778 3777
f 3777 3780 3779
f 3781 3481 3772
f 3772 3481 3478
f 3772 3773 3782
f 3783 3772 3782
f 3781 3772 3783
f 3783 3782 3776
f 3783 3776 3774
f 3484 3783 3774
f 3483 3484 3774
f 3483 3774 3480
f 3777 3778 3487
f 3778 3486 3487
f 3778 3784 3486
f 3487 3488 3777
f 3488 3780 3777
f 3488 3785 3780
f 3786 3489 3781
f 3781 3489 3481
f 3492 3786 3491
f 3786 3783 3491
f 3786 3781 3783
f 3491 3783 3484
f 3789 3788 3787
f 3791 3790 3787
f 3787 3790 3789
f 3791 3792 3790
f 3784 3494 3486
f 3793 3494 3784
f 3495 3785 3488
f 3495 3794 3785
f 3786 3496 3489
f 3499 3496 3795
f 3786 3795 3496
f 3795 3786 3796
f 3492 3796 3786
f 3796 3492 3498
f 3797 3498 3500
f 3797 3796 3498
f 3798 3500 3502
f 3798 3797 3500
f 3504 3787 3788
f 3798 3504 3788
f 3502 3504 3798
f 3787 3504 3506
f 3787 3506 3791
f 3800 3799 3508
f 3508 3799 3506
f 3799 3792 3506
f 3792 3791 3506
f 3800 3801 3799
f 3804 3803 3802
f 3793 3804 3802
f 3510 3793 3802
f 3494 3793 3510
f 3511 3794 3495
f 3511 3805 3794
f 3512 3499 3806
f 3499 3807 3806
f 3499 3795 3807
f 3806 3514 3512
f 3518 3800 3508
f 3809 3808 3520
f 3520 3808 3518
f 3808 3801 3518
f 3801 3800 3518
f 3809 3810 3808
f 3802 3803 3811
f 3811 3803 3812
f 3811 3522 3510
f 3811 3510 3802
f 3523 3805 3511
f 3523 3813 3805
f 3807 3814 3806
f 3814 3816 3815
f 3814 3815 3524
f 3806 3814 3524
f 3514 3806 3524
f 3815 3525 3524
f 3528 3809 3520
f 3528 3530 3809
f 3530 3810 3809
f 3530 3817 3810
f 3811 3812 3818
f 3818 3812 3819
f 3818 3532 3522
f 3818 3522 3811
f 3523 3533 3820
f 3821 3523 3820
f 3813 3523 3821
f 3535 3820 3533
f 3816 3822 3815
f 3525 3815 3822
f 3823 3525 3822
f 3537 3525 3823
f 3540 3824 3541
f 3824 3825 3541
f 3825 3530 3541
f 3825 3817 3530
f 3818 3819 3826
f 3826 3819 3827
f 3826 3543 3532
f 3826 3532 3818
f 3821 3820 3828
f 3821 3828 3829
f 3545 3828 3535
f 3535 3828 3820
f 3547 3537 3830
f 3537 3831 3830
f 3537 3823 3831
f 3830 3549 3547
f 3551 3832 3552
f 3832 3833 3552
f 3552 3833 3540
f 3833 3834 3540
f 3834 3824 3540
f 3824 3834 3825
f 3826 3827 3835
f 3835 3827 3836
f 3835 3554 3543
f 3835 3543 3826
f 3829 3828 3837
f 3829 3837 3838
f 3556 3837 3545
f 3545 3837 3828
f 3831 3839 3830
f 3830 3839 3549
f 3839 3558 3549
f 3839 3840 3558
f 3842 3841 3560
f 3558 3842 3560
f 3840 3842 3558
f 3842 3843 3832
f 3561 3842 3832
f 3551 3561 3832
f 3841 3842 3561
f 3832 3843 3833
f 3835 3836 3564
f 3836 3563 3564
f 3836 3844 3563
f 3835 3564 3554
f 3838 3837 3845
f 3838 3845 3846
f 3566 3845 3556
f 3556 3845 3837
f 3841 3569 3560
f 3569 3841 3561
f 3848 3847 3572
f 3572 3847 3571
f 3572 3563 3844
f 3572 3844 3848
f 3846 3845 3849
f 3846 3849 3850
f 3575 3849 3566
f 3566 3849 3845
f 3847 3577 3571
f 3851 3577 3847
f 3850 3849 3852
f 3850 3852 3853
f 3579 3852 3575
f 3575 3852 3849
f 3851 3581 3577
f 3854 3581 3851
f 3857 3856 3855
f 3855 3856 3853
f 3852 3855 3853
f 3858 3855 3852
f 3583 3858 3579
f 3579 3858 3852
f 3854 3585 3581
f 3859 3585 3854
f 3857 3855 3860
f 3857 3860 3861
f 3588 3860 3587
f 3860 3858 3587
f 3860 3855 3858
f 3587 3858 3583
f 3859 3590 3585
f 3862 3590 3859
f 3861 3860 3863
f 3861 3863 3864
f 3592 3863 3588
f 3588 3863 3860
f 3867 3866 3865
f 3862 3867 3865
f 3593 3862 3865
f 3590 3862 3593
f 3870 3869 3868
f 3868 3869 3864
f 3868 3864 3863
f 3596 3868 3863
f 3595 3596 3863
f 3595 3863 3592
f 3865 3866 3599
f 3866 3598 3599
f 3866 3871 3598
f 3593 3865 3599
f 3874 3873 3872
f 3873 3874 3870
f 3868 3873 3870
f 3875 3873 3868
f 3600 3875 3596
f 3596 3875 3868
f 3871 3876 3598
f 3598 3876 3601
f 3873 3602 3872
f 3602 3876 3872
f 3602 3601 3876
f 3602 3873 3605
f 3605 3873 3875
f 3605 3875 3600
f 3879 3878 3877
f 3881 3880 3877
f 3877 3880 3879
f 3883 3882 3881
f 3881 3882 3880
f 3885 3884 3883
f 3883 3884 3882
f 3885 3886 3884
f 3889 3888 3887
f 3891 3890 3887
f 3887 3890 3889
f 3890 3891 3878
f 3891 3877 3878
f 3891 3892 3877
f 3877 3893 3881
f 3877 3892 3893
f 3881 3894 3883
f 3881 3893 3894
f 3883 3895 3885
f 3883 3894 3895
f 3886 3885 3896
f 3885 3897 3896
f 3885 3895 3897
f 3899 3898 3897
f 3897 3898 3896
f 3901 3900 3899
f 3899 3900 3898
f 3903 3902 3901
f 3901 3902 3900
f 3905 3904 3903
f 3903 3904 3902
f 3905 3906 3904
f 3887 3888 3907
f 3907 3888 3908
f 3907 3608 3609
f 3891 3907 3609
f 3887 3907 3891
f 3891 3609 3610
f 3909 3891 3610
f 3892 3891 3909
f 3892 3910 3893
f 3892 3909 3910
f 3893 3911 3894
f 3893 3910 3911
f 3894 3912 3895
f 3894 3911 3912
f 3912 3612 3613
f 3897 3912 3613
f 3895 3912 3897
f 3897 3613 3614
f 3897 3614 3899
f 3899 3614 3616
f 3899 3616 3901
f 3901 3616 3617
f 3901 3617 3903
f 3903 3617 3618
f 3913 3903 3618
f 3905 3903 3913
f 3906 3905 3914
f 3914 3905 3913
f 3917 3916 3915
f 3917 3915 3908
f 3915 3907 3908
f 3915 3918 3907
f 3918 3620 3608
f 3918 3608 3907
f 3621 3909 3610
f 3909 3621 3623
f 3919 3909 3623
f 3910 3909 3919
f 3919 3625 3626
f 3911 3919 3626
f 3910 3919 3911
f 3911 3626 3627
f 3911 3627 3912
f 3912 3627 3612
f 3629 3913 3618
f 3629 3630 3913
f 3630 3914 3913
f 3630 3920 3914
f 3923 3922 3921
f 3923 3921 3916
f 3921 3915 3916
f 3921 3924 3915
f 3915 3925 3918
f 3915 3924 3925
f 3925 3632 3620
f 3925 3620 3918
f 3634 3919 3623
f 3919 3634 3625
f 3638 3926 3637
f 3639 3637 3926
f 3929 3928 3927
f 3927 3920 3929
f 3920 3640 3929
f 3920 3630 3640
f 3932 3931 3930
f 3934 3933 3930
f 3930 3933 3932
f 3933 3934 3922
f 3922 3934 3921
f 3934 3642 3921
f 3642 3643 3921
f 3921 3643 3644
f 3935 3921 3644
f 3924 3921 3935
f 3935 3646 3647
f 3925 3935 3647
f 3924 3935 3925
f 3925 3647 3632
f 3649 3936 3926
f 3649 3926 3638
f 3928 3929 3937
f 3650 3937 3929
f 3937 3650 3936
f 3639 3936 3650
f 3936 3639 3926
f 3652 3650 3938
f 3650 3929 3938
f 3640 3653 3938
f 3640 3938 3929
f 3655 3938 3653
f 3930 3931 3658
f 3931 3657 3658
f 3931 3939 3657
f 3930 3658 3659
f 3930 3659 3934
f 3934 3659 3642
f 3662 3935 3644
f 3935 3662 3646
f 3665 3936 3649
f 3665 3666 3936
f 3666 3937 3936
f 3666 3940 3937
f 3941 3669 3938
f 3938 3669 3652
f 3670 3941 3655
f 3655 3941 3938
f 3944 3943 3942
f 3939 3944 3942
f 3672 3939 3942
f 3657 3939 3672
f 3946 3945 3675
f 3946 3675 3676
f 3666 3675 3940
f 3940 3675 3945
f 3941 3677 3669
f 3677 3941 3670
f 3943 3947 3942
f 3672 3942 3947
f 3948 3672 3947
f 3679 3672 3948
f 3685 3949 3684
f 3949 3950 3684
f 3950 3676 3684
f 3950 3946 3676
f 3948 3951 3679
f 3679 3951 3686
f 3951 3953 3952
f 3687 3951 3952
f 3686 3951 3687
f 3952 3689 3687
f 3690 3954 3691
f 3955 3692 3691
f 3955 3691 3954
f 3955 3694 3692
f 3958 3957 3956
f 3696 3697 3956
f 3957 3696 3956
f 3959 3696 3957
f 3685 3696 3949
f 3696 3960 3949
f 3696 3959 3960
f 3949 3960 3950
f 3953 3961 3952
f 3961 3963 3962
f 3961 3962 3698
f 3952 3961 3698
f 3689 3952 3698
f 3954 3690 3698
f 3962 3954 3698
f 3964 3954 3962
f 3954 3965 3955
f 3954 3964 3965
f 3965 3700 3694
f 3965 3694 3955
f 3968 3967 3966
f 3966 3967 3958
f 3966 3958 3956
f 3702 3966 3956
f 3701 3702 3956
f 3701 3956 3697
f 3963 3969 3962
f 3970 3703 3704
f 3962 3970 3704
f 3964 3962 3704
f 3969 3970 3962
f 3964 3704 3705
f 3964 3705 3965
f 3965 3705 3700
f 3972 3971 3707
f 3972 3707 3708
f 3966 3709 3968
f 3709 3971 3968
f 3709 3707 3971
f 3709 3966 3702
f 3974 3710 3973
f 3710 3970 3973
f 3710 3703 3970
f 3975 3974 3973
f 3978 3977 3976
f 3977 3972 3976
f 3972 3711 3976
f 3972 3708 3711
f 3974 3712 3710
f 3980 3979 3714
f 3980 3714 3712
f 3975 3980 3712
f 3974 3975 3712
f 3981 3979 3980
f 3984 3983 3982
f 3982 3983 3978
f 3982 3978 3976
f 3717 3982 3976
f 3716 3717 3976
f 3716 3976 3711
f 3979 3718 3714
f 3981 3985 3979
f 3985 3718 3979
f 3985 3720 3718
f 3982 3986 3721
f 3985 3982 3721
f 3720 3985 3721
f 3984 3982 3985
f 3722 3986 3717
f 3717 3986 3982
f 3986 3723 3721
f 3723 3986 3722
f 3987 3732 3733
f 3734 3988 3733
f 3733 3988 3987
f 3735 3989 3734
f 3734 3989 3988
f 3736 3989 3735
f 3990 3738 3739
f 3740 3991 3739
f 3739 3991 3990
f 3741 3991 3740
f 3993 3992 3744
f 3744 3992 3743
f 3744 3732 3987
f 3994 3744 3987
f 3993 3744 3994
f 3996 3995 3994
f 3987 3996 3994
f 3988 3996 3987
f 3997 3988 3989
f 3996 3988 3997
f 3746 3997 3736
f 3736 3997 3989
f 3990 3747 3738
f 3747 3990 3750
f 3750 3990 3991
f 3750 3991 3741
f 3998 3752 3753
f 3754 3998 3753
f 3999 3755 3756
f 4000 3999 3756
f 3743 4000 3756
f 3992 4000 3743
f 4001 3995 3996
f 4003 4002 4001
f 3996 4003 4001
f 3997 4003 3996
f 3757 4004 3746
f 4004 3997 3746
f 4004 4003 3997
f 3758 4004 3757
f 4007 4006 4005
f 4005 4008 4007
f 4009 3760 3998
f 3998 3760 3752
f 3761 4010 3754
f 4010 3998 3754
f 4010 4009 3998
f 3755 3999 3761
f 3999 4010 3761
f 3999 4011 4010
f 3999 4000 4012
f 3999 4012 4011
f 4002 4003 4013
f 4002 4013 4014
f 4015 4003 4004
f 4013 4003 4015
f 3763 4015 3758
f 3758 4015 4004
f 4006 4016 4005
f 4005 4016 4008
f 4009 3764 3760
f 3764 4009 3765
f 3765 4009 4010
f 3765 4010 3766
f 3766 4010 4011
f 4012 4017 4011
f 4017 3766 4011
f 4017 3767 3766
f 4019 4018 3768
f 3767 4019 3768
f 4017 4019 3767
f 4021 4020 4018
f 4021 4018 4019
f 4020 4021 4014
f 4013 4020 4014
f 4022 4020 4013
f 3770 4022 3769
f 4022 4015 3769
f 4022 4013 4015
f 3769 4015 3763
f 4025 4024 4023
f 4023 4026 4025
f 4018 3771 3768
f 3771 4018 3773
f 4018 4027 3773
f 4018 4020 4027
f 3776 4027 3775
f 4027 4022 3775
f 4027 4020 4022
f 3775 4022 3770
f 4023 4024 4028
f 4028 4024 4029
f 4026 4031 4030
f 4031 4026 3779
f 4023 3779 4026
f 3779 4023 3778
f 4028 3778 4023
f 3780 4031 3779
f 4027 3782 3773
f 3782 4027 3776
f 4028 4029 4032
f 4032 4029 4033
f 4032 3778 4028
f 3778 4032 3784
f 4030 4031 4034
f 4035 4034 4031
f 3785 4035 3780
f 3780 4035 4031
f 4038 4037 4036
f 3788 3789 4036
f 3789 4038 4036
f 3789 4039 4038
f 4040 3789 3790
f 4040 4039 3789
f 4042 4041 3792
f 4041 3790 3792
f 4041 4040 3790
f 4042 4043 4041
f 4032 4033 4044
f 4044 4033 4045
f 4044 3784 4032
f 3784 4044 3793
f 4034 4035 4046
f 4047 4046 4035
f 3794 4047 3785
f 3785 4047 4035
f 4049 4048 3796
f 3796 4048 3795
f 4050 3796 3797
f 4050 4049 3796
f 3798 4036 4037
f 4050 3798 4037
f 3797 3798 4050
f 4036 3798 3788
f 3799 4042 3792
f 4052 4051 3801
f 3801 4051 3799
f 4051 4043 3799
f 4043 4042 3799
f 4054 4053 4052
f 4052 4053 4051
f 4054 4055 4053
f 4044 4045 3804
f 4045 3803 3804
f 4045 4056 3803
f 4046 4058 4057
f 4058 4044 4057
f 3804 4057 4044
f 4057 3804 4059
f 3793 4059 3804
f 4059 3793 4058
f 4058 4047 4059
f 4046 4047 4058
f 4058 3793 4044
f 3805 4059 3794
f 3794 4059 4047
f 4048 3807 3795
f 4060 3807 4048
f 3808 4052 3801
f 4052 3808 3810
f 4061 4052 3810
f 4054 4052 4061
f 4055 4054 4062
f 4062 4054 4061
f 4056 3812 3803
f 4063 3812 4056
f 4057 4059 4064
f 4057 4064 4065
f 3813 4064 3805
f 3805 4064 4059
f 4060 4066 3807
f 3807 4066 3814
f 3816 3814 4066
f 3816 4066 4067
f 3817 4068 4061
f 3817 4061 3810
f 4062 4061 4069
f 4069 4061 4068
f 4072 4071 4070
f 4063 4072 4070
f 3819 4063 4070
f 3812 4063 3819
f 4065 4064 4073
f 4065 4073 4074
f 3821 4073 3813
f 3813 4073 4064
f 4067 4075 3816
f 3816 4075 3822
f 3823 3822 4075
f 3823 4075 4076
f 4078 4077 4068
f 3817 4078 4068
f 3825 4078 3817
f 4068 4077 4069
f 4070 4071 4079
f 4079 4071 4080
f 4079 3827 3819
f 4079 3819 4070
f 4074 4073 4081
f 4074 4081 4082
f 3829 4081 3821
f 3821 4081 4073
f 4076 3831 3823
f 4083 3831 4076
f 4085 4084 3834
f 4085 3834 3833
f 3825 3834 4078
f 4078 3834 4084
f 4079 4080 4086
f 4086 4080 4087
f 4086 3836 3827
f 4086 3827 4079
f 4082 4081 4088
f 4082 4088 4089
f 3838 4088 3829
f 3829 4088 4081
f 4083 4090 3831
f 3831 4090 3839
f 3839 4091 3840
f 4090 4091 3839
f 3840 4092 3842
f 4091 4092 3840
f 3842 4093 3843
f 4092 4093 3842
f 3833 3843 4085
f 4085 3843 4093
f 4086 4087 4094
f 4094 4087 4095
f 4094 3844 3836
f 4094 3836 4086
f 4089 4088 4096
f 4089 4096 4097
f 3846 4096 3838
f 3838 4096 4088
f 4094 4095 3848
f 4095 3847 3848
f 4095 4098 3847
f 4094 3848 3844
f 4097 4096 4099
f 4097 4099 4100
f 3850 4099 3846
f 3846 4099 4096
f 4103 4102 4101
f 4098 4103 4101
f 3851 4098 4101
f 3847 4098 3851
f 4106 4105 4104
f 4104 4105 4100
f 4099 4104 4100
f 4107 4104 4099
f 3853 4107 3850
f 3850 4107 4099
f 4101 4102 4108
f 4108 4102 4109
f 4108 3854 3851
f 4108 3851 4101
f 4106 4104 4110
f 4106 4110 4111
f 3857 4110 3856
f 4110 4107 3856
f 4110 4104 4107
f 3856 4107 3853
f 4108 4109 4112
f 4112 4109 4113
f 3854 4114 3859
f 3854 4115 4114
f 4115 3854 4116
f 4108 4116 3854
f 4116 4108 4117
f 4114 4117 4108
f 4108 4112 4114
f 4114 4112 3859
f 4115 4117 4114
f 4115 4116 4111
f 4110 4115 4111
f 4118 4115 4110
f 3861 4118 3857
f 3857 4118 4110
f 4121 4120 4119
f 4121 4119 4113
f 4119 4112 4113
f 4119 4122 4112
f 3859 4123 3862
f 4123 4115 3862
f 4124 3862 4115
f 3862 4124 4122
f 4117 4122 4124
f 4122 4117 4123
f 4123 4112 4122
f 3859 4112 4123
f 4123 4117 4115
f 4126 4125 4124
f 4115 4126 4124
f 4118 4126 4115
f 3864 4126 3861
f 3861 4126 4118
f 4120 4127 4119
f 4128 3866 3867
f 4119 4128 3867
f 4122 4119 3867
f 4127 4128 4119
f 3862 4122 3867
f 4131 4130 4129
f 4130 4131 4125
f 4130 4125 4126
f 3870 4130 4126
f 3869 3870 4126
f 3869 4126 3864
f 4133 3871 4132
f 3871 4128 4132
f 3871 3866 4128
f 4133 4132 4129
f 4133 4129 4130
f 3872 4133 4130
f 3874 3872 4130
f 3874 4130 3870
f 4133 3876 3871
f 3876 4133 3872
f 4136 4135 4134
f 4138 4137 4134
f 4134 4137 4136
f 4140 4139 4138
f 4138 4139 4137
f 4142 4141 4140
f 4140 4141 4139
f 4144 4143 4142
f 4142 4143 4141
f 4144 4145 4143
f 4148 4147 4146
f 4150 4149 4146
f 4146 4149 4148
f 4149 4150 4135
f 4135 4150 4134
f 4150 3878 4134
f 3878 3879 4134
f 4134 3879 3880
f 4134 3880 4138
f 4138 3880 3882
f 4138 3882 4140
f 4140 3882 3884
f 4140 3884 4142
f 4142 3884 3886
f 4151 4142 3886
f 4144 4142 4151
f 4145 4144 4152
f 4144 4153 4152
f 4144 4151 4153
f 4153 4154 4152
f 4157 4156 4155
f 4159 4158 4155
f 4155 4158 4157
f 4158 4159 4147
f 4147 4159 4146
f 4159 3888 4146
f 3888 3889 4146
f 4146 3889 3890
f 4146 3890 4150
f 4150 3890 3878
f 3896 4151 3886
f 4151 3896 3898
f 4151 3898 4153
f 4160 4154 4153
f 3898 4160 4153
f 3900 4160 3898
f 4161 3900 3902
f 4161 4160 3900
f 4162 3902 3904
f 4162 4161 3902
f 3904 3906 4162
f 4162 3906 4163
f 4155 4156 4164
f 4164 4156 4165
f 4155 4166 4159
f 4155 4164 4166
f 4166 3908 3888
f 4166 3888 4159
f 3914 4163 3906
f 3914 4167 4163
f 4164 4165 4168
f 4168 4165 4169
f 4168 3916 3917
f 4166 4168 3917
f 4164 4168 4166
f 4166 3917 3908
f 4172 4171 4170
f 4171 4167 4170
f 4167 3920 4170
f 4167 3914 3920
f 4175 4174 4173
f 4177 4176 4173
f 4173 4176 4175
f 4176 4177 4169
f 4169 4177 4168
f 4177 3922 4168
f 3922 3923 4168
f 4168 3923 3916
f 4172 4170 3927
f 3928 4172 3927
f 4178 4172 3928
f 3927 4170 3920
f 4173 4174 3932
f 4174 3931 3932
f 4174 4179 3931
f 4173 3932 3933
f 4173 3933 4177
f 4177 3933 3922
f 3937 4178 3928
f 3937 4180 4178
f 4183 4182 4181
f 4179 4183 4181
f 3939 4179 4181
f 3931 4179 3939
f 3940 4180 3937
f 3940 4184 4180
f 4181 4182 3944
f 4182 3943 3944
f 4182 4185 3943
f 4181 3944 3939
f 3946 4186 3945
f 4186 4187 3945
f 4187 3940 3945
f 4187 4184 3940
f 3947 3943 4188
f 3943 4189 4188
f 3943 4185 4189
f 4188 3948 3947
f 4191 4190 4186
f 3946 4191 4186
f 3950 4191 3946
f 4186 4190 4187
f 4189 4192 4188
f 4192 4194 4193
f 4192 4193 3951
f 4188 4192 3951
f 3948 4188 3951
f 4193 3953 3951
f 3958 4195 3957
f 3957 4195 4196
f 4197 3957 4196
f 3959 3957 4197
f 3959 4198 3960
f 4197 4198 3959
f 3950 3960 4191
f 4191 3960 4198
f 4194 4199 4193
f 4193 4199 3953
f 4199 3961 3953
f 4199 4200 3961
f 3963 3961 4200
f 3963 4200 4201
f 3968 4202 3967
f 4195 3958 3967
f 4202 4195 3967
f 4203 4195 4202
f 4196 4195 4204
f 4204 4195 4203
f 4201 4205 3963
f 3963 4205 3969
f 4207 4206 3970
f 3969 4207 3970
f 4205 4207 3969
f 4208 4206 4207
f 4210 4209 3971
f 4210 3971 3972
f 3968 3971 4202
f 3971 4211 4202
f 3971 4209 4211
f 4202 4211 4203
f 4203 4211 4212
f 4203 4212 4204
f 4206 3973 3970
f 3975 3973 4206
f 4208 3975 4206
f 4213 3975 4208
f 4215 4214 3977
f 4215 3977 3978
f 3972 3977 4210
f 4210 3977 4214
f 4213 4216 3975
f 3975 4216 3980
f 4218 4217 3981
f 3980 4218 3981
f 4216 4218 3980
f 3983 3984 4217
f 4218 3983 4217
f 4219 3983 4218
f 3978 3983 4215
f 4215 3983 4219
f 4217 3985 3981
f 3985 4217 3984
f 4220 3992 3993
f 3994 4221 3993
f 3993 4221 4220
f 3995 4221 3994
f 4222 4000 4220
f 4220 4000 3992
f 4223 4220 4221
f 4222 4220 4223
f 4001 4224 3995
f 4224 4221 3995
f 4224 4223 4221
f 4002 4224 4001
f 4225 4006 4007
f 4008 4225 4007
f 4226 4012 4222
f 4222 4012 4000
f 4227 4222 4223
f 4226 4222 4227
f 4228 4223 4224
f 4227 4223 4228
f 4014 4228 4002
f 4002 4228 4224
f 4225 4016 4006
f 4016 4225 4008
f 4226 4017 4012
f 4017 4226 4019
f 4019 4226 4227
f 4019 4227 4021
f 4021 4227 4228
f 4021 4228 4014
f 4229 4024 4025
f 4026 4229 4025
f 4230 4029 4229
f 4229 4029 4024
f 4030 4230 4026
f 4026 4230 4229
f 4231 4033 4230
f 4230 4033 4029
f 4034 4231 4030
f 4030 4231 4230
f 4234 4233 4232
f 4236 4235 4232
f 4232 4235 4234
f 4037 4038 4236
f 4038 4235 4236
f 4038 4237 4235
f 4238 4038 4039
f 4238 4237 4038
f 4239 4039 4040
f 4239 4238 4039
f 4240 4040 4041
f 4240 4239 4040
f 4242 4241 4043
f 4241 4041 4043
f 4241 4240 4041
f 4244 4243 4242
f 4242 4243 4241
f 4244 4245 4243
f 4246 4045 4231
f 4231 4045 4033
f 4046 4246 4034
f 4034 4246 4231
f 4232 4233 4049
f 4233 4048 4049
f 4233 4247 4048
f 4232 4049 4050
f 4232 4050 4236
f 4236 4050 4037
f 4051 4242 4043
f 4242 4051 4053
f 4242 4053 4244
f 4249 4248 4055
f 4055 4248 4053
f 4248 4245 4053
f 4245 4244 4053
f 4249 4250 4248
f 4251 4056 4246
f 4246 4056 4045
f 4057 4251 4046
f 4046 4251 4246
f 4247 4060 4048
f 4252 4060 4247
f 4254 4253 4249
f 4055 4254 4249
f 4062 4254 4055
f 4249 4253 4250
f 4257 4256 4255
f 4056 4255 4063
f 4255 4056 4257
f 4251 4257 4056
f 4257 4251 4258
f 4259 4258 4251
f 4065 4259 4057
f 4057 4259 4251
f 4066 4060 4260
f 4060 4261 4260
f 4060 4252 4261
f 4260 4067 4066
f 4069 4254 4062
f 4069 4262 4254
f 4255 4256 4072
f 4256 4071 4072
f 4256 4263 4071
f 4258 4265 4264
f 4265 4255 4264
f 4072 4264 4255
f 4264 4072 4266
f 4063 4266 4072
f 4266 4063 4265
f 4265 4259 4266
f 4258 4259 4265
f 4265 4063 4255
f 4074 4266 4065
f 4065 4266 4259
f 4261 4267 4260
f 4267 4269 4268
f 4267 4268 4075
f 4260 4267 4075
f 4067 4260 4075
f 4268 4076 4075
f 4271 4270 4077
f 4271 4077 4078
f 4069 4077 4262
f 4262 4077 4270
f 4263 4080 4071
f 4272 4080 4263
f 4264 4266 4273
f 4264 4273 4274
f 4082 4273 4074
f 4074 4273 4266
f 4269 4275 4268
f 4083 4076 4268
f 4276 4083 4268
f 4275 4276 4268
f 4083 4276 4277
f 4279 4278 4277
f 4279 4277 4276
f 4281 4280 4278
f 4281 4278 4279
f 4283 4282 4280
f 4283 4280 4281
f 4084 4085 4282
f 4283 4084 4282
f 4284 4084 4283
f 4078 4084 4271
f 4271 4084 4284
f 4272 4087 4080
f 4285 4087 4272
f 4274 4273 4286
f 4274 4286 4287
f 4089 4286 4082
f 4082 4286 4273
f 4277 4090 4083
f 4090 4277 4091
f 4091 4277 4278
f 4091 4278 4092
f 4092 4278 4280
f 4092 4280 4093
f 4093 4280 4282
f 4093 4282 4085
f 4285 4095 4087
f 4288 4095 4285
f 4287 4286 4289
f 4287 4289 4290
f 4097 4289 4089
f 4089 4289 4286
f 4293 4292 4291
f 4296 4295 4294
f 4293 4291 4288
f 4098 4288 4291
f 4288 4098 4095
f 4294 4295 4290
f 4289 4294 4290
f 4297 4294 4289
f 4100 4297 4097
f 4097 4297 4289
f 4300 4299 4298
f 4300 4298 4292
f 4292 4298 4291
f 4298 4102 4291
f 4102 4103 4291
f 4294 4301 4296
f 4098 4291 4103
f 4106 4302 4105
f 4302 4294 4105
f 4294 4297 4105
f 4302 4301 4294
f 4105 4297 4100
f 4299 4303 4298
f 4102 4298 4303
f 4304 4102 4303
f 4109 4102 4304
f 4307 4306 4305
f 4306 4302 4305
f 4302 4111 4305
f 4302 4106 4111
f 4310 4309 4308
f 4304 4310 4308
f 4113 4304 4308
f 4109 4304 4113
f 4307 4305 4116
f 4117 4307 4116
f 4311 4307 4117
f 4116 4305 4111
f 4308 4309 4121
f 4309 4120 4121
f 4309 4312 4120
f 4113 4308 4121
f 4315 4314 4313
f 4316 4314 4124
f 4314 4311 4124
f 4311 4117 4124
f 4311 4314 4315
f 4125 4316 4124
f 4312 4317 4120
f 4120 4317 4127
f 4314 4318 4128
f 4317 4314 4128
f 4127 4317 4128
f 4313 4314 4317
f 4129 4318 4131
f 4318 4316 4131
f 4318 4314 4316
f 4131 4316 4125
f 4318 4132 4128
f 4132 4318 4129
f 4321 4320 4319
f 4319 4322 4321
f 4325 4324 4323
f 4327 4326 4323
f 4323 4326 4325
f 4329 4328 4327
f 4327 4328 4326
f 4135 4136 4329
f 4136 4328 4329
f 4136 4330 4328
f 4331 4136 4137
f 4331 4330 4136
f 4332 4137 4139
f 4332 4331 4137
f 4141 4319 4320
f 4332 4141 4320
f 4139 4141 4332
f 4333 4322 4319
f 4141 4333 4319
f 4143 4333 4141
f 4335 4334 4145
f 4334 4143 4145
f 4334 4333 4143
f 4335 4336 4334
f 4323 4324 4337
f 4337 4324 4338
f 4337 4147 4148
f 4327 4337 4148
f 4323 4337 4327
f 4327 4148 4149
f 4327 4149 4329
f 4329 4149 4135
f 4152 4335 4145
f 4340 4339 4154
f 4154 4339 4152
f 4339 4336 4152
f 4336 4335 4152
f 4340 4341 4339
f 4343 4342 4157
f 4157 4342 4156
f 4158 4337 4338
f 4343 4158 4338
f 4157 4158 4343
f 4337 4158 4147
f 4160 4340 4154
f 4344 4341 4340
f 4160 4344 4340
f 4161 4344 4160
f 4345 4161 4162
f 4345 4344 4161
f 4162 4163 4345
f 4345 4163 4346
f 4349 4348 4347
f 4342 4349 4347
f 4165 4342 4347
f 4156 4342 4165
f 4352 4351 4350
f 4351 4346 4350
f 4346 4167 4350
f 4346 4163 4167
f 4355 4354 4353
f 4357 4356 4353
f 4353 4356 4355
f 4356 4357 4348
f 4357 4347 4348
f 4357 4358 4347
f 4358 4169 4165
f 4358 4165 4347
f 4352 4350 4171
f 4172 4352 4171
f 4359 4352 4172
f 4171 4350 4167
f 4353 4354 4360
f 4360 4354 4361
f 4360 4174 4175
f 4357 4360 4175
f 4353 4360 4357
f 4357 4175 4176
f 4357 4176 4358
f 4358 4176 4169
f 4178 4359 4172
f 4178 4362 4359
f 4360 4361 4363
f 4363 4361 4364
f 4363 4179 4174
f 4363 4174 4360
f 4180 4362 4178
f 4180 4365 4362
f 4368 4367 4366
f 4368 4366 4364
f 4364 4366 4363
f 4366 4182 4363
f 4182 4183 4363
f 4363 4183 4179
f 4184 4365 4180
f 4184 4369 4365
f 4366 4367 4370
f 4370 4367 4371
f 4370 4185 4182
f 4370 4182 4366
f 4187 4369 4184
f 4187 4372 4369
f 4370 4371 4373
f 4373 4371 4374
f 4373 4189 4185
f 4373 4185 4370
f 4191 4375 4190
f 4375 4376 4190
f 4376 4187 4190
f 4376 4372 4187
f 4374 4377 4373
f 4377 4379 4378
f 4377 4378 4192
f 4373 4377 4192
f 4189 4373 4192
f 4378 4194 4192
f 4196 4380 4197
f 4197 4380 4381
f 4382 4197 4381
f 4198 4197 4382
f 4191 4198 4375
f 4198 4383 4375
f 4198 4382 4383
f 4375 4383 4376
f 4379 4384 4378
f 4378 4384 4194
f 4384 4199 4194
f 4384 4385 4199
f 4199 4386 4200
f 4385 4386 4199
f 4388 4387 4201
f 4200 4388 4201
f 4386 4388 4200
f 4390 4389 4387
f 4390 4387 4388
f 4391 4389 4390
f 4394 4393 4392
f 4395 4392 4393
f 4397 4396 4380
f 4196 4397 4380
f 4204 4397 4196
f 4380 4396 4381
f 4387 4205 4201
f 4205 4387 4207
f 4207 4387 4389
f 4399 4398 4208
f 4399 4208 4207
f 4391 4399 4207
f 4389 4391 4207
f 4401 4400 4398
f 4401 4398 4399
f 4402 4400 4401
f 4394 4392 4403
f 4394 4403 4404
f 4405 4209 4210
f 4392 4405 4210
f 4403 4392 4210
f 4405 4392 4395
f 4209 4406 4211
f 4405 4406 4209
f 4211 4407 4212
f 4406 4407 4211
f 4204 4212 4397
f 4397 4212 4407
f 4408 4213 4398
f 4398 4213 4208
f 4409 4398 4400
f 4408 4398 4409
f 4400 4402 4410
f 4411 4400 4410
f 4409 4400 4411
f 4411 4410 4404
f 4411 4404 4403
f 4215 4411 4403
f 4214 4215 4403
f 4214 4403 4210
f 4408 4216 4213
f 4216 4408 4218
f 4218 4408 4409
f 4218 4409 4219
f 4219 4409 4411
f 4219 4411 4215
f 4414 4413 4412
f 4412 4415 4414
f 4418 4417 4416
f 4420 4419 4416
f 4416 4419 4418
f 4422 4421 4420
f 4420 4421 4419
f 4421 4422 4413
f 4422 4412 4413
f 4422 4423 4412
f 4415 4412 4424
f 4412 4425 4424
f 4412 4423 4425
f 4427 4426 4425
f 4425 4426 4424
f 4427 4428 4426
f 4431 4430 4429
f 4433 4432 4429
f 4429 4432 4431
f 4435 4434 4433
f 4433 4434 4432
f 4233 4234 4435
f 4234 4434 4435
f 4234 4436 4434
f 4437 4234 4235
f 4437 4436 4234
f 4438 4235 4237
f 4438 4437 4235
f 4238 4416 4417
f 4438 4238 4417
f 4237 4238 4438
f 4416 4238 4239
f 4416 4239 4420
f 4420 4239 4240
f 4420 4240 4422
f 4422 4240 4241
f 4422 4241 4423
f 4423 4241 4243
f 4423 4243 4425
f 4425 4243 4245
f 4439 4425 4245
f 4427 4425 4439
f 4428 4427 4440
f 4427 4441 4440
f 4427 4439 4441
f 4441 4442 4440
f 4429 4430 4443
f 4443 4430 4444
f 4429 4445 4433
f 4429 4443 4445
f 4433 4446 4435
f 4433 4445 4446
f 4446 4247 4233
f 4446 4233 4435
f 4248 4439 4245
f 4441 4439 4447
f 4439 4250 4447
f 4250 4448 4447
f 4250 4439 4248
f 4441 4447 4442
f 4444 4449 4443
f 4443 4449 4445
f 4445 4449 4450
f 4452 4451 4450
f 4451 4445 4450
f 4451 4446 4445
f 4451 4252 4247
f 4451 4247 4446
f 4254 4453 4253
f 4453 4454 4253
f 4454 4250 4253
f 4454 4448 4250
f 4455 4256 4257
f 4258 4455 4257
f 4452 4456 4451
f 4252 4451 4456
f 4457 4252 4456
f 4261 4252 4457
f 4460 4459 4458
f 4459 4461 4453
f 4262 4459 4453
f 4254 4262 4453
f 4458 4459 4262
f 4453 4461 4454
f 4464 4463 4462
f 4256 4462 4263
f 4462 4256 4464
f 4455 4464 4256
f 4464 4455 4465
f 4466 4465 4455
f 4264 4466 4258
f 4258 4466 4455
f 4267 4261 4467
f 4261 4468 4467
f 4261 4457 4468
f 4467 4269 4267
f 4471 4470 4469
f 4469 4470 4460
f 4469 4460 4458
f 4271 4469 4458
f 4270 4271 4458
f 4270 4458 4262
f 4462 4463 4472
f 4472 4463 4473
f 4472 4263 4462
f 4263 4472 4272
f 4465 4466 4474
f 4475 4474 4466
f 4274 4475 4264
f 4264 4475 4466
f 4468 4476 4467
f 4467 4476 4269
f 4476 4275 4269
f 4476 4477 4275
f 4275 4478 4276
f 4477 4478 4275
f 4276 4479 4279
f 4478 4479 4276
f 4279 4480 4281
f 4479 4480 4279
f 4281 4481 4283
f 4480 4481 4281
f 4469 4284 4471
f 4284 4481 4471
f 4284 4283 4481
f 4284 4469 4271
f 4484 4483 4482
f 4484 4482 4473
f 4482 4472 4473
f 4482 4485 4472
f 4485 4272 4472
f 4272 4485 4285
f 4474 4475 4486
f 4487 4486 4475
f 4287 4487 4274
f 4274 4487 4475
f 4483 4488 4482
f 4490 4489 4488
f 4489 4482 4488
f 4489 4485 4482
f 4489 4285 4485
f 4285 4489 4288
f 4486 4487 4491
f 4492 4491 4487
f 4290 4492 4287
f 4287 4492 4487
f 4495 4494 4493
f 4495 4493 4490
f 4490 4493 4489
f 4493 4292 4489
f 4292 4293 4489
f 4489 4293 4288
f 4296 4492 4295
f 4492 4296 4491
f 4496 4491 4296
f 4295 4492 4290
f 4493 4494 4300
f 4494 4299 4300
f 4494 4497 4299
f 4493 4300 4292
f 4296 4301 4498
f 4499 4296 4498
f 4496 4296 4499
f 4302 4498 4301
f 4303 4299 4500
f 4299 4501 4500
f 4299 4497 4501
f 4304 4303 4500
f 4504 4503 4502
f 4504 4502 4499
f 4504 4499 4498
f 4307 4504 4498
f 4306 4307 4498
f 4306 4498 4302
f 4506 4505 4501
f 4505 4309 4501
f 4310 4500 4501
f 4310 4501 4309
f 4500 4310 4304
f 4506 4503 4505
f 4504 4505 4503
f 4505 4504 4507
f 4311 4507 4307
f 4307 4507 4504
f 4508 4312 4505
f 4505 4312 4309
f 4313 4508 4315
f 4508 4507 4315
f 4508 4505 4507
f 4315 4507 4311
f 4508 4317 4312
f 4317 4508 4313
f 4511 4510 4509
f 4509 4512 4511
f 4509 4510 4513
f 4513 4510 4514
f 4512 4509 4515
f 4509 4516 4515
f 4509 4513 4516
f 4518 4517 4516
f 4516 4517 4515
f 4518 4519 4517
f 4521 4520 4321
f 4321 4520 4320
f 4523 4522 4322
f 4522 4321 4322
f 4522 4521 4321
f 4525 4524 4523
f 4523 4524 4522
f 4525 4526 4524
f 4529 4528 4527
f 4527 4530 4529
f 4532 4531 4325
f 4325 4531 4324
f 4533 4325 4326
f 4533 4532 4325
f 4328 4513 4514
f 4533 4328 4514
f 4326 4328 4533
f 4513 4328 4330
f 4513 4330 4516
f 4516 4330 4331
f 4516 4331 4518
f 4534 4519 4518
f 4331 4534 4518
f 4332 4534 4331
f 4332 4320 4520
f 4332 4520 4534
f 4333 4523 4322
f 4523 4333 4334
f 4523 4334 4525
f 4536 4535 4336
f 4336 4535 4334
f 4535 4526 4334
f 4526 4525 4334
f 4535 4536 4528
f 4536 4527 4528
f 4536 4537 4527
f 4530 4527 4538
f 4527 4539 4538
f 4527 4537 4539
f 4539 4540 4538
f 4531 4338 4324
f 4541 4338 4531
f 4339 4536 4336
f 4536 4339 4341
f 4542 4536 4341
f 4537 4536 4542
f 4544 4539 4543
f 4539 4542 4543
f 4539 4537 4542
f 4539 4544 4540
f 4547 4546 4545
f 4549 4548 4545
f 4545 4548 4547
f 4551 4550 4549
f 4549 4550 4548
f 4342 4343 4551
f 4343 4550 4551
f 4343 4552 4550
f 4343 4338 4541
f 4343 4541 4552
f 4344 4542 4341
f 4344 4345 4542
f 4345 4553 4542
f 4553 4543 4542
f 4345 4554 4553
f 4346 4554 4345
f 4545 4546 4555
f 4555 4546 4556
f 4545 4557 4549
f 4545 4555 4557
f 4557 4348 4349
f 4551 4557 4349
f 4549 4557 4551
f 4551 4349 4342
f 4553 4554 4351
f 4352 4553 4351
f 4558 4553 4352
f 4351 4554 4346
f 4555 4556 4355
f 4556 4354 4355
f 4556 4559 4354
f 4555 4355 4356
f 4555 4356 4557
f 4557 4356 4348
f 4359 4558 4352
f 4359 4560 4558
f 4563 4562 4561
f 4559 4563 4561
f 4361 4559 4561
f 4354 4559 4361
f 4362 4560 4359
f 4362 4564 4560
f 4561 4562 4565
f 4565 4562 4566
f 4565 4364 4361
f 4565 4361 4561
f 4365 4564 4362
f 4365 4567 4564
f 4565 4566 4368
f 4566 4367 4368
f 4566 4568 4367
f 4565 4368 4364
f 4369 4567 4365
f 4369 4569 4567
f 4572 4571 4570
f 4568 4572 4570
f 4371 4568 4570
f 4367 4568 4371
f 4372 4569 4369
f 4372 4573 4569
f 4571 4574 4570
f 4371 4570 4574
f 4575 4371 4574
f 4374 4371 4575
f 4376 4573 4372
f 4376 4576 4573
f 4377 4374 4577
f 4374 4578 4577
f 4374 4575 4578
f 4577 4379 4377
f 4580 4579 4382
f 4580 4382 4381
f 4382 4581 4383
f 4579 4581 4382
f 4376 4383 4576
f 4576 4383 4581
f 4578 4582 4577
f 4577 4582 4379
f 4582 4384 4379
f 4582 4583 4384
f 4384 4584 4385
f 4583 4584 4384
f 4385 4585 4386
f 4584 4585 4385
f 4386 4586 4388
f 4585 4586 4386
f 4388 4587 4390
f 4586 4587 4388
f 4391 4390 4587
f 4391 4587 4588
f 4394 4589 4393
f 4589 4395 4393
f 4397 4590 4396
f 4590 4591 4396
f 4591 4381 4396
f 4591 4580 4381
f 4588 4592 4391
f 4391 4592 4399
f 4399 4593 4401
f 4592 4593 4399
f 4595 4594 4402
f 4401 4595 4402
f 4593 4595 4401
f 4595 4596 4589
f 4404 4595 4589
f 4394 4404 4589
f 4594 4595 4404
f 4589 4596 4395
f 4596 4405 4395
f 4596 4597 4405
f 4405 4598 4406
f 4597 4598 4405
f 4406 4599 4407
f 4598 4599 4406
f 4397 4407 4590
f 4407 4600 4590
f 4407 4599 4600
f 4590 4600 4591
f 4594 4410 4402
f 4410 4594 4404
f 4602 4601 4414
f 4414 4601 4413
f 4604 4603 4415
f 4603 4414 4415
f 4603 4602 4414
f 4606 4605 4604
f 4604 4605 4603
f 4606 4607 4605
f 4610 4609 4608
f 4608 4611 4610
f 4614 4613 4612
f 4417 4418 4612
f 4418 4614 4612
f 4418 4615 4614
f 4616 4418 4419
f 4616 4615 4418
f 4617 4419 4421
f 4617 4616 4419
f 4421 4413 4601
f 4421 4601 4617
f 4424 4604 4415
f 4604 4424 4426
f 4604 4426 4606
f 4619 4618 4428
f 4428 4618 4426
f 4618 4607 4426
f 4607 4606 4426
f 4619 4620 4618
f 4623 4622 4621
f 4430 4431 4621
f 4431 4623 4621
f 4431 4624 4623
f 4625 4431 4432
f 4625 4624 4431
f 4434 4608 4609
f 4625 4434 4609
f 4432 4434 4625
f 4626 4611 4608
f 4434 4626 4608
f 4436 4626 4434
f 4627 4436 4437
f 4627 4626 4436
f 4438 4612 4613
f 4627 4438 4613
f 4437 4438 4627
f 4612 4438 4417
f 4440 4619 4428
f 4440 4442 4619
f 4442 4620 4619
f 4442 4628 4620
f 4621 4622 4629
f 4629 4622 4630
f 4629 4444 4430
f 4629 4430 4621
f 4448 4631 4447
f 4631 4632 4447
f 4632 4442 4447
f 4632 4628 4442
f 4630 4633 4629
f 4633 4635 4634
f 4633 4634 4449
f 4629 4633 4449
f 4444 4629 4449
f 4636 4450 4449
f 4636 4449 4634
f 4636 4452 4450
f 4639 4638 4637
f 4638 4640 4631
f 4454 4638 4631
f 4448 4454 4631
f 4637 4638 4454
f 4631 4640 4632
f 4635 4641 4634
f 4634 4641 4636
f 4636 4641 4642
f 4642 4644 4643
f 4642 4643 4456
f 4636 4642 4456
f 4452 4636 4456
f 4643 4457 4456
f 4646 4645 4459
f 4646 4459 4460
f 4637 4461 4639
f 4461 4645 4639
f 4461 4459 4645
f 4461 4637 4454
f 4647 4463 4464
f 4465 4647 4464
f 4644 4648 4643
f 4457 4643 4648
f 4649 4457 4648
f 4468 4457 4649
f 4651 4650 4470
f 4651 4470 4471
f 4460 4470 4646
f 4646 4470 4650
f 4654 4653 4652
f 4463 4652 4473
f 4652 4463 4654
f 4647 4654 4463
f 4654 4647 4655
f 4656 4655 4647
f 4474 4656 4465
f 4465 4656 4647
f 4476 4468 4657
f 4468 4658 4657
f 4468 4649 4658
f 4659 4477 4476
f 4659 4476 4657
f 4660 4478 4477
f 4660 4477 4659
f 4661 4479 4478
f 4661 4478 4660
f 4662 4480 4479
f 4662 4479 4661
f 4480 4662 4663
f 4664 4480 4663
f 4481 4480 4664
f 4471 4481 4651
f 4651 4481 4664
f 4666 4665 4653
f 4665 4483 4653
f 4484 4652 4653
f 4484 4653 4483
f 4652 4484 4473
f 4666 4655 4665
f 4656 4665 4655
f 4665 4656 4667
f 4486 4667 4474
f 4474 4667 4656
f 4658 4668 4657
f 4657 4668 4659
f 4659 4668 4669
f 4659 4669 4660
f 4660 4669 4670
f 4672 4671 4670
f 4671 4660 4670
f 4671 4661 4660
f 4674 4662 4673
f 4662 4671 4673
f 4662 4661 4671
f 4662 4674 4663
f 4665 4488 4483
f 4488 4665 4490
f 4665 4675 4490
f 4665 4667 4675
f 4491 4675 4486
f 4486 4675 4667
f 4672 4676 4671
f 4671 4676 4673
f 4677 4494 4495
f 4490 4675 4495
f 4675 4677 4495
f 4675 4678 4677
f 4496 4678 4491
f 4491 4678 4675
f 4680 4679 4677
f 4679 4494 4677
f 4679 4497 4494
f 4682 4681 4680
f 4677 4682 4680
f 4678 4682 4677
f 4499 4682 4496
f 4496 4682 4678
f 4684 4501 4683
f 4501 4679 4683
f 4501 4497 4679
f 4684 4683 4681
f 4684 4681 4682
f 4503 4684 4682
f 4502 4503 4682
f 4502 4682 4499
f 4684 4506 4501
f 4506 4684 4503
f 4687 4686 4685
f 4685 4688 4687
f 4691 4690 4689
f 4691 4689 4686
f 4686 4689 4685
f 4689 4510 4685
f 4510 4511 4685
f 4693 4692 4512
f 4512 4692 4511
f 4692 4688 4511
f 4688 4685 4511
f 4695 4694 4693
f 4693 4694 4692
f 4697 4696 4695
f 4695 4696 4694
f 4699 4698 4697
f 4697 4698 4696
f 4701 4700 4699
f 4699 4700 4698
f 4703 4702 4701
f 4701 4702 4700
f 4705 4704 4703
f 4703 4704 4702
f 4707 4706 4705
f 4705 4706 4704
f 4707 4708 4706
f 4711 4710 4709
f 4711 4709 4690
f 4709 4689 4690
f 4709 4712 4689
f 4712 4514 4510
f 4712 4510 4689
f 4515 4693 4512
f 4693 4515 4517
f 4693 4517 4695
f 4695 4517 4519
f 4713 4695 4519
f 4697 4695 4713
f 4713 4520 4521
f 4699 4713 4521
f 4697 4713 4699
f 4699 4521 4522
f 4699 4522 4701
f 4701 4522 4524
f 4701 4524 4703
f 4703 4524 4526
f 4714 4703 4526
f 4705 4703 4714
f 4714 4528 4529
f 4707 4714 4529
f 4705 4714 4707
f 4716 4715 4530
f 4530 4715 4529
f 4715 4708 4529
f 4708 4707 4529
f 4716 4717 4715
f 4720 4719 4718
f 4720 4718 4710
f 4710 4718 4709
f 4718 4531 4709
f 4531 4532 4709
f 4709 4532 4533
f 4709 4533 4712
f 4712 4533 4514
f 4534 4713 4519
f 4713 4534 4520
f 4535 4714 4526
f 4714 4535 4528
f 4538 4716 4530
f 4538 4540 4716
f 4540 4717 4716
f 4540 4721 4717
f 4724 4723 4722
f 4726 4725 4722
f 4722 4725 4724
f 4728 4727 4726
f 4726 4727 4725
f 4727 4728 4719
f 4728 4718 4719
f 4728 4729 4718
f 4729 4541 4531
f 4729 4531 4718
f 4543 4730 4544
f 4730 4731 4544
f 4731 4540 4544
f 4731 4721 4540
f 4734 4733 4732
f 4734 4732 4723
f 4723 4732 4722
f 4732 4546 4722
f 4546 4547 4722
f 4722 4547 4548
f 4722 4548 4726
f 4726 4548 4550
f 4726 4550 4728
f 4728 4550 4552
f 4728 4552 4729
f 4729 4552 4541
f 4553 4735 4730
f 4553 4730 4543
f 4731 4730 4736
f 4736 4730 4735
f 4732 4733 4737
f 4737 4733 4738
f 4737 4556 4546
f 4737 4546 4732
f 4740 4739 4735
f 4553 4740 4735
f 4558 4740 4553
f 4735 4739 4736
f 4743 4742 4741
f 4743 4741 4738
f 4741 4737 4738
f 4741 4744 4737
f 4744 4559 4556
f 4744 4556 4737
f 4560 4740 4558
f 4560 4745 4740
f 4741 4742 4746
f 4746 4742 4747
f 4746 4562 4563
f 4744 4746 4563
f 4741 4746 4744
f 4744 4563 4559
f 4564 4745 4560
f 4564 4748 4745
f 4746 4747 4749
f 4749 4747 4750
f 4749 4566 4562
f 4749 4562 4746
f 4567 4748 4564
f 4567 4751 4748
f 4749 4750 4752
f 4752 4750 4753
f 4752 4568 4566
f 4752 4566 4749
f 4569 4751 4567
f 4569 4754 4751
f 4752 4753 4572
f 4753 4571 4572
f 4753 4755 4571
f 4752 4572 4568
f 4573 4754 4569
f 4573 4756 4754
f 4574 4571 4757
f 4571 4758 4757
f 4571 4755 4758
f 4757 4575 4574
f 4761 4760 4759
f 4760 4756 4759
f 4756 4576 4759
f 4756 4573 4576
f 4758 4762 4757
f 4575 4757 4762
f 4763 4575 4762
f 4578 4575 4763
f 4766 4765 4764
f 4768 4767 4764
f 4768 4764 4765
f 4770 4769 4767
f 4770 4767 4768
f 4771 4769 4770
f 4773 4772 4579
f 4773 4579 4580
f 4759 4581 4761
f 4581 4772 4761
f 4581 4579 4772
f 4581 4759 4576
f 4763 4774 4578
f 4578 4774 4582
f 4582 4775 4583
f 4774 4775 4582
f 4583 4776 4584
f 4775 4776 4583
f 4764 4585 4766
f 4585 4776 4766
f 4585 4584 4776
f 4585 4764 4586
f 4586 4764 4767
f 4586 4767 4587
f 4587 4767 4769
f 4778 4777 4588
f 4778 4588 4587
f 4771 4778 4587
f 4769 4771 4587
f 4780 4779 4777
f 4780 4777 4778
f 4782 4781 4779
f 4782 4779 4780
f 4784 4783 4781
f 4784 4781 4782
f 4786 4785 4783
f 4786 4783 4784
f 4788 4787 4785
f 4788 4785 4786
f 4790 4789 4787
f 4790 4787 4788
f 4792 4791 4789
f 4792 4789 4790
f 4792 4773 4791
f 4773 4591 4791
f 4773 4580 4591
f 4777 4592 4588
f 4592 4777 4593
f 4593 4777 4779
f 4593 4779 4595
f 4595 4779 4781
f 4595 4781 4596
f 4596 4781 4783
f 4596 4783 4597
f 4597 4783 4785
f 4597 4785 4598
f 4598 4785 4787
f 4598 4787 4599
f 4599 4787 4789
f 4599 4789 4600
f 4600 4789 4791
f 4600 4791 4591
f 4793 4601 4602
f 4603 4794 4602
f 4602 4794 4793
f 4605 4795 4603
f 4603 4795 4794
f 4797 4795 4796
f 4795 4605 4796
f 4607 4798 4796
f 4607 4796 4605
f 4800 4799 4798
f 4798 4799 4796
f 4800 4801 4799
f 4804 4803 4802
f 4609 4610 4802
f 4610 4804 4802
f 4610 4805 4804
f 4807 4806 4611
f 4806 4610 4611
f 4806 4805 4610
f 4809 4808 4807
f 4807 4808 4806
f 4613 4614 4809
f 4614 4808 4809
f 4614 4810 4808
f 4812 4810 4811
f 4810 4615 4811
f 4810 4614 4615
f 4811 4615 4813
f 4615 4814 4813
f 4615 4616 4814
f 4815 4616 4617
f 4815 4814 4616
f 4617 4601 4793
f 4816 4617 4793
f 4815 4617 4816
f 4816 4793 4794
f 4816 4794 4817
f 4817 4794 4795
f 4817 4795 4818
f 4607 4618 4798
f 4795 4797 4818
f 4798 4618 4620
f 4819 4798 4620
f 4800 4798 4819
f 4801 4800 4820
f 4820 4800 4819
f 4822 4821 4623
f 4623 4821 4622
f 4823 4623 4624
f 4823 4822 4623
f 4625 4802 4803
f 4823 4625 4803
f 4624 4625 4823
f 4802 4625 4609
f 4626 4807 4611
f 4807 4626 4627
f 4807 4627 4809
f 4809 4627 4613
f 4824 4812 4811
f 4824 4811 4813
f 4826 4825 4819
f 4620 4826 4819
f 4628 4826 4620
f 4819 4825 4820
f 4821 4630 4622
f 4827 4630 4821
f 4632 4826 4628
f 4632 4828 4826
f 4827 4829 4630
f 4630 4829 4633
f 4635 4633 4829
f 4635 4829 4830
f 4639 4831 4638
f 4638 4831 4832
f 4833 4638 4832
f 4640 4638 4833
f 4632 4640 4828
f 4828 4640 4833
f 4641 4635 4834
f 4635 4835 4834
f 4635 4830 4835
f 4836 4642 4641
f 4836 4641 4834
f 4836 4644 4642
f 4838 4837 4645
f 4838 4645 4646
f 4639 4645 4831
f 4645 4839 4831
f 4645 4837 4839
f 4831 4839 4832
f 4835 4840 4834
f 4842 4841 4840
f 4841 4834 4840
f 4841 4836 4834
f 4843 4648 4644
f 4836 4843 4644
f 4841 4843 4836
f 4843 4649 4648
f 4651 4844 4650
f 4844 4845 4650
f 4845 4646 4650
f 4845 4838 4646
f 4846 4653 4654
f 4655 4846 4654
f 4842 4847 4841
f 4841 4847 4843
f 4843 4847 4848
f 4649 4843 4848
f 4849 4649 4848
f 4658 4649 4849
f 4851 4850 4664
f 4851 4664 4663
f 4651 4664 4844
f 4664 4852 4844
f 4664 4850 4852
f 4844 4852 4845
f 4846 4666 4653
f 4666 4846 4655
f 4849 4853 4658
f 4658 4853 4668
f 4853 4855 4854
f 4669 4853 4854
f 4668 4853 4669
f 4856 4670 4669
f 4856 4669 4854
f 4856 4672 4670
f 4673 4857 4674
f 4857 4858 4674
f 4858 4663 4674
f 4858 4851 4663
f 4855 4859 4854
f 4854 4859 4856
f 4856 4859 4860
f 4856 4860 4672
f 4860 4676 4672
f 4860 4861 4676
f 4673 4676 4857
f 4676 4862 4857
f 4676 4861 4862
f 4857 4862 4858
f 4863 4679 4680
f 4681 4863 4680
f 4863 4683 4679
f 4683 4863 4681
f 4866 4865 4864
f 4864 4867 4866
f 4870 4869 4868
f 4870 4868 4865
f 4865 4868 4864
f 4868 4686 4864
f 4686 4687 4864
f 4872 4871 4688
f 4688 4871 4687
f 4871 4867 4687
f 4867 4864 4687
f 4874 4873 4872
f 4872 4873 4871
f 4876 4875 4874
f 4874 4875 4873
f 4878 4877 4876
f 4876 4877 4875
f 4880 4879 4878
f 4878 4879 4877
f 4880 4881 4879
f 4884 4883 4882
f 4884 4882 4869
f 4869 4882 4868
f 4882 4690 4868
f 4690 4691 4868
f 4868 4691 4686
f 4692 4872 4688
f 4872 4692 4694
f 4872 4694 4874
f 4874 4694 4696
f 4874 4696 4876
f 4876 4696 4698
f 4876 4698 4878
f 4878 4698 4700
f 4878 4700 4880
f 4885 4881 4880
f 4700 4885 4880
f 4702 4885 4700
f 4886 4702 4704
f 4886 4885 4702
f 4887 4704 4706
f 4887 4886 4704
f 4706 4708 4887
f 4887 4708 4888
f 4891 4890 4889
f 4891 4889 4883
f 4883 4889 4882
f 4889 4710 4882
f 4710 4711 4882
f 4882 4711 4690
f 4892 4888 4708
f 4892 4708 4715
f 4715 4717 4892
f 4892 4717 4893
f 4896 4895 4894
f 4898 4897 4894
f 4894 4897 4896
f 4897 4898 4890
f 4890 4898 4889
f 4898 4719 4889
f 4719 4720 4889
f 4889 4720 4710
f 4721 4893 4717
f 4721 4899 4893
f 4901 4900 4724
f 4724 4900 4723
f 4725 4894 4895
f 4901 4725 4895
f 4724 4725 4901
f 4894 4725 4727
f 4894 4727 4898
f 4898 4727 4719
f 4904 4903 4902
f 4903 4899 4902
f 4899 4731 4902
f 4899 4721 4731
f 4906 4905 4734
f 4734 4905 4733
f 4734 4723 4900
f 4734 4900 4906
f 4904 4902 4907
f 4904 4907 4908
f 4736 4907 4731
f 4731 4907 4902
f 4905 4738 4733
f 4909 4738 4905
f 4908 4907 4739
f 4740 4908 4739
f 4910 4908 4740
f 4739 4907 4736
f 4913 4912 4911
f 4742 4743 4911
f 4743 4913 4911
f 4743 4914 4913
f 4743 4738 4909
f 4743 4909 4914
f 4745 4910 4740
f 4745 4915 4910
f 4911 4912 4916
f 4916 4912 4917
f 4916 4747 4742
f 4916 4742 4911
f 4748 4915 4745
f 4748 4918 4915
f 4917 4919 4916
f 4747 4916 4919
f 4920 4747 4919
f 4750 4747 4920
f 4923 4922 4921
f 4924 4921 4922
f 4751 4918 4748
f 4751 4925 4918
f 4928 4927 4926
f 4920 4928 4926
f 4753 4920 4926
f 4750 4920 4753
f 4923 4921 4929
f 4923 4929 4930
f 4921 4924 4931
f 4932 4921 4931
f 4929 4921 4932
f 4933 4932 4931
f 4754 4925 4751
f 4754 4934 4925
f 4926 4927 4935
f 4935 4927 4936
f 4935 4755 4753
f 4935 4753 4926
f 4939 4938 4937
f 4937 4938 4930
f 4929 4937 4930
f 4940 4937 4929
f 4941 4929 4932
f 4940 4929 4941
f 4932 4933 4942
f 4943 4932 4942
f 4941 4932 4943
f 4944 4943 4942
f 4947 4946 4945
f 4946 4934 4945
f 4934 4756 4945
f 4934 4754 4756
f 4935 4936 4948
f 4948 4936 4949
f 4948 4758 4755
f 4948 4755 4935
f 4950 4939 4937
f 4952 4951 4950
f 4937 4952 4950
f 4940 4952 4937
f 4953 4940 4941
f 4952 4940 4953
f 4954 4941 4943
f 4953 4941 4954
f 4943 4944 4955
f 4956 4943 4955
f 4954 4943 4956
f 4956 4955 4947
f 4956 4947 4945
f 4761 4956 4945
f 4760 4761 4945
f 4760 4945 4756
f 4948 4949 4957
f 4957 4949 4958
f 4948 4957 4758
f 4957 4959 4758
f 4959 4762 4758
f 4957 4960 4959
f 4763 4762 4959
f 4763 4959 4961
f 4964 4963 4962
f 4765 4766 4962
f 4963 4765 4962
f 4965 4765 4963
f 4765 4966 4768
f 4965 4966 4765
f 4768 4967 4770
f 4966 4967 4768
f 4969 4968 4771
f 4770 4969 4771
f 4967 4969 4770
f 4971 4970 4968
f 4971 4968 4969
f 4972 4970 4971
f 4975 4974 4973
f 4973 4974 4951
f 4952 4973 4951
f 4976 4973 4952
f 4977 4952 4953
f 4976 4952 4977
f 4978 4953 4954
f 4977 4953 4978
f 4773 4978 4772
f 4978 4956 4772
f 4978 4954 4956
f 4772 4956 4761
f 4958 4979 4957
f 4957 4979 4960
f 4961 4980 4763
f 4763 4980 4774
f 4774 4981 4775
f 4980 4981 4774
f 4962 4776 4964
f 4776 4981 4964
f 4776 4775 4981
f 4776 4962 4766
f 4968 4778 4771
f 4778 4968 4780
f 4780 4968 4970
f 4972 4982 4970
f 4982 4780 4970
f 4982 4782 4780
f 4782 4983 4784
f 4982 4983 4782
f 4973 4786 4975
f 4786 4983 4975
f 4786 4784 4983
f 4786 4973 4788
f 4788 4973 4976
f 4788 4976 4790
f 4790 4976 4977
f 4790 4977 4792
f 4792 4977 4978
f 4792 4978 4773
f 4986 4985 4984
f 4984 4987 4986
f 4984 4985 4988
f 4988 4985 4989
f 4987 4984 4990
f 4990 4984 4988
f 4993 4992 4991
f 4797 4796 4991
f 4796 4993 4991
f 4796 4994 4993
f 4799 4988 4989
f 4994 4799 4989
f 4796 4799 4994
f 4799 4801 4988
f 4801 4990 4988
f 4801 4995 4990
f 4997 4996 4804
f 4804 4996 4803
f 4998 4804 4805
f 4998 4997 4804
f 4999 4805 4806
f 4999 4998 4805
f 5000 4806 4808
f 5000 4999 4806
f 5001 4808 4810
f 5001 5000 4808
f 4810 4812 5001
f 5001 4812 5002
f 5004 5003 4814
f 4814 5003 4813
f 5005 4814 4815
f 5005 5004 4814
f 5006 4815 4816
f 5006 5005 4815
f 5007 4816 4817
f 5007 5006 4816
f 4818 4991 4992
f 5007 4818 4992
f 4817 4818 5007
f 4991 4818 4797
f 4820 4995 4801
f 4820 5008 4995
f 5010 5009 4822
f 4822 5009 4821
f 5011 4822 4823
f 5011 5010 4822
f 4823 4803 4996
f 4823 4996 5011
f 5012 5002 4812
f 5012 4812 4824
f 4824 4813 5003
f 4824 5003 5012
f 4826 5013 4825
f 5013 5014 4825
f 5014 4820 4825
f 5014 5008 4820
f 5009 4827 4821
f 5015 4827 5009
f 5017 5016 5013
f 4826 5017 5013
f 4828 5017 4826
f 5013 5016 5014
f 5015 5018 4827
f 4827 5018 4829
f 4830 4829 5018
f 4830 5018 5019
f 5021 5020 4833
f 5021 4833 4832
f 4828 4833 5017
f 5017 4833 5020
f 5019 4835 4830
f 5022 4835 5019
f 4838 5023 4837
f 4837 5023 5024
f 5025 4837 5024
f 4839 4837 5025
f 4832 4839 5021
f 5021 4839 5025
f 4840 4835 5026
f 4835 5027 5026
f 4835 5022 5027
f 5026 4842 4840
f 5029 5028 5023
f 4838 5029 5023
f 4845 5029 4838
f 5023 5028 5024
f 5027 5030 5026
f 5026 5030 4842
f 5030 4847 4842
f 5030 5031 4847
f 4847 5032 4848
f 5031 5032 4847
f 4849 4848 5032
f 4849 5032 5033
f 5035 5034 4850
f 5035 4850 4851
f 4850 5036 4852
f 5034 5036 4850
f 4845 4852 5029
f 5029 4852 5036
f 4853 4849 5037
f 4849 5038 5037
f 4849 5033 5038
f 5037 4855 4853
f 4858 5035 4851
f 4858 5039 5035
f 5038 5040 5037
f 5037 5040 4855
f 5040 4859 4855
f 5040 5041 4859
f 5041 5043 5042
f 4860 5041 5042
f 4859 5041 4860
f 5044 4861 4860
f 5044 4860 5042
f 5045 4862 4861
f 5045 4861 5044
f 5045 5046 4862
f 5046 4858 4862
f 5046 5039 4858
f 5043 5047 5042
f 5049 5048 5047
f 5048 5042 5047
f 5048 5044 5042
f 5044 5050 5045
f 5044 5048 5050
f 5046 5045 5051
f 5051 5045 5050
f 5049 5052 5048
f 5048 5052 5050
f 5050 5052 5053
f 5050 5053 5051
f 5055 5054 4866
f 4866 5054 4865
f 4866 4867 5055
f 5055 4867 5056
f 5058 5057 4870
f 4870 5057 4869
f 4870 4865 5054
f 4870 5054 5058
f 5059 5056 4867
f 5059 4867 4871
f 5060 4871 4873
f 5060 5059 4871
f 5061 4873 4875
f 5061 5060 4873
f 5062 4875 4877
f 5062 5061 4875
f 5063 4877 4879
f 5063 5062 4877
f 4879 4881 5063
f 5063 4881 5064
f 5065 4883 4884
f 5066 5065 4884
f 4869 5066 4884
f 5057 5066 4869
f 5067 5064 4881
f 5067 4881 4885
f 5068 4885 4886
f 5068 5067 4885
f 5069 4886 4887
f 5069 5068 4886
f 4887 4888 5069
f 5069 4888 5070
f 5073 5072 5071
f 4890 4891 5071
f 4891 5073 5071
f 4891 5074 5073
f 4891 4883 5065
f 5075 4891 5065
f 5074 4891 5075
f 5075 5065 5066
f 5076 5070 4888
f 5076 4888 4892
f 4892 4893 5076
f 5076 4893 5077
f 5080 5079 5078
f 4895 4896 5078
f 4896 5080 5078
f 4896 5081 5080
f 4897 5071 5072
f 5081 4897 5072
f 4896 4897 5081
f 5071 4897 4890
f 4899 5077 4893
f 4899 5082 5077
f 5085 5084 5083
f 5085 5083 5079
f 5079 5083 5078
f 5083 4900 5078
f 4900 4901 5078
f 5078 4901 4895
f 5087 5086 4903
f 5087 4903 4904
f 4899 4903 5082
f 5082 4903 5086
f 5083 5084 4906
f 5084 4905 4906
f 5084 5088 4905
f 5083 4906 4900
f 4908 5087 4904
f 4908 5089 5087
f 5092 5091 5090
f 5090 5093 5092
f 5088 4909 4905
f 5094 4909 5088
f 4910 5089 4908
f 4910 5095 5089
f 5090 5091 5096
f 5096 5091 5097
f 4913 5098 4912
f 5098 5090 4912
f 5090 5096 4912
f 5090 5098 5093
f 5099 4913 4914
f 5099 5098 4913
f 4914 4909 5094
f 4914 5094 5099
f 4915 5095 4910
f 4915 5100 5095
f 5103 5102 5101
f 5103 5101 5097
f 5101 5096 5097
f 5101 5104 5096
f 5104 4917 4912
f 5104 4912 5096
f 4918 5106 5105
f 5100 4918 5105
f 4915 4918 5100
f 5106 5107 5105
f 5102 5108 5101
f 5110 5109 5108
f 5109 5101 5108
f 5109 5104 5101
f 5111 4919 4917
f 5104 5111 4917
f 5109 5111 5104
f 5111 4920 4919
f 5114 5113 5112
f 5115 5112 5113
f 4923 5116 4922
f 5116 4924 4922
f 5119 5118 5117
f 5121 5120 5117
f 5121 5117 5118
f 5121 5122 5106
f 4925 5121 5106
f 4918 4925 5106
f 5120 5121 4925
f 5106 5122 5107
f 5109 5110 5123
f 5123 5110 5124
f 5123 4927 4928
f 5111 5123 4928
f 5109 5123 5111
f 5111 4928 4920
f 5127 5126 5125
f 5128 5125 5126
f 5114 5112 5129
f 5114 5129 5130
f 5112 5115 5131
f 5132 5112 5131
f 5129 5112 5132
f 5134 5133 5132
f 5134 5132 5131
f 5136 5135 5133
f 5136 5133 5134
f 5136 5137 5116
f 4930 5136 5116
f 4923 4930 5116
f 5135 5136 4930
f 5116 5137 4924
f 5137 4931 4924
f 5137 5138 4931
f 5140 5139 4933
f 4931 5140 4933
f 5138 5140 4931
f 5139 5140 5119
f 5117 5139 5119
f 5141 5139 5117
f 5142 5117 5120
f 5141 5117 5142
f 4934 5142 4925
f 4925 5142 5120
f 5123 5124 5143
f 5143 5124 5144
f 5143 4936 4927
f 5143 4927 5123
f 5127 5125 5145
f 5127 5145 5146
f 5125 5128 5147
f 5125 5147 5145
f 5148 5130 5129
f 5148 5129 5132
f 5148 5132 5149
f 5151 5150 5149
f 5132 5151 5149
f 5133 5151 5132
f 4939 5151 4938
f 5151 5135 4938
f 5151 5133 5135
f 4938 5135 4930
f 5139 4942 4933
f 4942 5139 4944
f 5139 5152 4944
f 5139 5141 5152
f 4947 5152 4946
f 5152 5142 4946
f 5152 5141 5142
f 4946 5142 4934
f 5143 5144 5153
f 5153 5144 5154
f 5153 4949 4936
f 5153 4936 5143
f 5157 5156 5155
f 5159 5158 5155
f 5159 5155 5156
f 5161 5160 5158
f 5161 5158 5159
f 5160 5161 5146
f 5145 5160 5146
f 5162 5160 5145
f 5145 5147 5163
f 5145 5163 5162
f 5150 5151 5164
f 5150 5164 5165
f 4950 5166 4939
f 5166 5151 4939
f 5166 5164 5151
f 4951 5166 4950
f 5152 4955 4944
f 4955 5152 4947
f 5154 5167 5153
f 4958 4949 5153
f 5168 4958 5153
f 5167 5168 5153
f 4958 5168 5169
f 4959 4960 5169
f 5168 4959 5169
f 5170 4959 5168
f 5172 5171 4961
f 4959 5172 4961
f 5170 5172 4959
f 5174 5173 5171
f 5174 5171 5172
f 5173 5174 5157
f 5173 5157 5155
f 4964 5173 5155
f 4963 4964 5155
f 4963 5155 4965
f 4965 5155 5158
f 4965 5158 4966
f 4966 5158 5160
f 4966 5160 4967
f 4967 5160 5162
f 5163 5175 5162
f 5175 4967 5162
f 5175 4969 4967
f 4969 5176 4971
f 5175 5176 4969
f 5178 5177 4972
f 4971 5178 4972
f 5176 5178 4971
f 5177 5178 5165
f 5164 5177 5165
f 5179 5177 5164
f 4975 5179 4974
f 5179 5166 4974
f 5179 5164 5166
f 4974 5166 4951
f 5169 4979 4958
f 4979 5169 4960
f 5171 4980 4961
f 4980 5171 4981
f 4981 5171 5173
f 4981 5173 4964
f 5177 4982 4972
f 4982 5177 4983
f 4983 5177 5179
f 4983 5179 4975
f 5182 5181 5180
f 5180 5183 5182
f 5186 5185 5184
f 5188 5187 5184
f 5187 5180 5184
f 5181 5186 5184
f 5181 5184 5180
f 5180 5187 5183
f 5185 5189 5184
f 5184 5189 5188
f 5190 4985 4986
f 4987 5190 4986
f 5192 5191 5190
f 5191 4985 5190
f 5191 4989 4985
f 5190 4987 5192
f 4987 5193 5192
f 4987 4990 5193
f 5196 5195 5194
f 5194 5197 5196
f 5199 5198 4993
f 4993 5198 4992
f 5200 4993 4994
f 5200 5199 4993
f 4994 4989 5191
f 4994 5191 5200
f 4995 5193 4990
f 4995 5201 5193
f 5203 5202 4997
f 4997 5202 4996
f 5204 4997 4998
f 5204 5203 4997
f 4999 5194 5195
f 5204 4999 5195
f 4998 4999 5204
f 5205 5197 5194
f 4999 5205 5194
f 5000 5205 4999
f 5206 5000 5001
f 5206 5205 5000
f 5208 5207 5002
f 5207 5001 5002
f 5207 5206 5001
f 5003 5004 5208
f 5004 5207 5208
f 5004 5209 5207
f 5211 5209 5210
f 5209 5005 5210
f 5209 5004 5005
f 5006 5212 5005
f 5005 5212 5210
f 5212 5006 5213
f 5006 5214 5213
f 5006 5007 5214
f 5007 4992 5198
f 5007 5198 5214
f 5008 5201 4995
f 5008 5215 5201
f 5217 5216 5010
f 5010 5216 5009
f 5218 5010 5011
f 5218 5217 5010
f 5011 4996 5202
f 5011 5202 5218
f 5012 5208 5002
f 5208 5012 5003
f 5219 5211 5210
f 5219 5210 5212
f 5219 5212 5220
f 5220 5212 5213
f 5014 5215 5008
f 5014 5221 5215
f 5216 5015 5009
f 5222 5015 5216
f 5224 5223 5016
f 5224 5016 5017
f 5014 5016 5221
f 5221 5016 5223
f 5222 5225 5015
f 5015 5225 5018
f 5019 5018 5225
f 5019 5225 5226
f 5021 5227 5020
f 5227 5228 5020
f 5228 5017 5020
f 5228 5224 5017
f 5226 5022 5019
f 5229 5022 5226
f 5024 5230 5025
f 5230 5231 5025
f 5025 5231 5021
f 5231 5232 5021
f 5232 5227 5021
f 5227 5232 5228
f 5229 5027 5022
f 5233 5027 5229
f 5029 5234 5028
f 5230 5024 5028
f 5234 5230 5028
f 5235 5230 5234
f 5231 5230 5236
f 5236 5230 5235
f 5233 5237 5027
f 5027 5237 5030
f 5030 5238 5031
f 5237 5238 5030
f 5238 5240 5239
f 5032 5238 5239
f 5031 5238 5032
f 5239 5033 5032
f 5242 5241 5034
f 5242 5034 5035
f 5034 5243 5036
f 5241 5243 5034
f 5029 5036 5234
f 5036 5244 5234
f 5036 5243 5244
f 5234 5244 5235
f 5235 5244 5245
f 5235 5245 5236
f 5240 5246 5239
f 5033 5239 5246
f 5247 5033 5246
f 5038 5033 5247
f 5039 5242 5035
f 5039 5248 5242
f 5247 5249 5038
f 5038 5249 5040
f 5249 5251 5250
f 5041 5249 5250
f 5040 5249 5041
f 5250 5043 5041
f 5046 5248 5039
f 5046 5252 5248
f 5251 5253 5250
f 5253 5255 5254
f 5253 5254 5047
f 5250 5253 5047
f 5043 5250 5047
f 5254 5049 5047
f 5051 5252 5046
f 5051 5256 5252
f 5255 5257 5254
f 5254 5257 5049
f 5257 5052 5049
f 5257 5258 5052
f 5052 5259 5053
f 5258 5259 5052
f 5051 5053 5256
f 5256 5053 5259
f 5260 5054 5055
f 5056 5260 5055
f 5261 5057 5058
f 5262 5261 5058
f 5262 5058 5054
f 5263 5262 5054
f 5260 5263 5054
f 5263 5260 5056
f 5059 5263 5056
f 5264 5263 5059
f 5265 5059 5060
f 5265 5264 5059
f 5266 5060 5061
f 5266 5265 5060
f 5267 5061 5062
f 5267 5266 5061
f 5268 5062 5063
f 5268 5267 5062
f 5063 5064 5268
f 5268 5064 5269
f 5271 5270 5261
f 5270 5057 5261
f 5270 5066 5057
f 5271 5261 5262
f 5272 5269 5064
f 5272 5064 5067
f 5273 5067 5068
f 5273 5272 5067
f 5274 5068 5069
f 5274 5273 5068
f 5069 5070 5274
f 5274 5070 5275
f 5276 5072 5073
f 5276 5073 5277
f 5073 5278 5277
f 5073 5074 5278
f 5279 5074 5075
f 5279 5278 5074
f 5075 5066 5270
f 5075 5270 5279
f 5280 5275 5070
f 5280 5070 5076
f 5076 5077 5280
f 5280 5077 5281
f 5282 5079 5080
f 5081 5283 5080
f 5080 5283 5282
f 5284 5283 5081
f 5284 5081 5072
f 5285 5284 5072
f 5276 5285 5072
f 5285 5276 5277
f 5082 5281 5077
f 5082 5286 5281
f 5288 5287 5085
f 5085 5287 5084
f 5085 5079 5282
f 5289 5085 5282
f 5288 5085 5289
f 5289 5282 5283
f 5289 5283 5290
f 5290 5283 5284
f 5292 5291 5086
f 5292 5086 5087
f 5082 5086 5286
f 5286 5086 5291
f 5287 5088 5084
f 5293 5088 5287
f 5089 5292 5087
f 5089 5294 5292
f 5295 5091 5092
f 5297 5295 5296
f 5295 5092 5296
f 5093 5298 5296
f 5093 5296 5092
f 5300 5299 5298
f 5298 5299 5296
f 5293 5299 5300
f 5094 5293 5300
f 5088 5293 5094
f 5095 5294 5089
f 5095 5301 5294
f 5303 5302 5295
f 5302 5091 5295
f 5302 5097 5091
f 5093 5098 5298
f 5295 5297 5303
f 5298 5098 5099
f 5298 5099 5300
f 5300 5099 5094
f 5100 5305 5304
f 5301 5100 5304
f 5095 5100 5301
f 5305 5306 5304
f 5307 5102 5103
f 5308 5307 5103
f 5097 5308 5103
f 5302 5308 5097
f 5311 5310 5309
f 5313 5312 5309
f 5313 5309 5310
f 5315 5314 5312
f 5315 5312 5313
f 5317 5316 5314
f 5317 5314 5315
f 5319 5318 5316
f 5319 5316 5317
f 5321 5320 5318
f 5321 5318 5319
f 5322 5320 5321
f 5105 5305 5100
f 5105 5107 5305
f 5107 5306 5305
f 5107 5323 5306
f 5307 5108 5102
f 5110 5108 5307
f 5308 5110 5307
f 5324 5110 5308
f 5327 5326 5325
f 5329 5328 5325
f 5329 5325 5326
f 5331 5330 5328
f 5331 5328 5329
f 5113 5114 5330
f 5331 5113 5330
f 5332 5113 5331
f 5309 5333 5115
f 5332 5309 5115
f 5113 5332 5115
f 5311 5309 5332
f 5334 5309 5312
f 5333 5309 5334
f 5335 5312 5314
f 5334 5312 5335
f 5336 5314 5316
f 5335 5314 5336
f 5337 5316 5318
f 5336 5316 5337
f 5338 5318 5320
f 5337 5318 5338
f 5339 5118 5119
f 5320 5339 5119
f 5338 5320 5119
f 5339 5320 5322
f 5118 5340 5121
f 5339 5340 5118
f 5121 5341 5122
f 5340 5341 5121
f 5107 5122 5323
f 5323 5122 5341
f 5324 5124 5110
f 5342 5124 5324
f 5345 5344 5343
f 5343 5344 5327
f 5325 5343 5327
f 5346 5343 5325
f 5127 5346 5126
f 5346 5328 5126
f 5346 5325 5328
f 5126 5328 5128
f 5328 5347 5128
f 5328 5330 5347
f 5130 5347 5114
f 5114 5347 5330
f 5333 5131 5115
f 5131 5333 5134
f 5134 5333 5334
f 5134 5334 5136
f 5136 5334 5335
f 5136 5335 5137
f 5137 5335 5336
f 5137 5336 5138
f 5138 5336 5337
f 5138 5337 5140
f 5140 5337 5338
f 5140 5338 5119
f 5342 5144 5124
f 5348 5144 5342
f 5351 5350 5349
f 5349 5350 5345
f 5343 5349 5345
f 5352 5349 5343
f 5353 5343 5346
f 5352 5343 5353
f 5146 5353 5127
f 5127 5353 5346
f 5354 5147 5347
f 5347 5147 5128
f 5148 5355 5130
f 5355 5347 5130
f 5355 5354 5347
f 5149 5356 5148
f 5148 5356 5355
f 5150 5356 5149
f 5358 5154 5357
f 5154 5348 5357
f 5154 5144 5348
f 5359 5358 5357
f 5362 5361 5360
f 5364 5363 5360
f 5364 5360 5361
f 5363 5364 5351
f 5363 5351 5349
f 5157 5363 5349
f 5156 5157 5349
f 5156 5349 5159
f 5159 5349 5352
f 5159 5352 5161
f 5161 5352 5353
f 5161 5353 5146
f 5365 5163 5354
f 5354 5163 5147
f 5366 5354 5355
f 5365 5354 5366
f 5367 5355 5356
f 5366 5355 5367
f 5165 5367 5150
f 5150 5367 5356
f 5358 5167 5154
f 5359 5368 5358
f 5368 5167 5358
f 5368 5168 5167
f 5168 5369 5170
f 5368 5369 5168
f 5360 5172 5362
f 5172 5369 5362
f 5172 5170 5369
f 5172 5360 5174
f 5174 5360 5363
f 5174 5363 5157
f 5365 5175 5163
f 5175 5365 5176
f 5176 5365 5366
f 5176 5366 5178
f 5178 5366 5367
f 5178 5367 5165
f 5370 5181 5182
f 5183 5370 5182
f 5371 5185 5186
f 5186 5181 5371
f 5181 5370 5371
f 5187 5188 5371
f 5187 5371 5370
f 5187 5370 5183
f 5371 5189 5185
f 5189 5371 5188
f 5374 5373 5372
f 5372 5375 5374
f 5373 5376 5372
f 5372 5376 5375
f 5378 5377 5192
f 5192 5377 5191
f 5192 5193 5378
f 5378 5193 5379
f 5380 5195 5196
f 5197 5380 5196
f 5381 5198 5199
f 5381 5199 5382
f 5199 5383 5382
f 5199 5200 5383
f 5200 5191 5377
f 5200 5377 5383
f 5201 5379 5193
f 5201 5384 5379
f 5387 5386 5385
f 5385 5388 5387
f 5390 5389 5203
f 5203 5389 5202
f 5391 5203 5204
f 5391 5390 5203
f 5204 5195 5380
f 5392 5204 5380
f 5391 5204 5392
f 5392 5380 5197
f 5205 5392 5197
f 5393 5392 5205
f 5394 5205 5206
f 5394 5393 5205
f 5395 5206 5207
f 5395 5394 5206
f 5396 5207 5209
f 5396 5395 5207
f 5209 5211 5396
f 5396 5211 5397
f 5400 5399 5398
f 5213 5214 5398
f 5214 5400 5398
f 5214 5401 5400
f 5214 5198 5381
f 5402 5214 5381
f 5401 5214 5402
f 5402 5381 5382
f 5215 5384 5201
f 5215 5403 5384
f 5386 5404 5385
f 5385 5404 5388
f 5405 5216 5217
f 5218 5406 5217
f 5217 5406 5405
f 5407 5406 5218
f 5202 5407 5218
f 5389 5407 5202
f 5408 5397 5211
f 5408 5211 5219
f 5220 5398 5399
f 5408 5220 5399
f 5219 5220 5408
f 5398 5220 5213
f 5221 5403 5215
f 5221 5409 5403
f 5412 5411 5410
f 5414 5413 5410
f 5410 5413 5412
f 5414 5415 5413
f 5417 5416 5405
f 5416 5216 5405
f 5416 5222 5216
f 5417 5405 5406
f 5417 5406 5418
f 5418 5406 5407
f 5224 5419 5223
f 5419 5420 5223
f 5420 5221 5223
f 5420 5409 5221
f 5410 5411 5421
f 5421 5411 5422
f 5410 5423 5414
f 5410 5421 5423
f 5415 5414 5424
f 5424 5414 5423
f 5225 5222 5425
f 5222 5426 5425
f 5222 5416 5426
f 5425 5226 5225
f 5428 5427 5419
f 5224 5428 5419
f 5228 5428 5224
f 5419 5427 5420
f 5421 5422 5429
f 5429 5422 5430
f 5421 5431 5423
f 5421 5429 5431
f 5424 5423 5432
f 5432 5423 5431
f 5426 5433 5425
f 5226 5425 5433
f 5434 5226 5433
f 5229 5226 5434
f 5436 5435 5232
f 5436 5232 5231
f 5228 5232 5428
f 5428 5232 5435
f 5430 5437 5429
f 5429 5437 5431
f 5431 5437 5438
f 5431 5438 5432
f 5434 5233 5229
f 5439 5233 5434
f 5442 5441 5440
f 5443 5440 5441
f 5236 5436 5231
f 5236 5444 5436
f 5439 5445 5233
f 5233 5445 5237
f 5237 5446 5238
f 5445 5446 5237
f 5448 5447 5240
f 5238 5448 5240
f 5446 5448 5238
f 5447 5448 5442
f 5440 5447 5442
f 5449 5447 5440
f 5440 5443 5450
f 5451 5440 5450
f 5449 5440 5451
f 5452 5451 5450
f 5242 5453 5241
f 5454 5243 5241
f 5454 5241 5453
f 5455 5244 5243
f 5455 5243 5454
f 5244 5455 5456
f 5457 5244 5456
f 5245 5244 5457
f 5236 5245 5444
f 5444 5245 5457
f 5447 5246 5240
f 5246 5447 5247
f 5447 5458 5247
f 5447 5449 5458
f 5459 5449 5451
f 5458 5449 5459
f 5451 5452 5460
f 5451 5460 5459
f 5248 5461 5453
f 5248 5453 5242
f 5453 5462 5454
f 5453 5461 5462
f 5454 5463 5455
f 5454 5462 5463
f 5456 5455 5464
f 5464 5455 5463
f 5466 5249 5465
f 5249 5247 5465
f 5465 5247 5458
f 5467 5465 5458
f 5467 5469 5468
f 5469 5466 5468
f 5251 5468 5466
f 5468 5251 5459
f 5249 5459 5251
f 5459 5249 5469
f 5469 5458 5459
f 5467 5458 5469
f 5469 5249 5466
f 5468 5459 5460
f 5252 5470 5461
f 5252 5461 5248
f 5472 5462 5471
f 5462 5470 5471
f 5462 5461 5470
f 5462 5472 5463
f 5463 5472 5473
f 5463 5473 5464
f 5466 5465 5474
f 5474 5465 5475
f 5476 5253 5251
f 5466 5476 5251
f 5474 5476 5466
f 5476 5255 5253
f 5478 5477 5470
f 5252 5478 5470
f 5256 5478 5252
f 5470 5477 5471
f 5475 5479 5474
f 5474 5479 5476
f 5476 5479 5480
f 5476 5480 5255
f 5480 5257 5255
f 5480 5481 5257
f 5257 5482 5258
f 5481 5482 5257
f 5258 5483 5259
f 5482 5483 5258
f 5256 5259 5478
f 5478 5259 5483
f 5486 5485 5484
f 5488 5487 5484
f 5484 5487 5486
f 5490 5489 5488
f 5488 5489 5487
f 5490 5491 5489
f 5494 5493 5492
f 5494 5492 5485
f 5485 5492 5484
f 5492 5262 5484
f 5262 5263 5484
f 5484 5263 5264
f 5484 5264 5488
f 5488 5264 5265
f 5488 5265 5490
f 5495 5491 5490
f 5265 5495 5490
f 5266 5495 5265
f 5496 5266 5267
f 5496 5495 5266
f 5497 5267 5268
f 5497 5496 5267
f 5499 5498 5269
f 5498 5268 5269
f 5498 5497 5268
f 5499 5500 5498
f 5492 5493 5271
f 5493 5270 5271
f 5493 5501 5270
f 5492 5271 5262
f 5272 5499 5269
f 5502 5500 5499
f 5272 5502 5499
f 5273 5502 5272
f 5503 5273 5274
f 5503 5502 5273
f 5274 5275 5503
f 5503 5275 5504
f 5505 5277 5278
f 5505 5278 5506
f 5278 5507 5506
f 5278 5279 5507
f 5279 5270 5501
f 5279 5501 5507
f 5508 5504 5275
f 5508 5275 5280
f 5280 5281 5508
f 5508 5281 5509
f 5510 5284 5285
f 5511 5510 5285
f 5511 5285 5277
f 5512 5511 5277
f 5505 5512 5277
f 5512 5505 5506
f 5286 5509 5281
f 5286 5513 5509
f 5515 5514 5288
f 5288 5514 5287
f 5516 5288 5289
f 5516 5515 5288
f 5517 5289 5290
f 5517 5516 5289
f 5290 5284 5510
f 5518 5290 5510
f 5517 5290 5518
f 5518 5510 5511
f 5520 5519 5291
f 5520 5291 5292
f 5286 5291 5513
f 5513 5291 5519
f 5514 5293 5287
f 5521 5293 5514
f 5294 5520 5292
f 5294 5522 5520
f 5523 5297 5296
f 5523 5296 5524
f 5296 5525 5524
f 5296 5299 5525
f 5299 5293 5521
f 5299 5521 5525
f 5528 5527 5526
f 5530 5529 5526
f 5530 5526 5527
f 5531 5529 5530
f 5301 5522 5294
f 5301 5532 5522
f 5533 5302 5303
f 5534 5533 5303
f 5534 5303 5297
f 5535 5534 5297
f 5523 5535 5297
f 5535 5523 5524
f 5538 5537 5536
f 5539 5536 5537
f 5542 5541 5540
f 5544 5543 5540
f 5544 5540 5541
f 5543 5544 5528
f 5526 5543 5528
f 5545 5543 5526
f 5546 5526 5529
f 5545 5526 5546
f 5529 5531 5547
f 5548 5529 5547
f 5546 5529 5548
f 5550 5549 5548
f 5550 5548 5547
f 5551 5549 5550
f 5554 5553 5552
f 5556 5555 5552
f 5556 5552 5553
f 5557 5555 5304
f 5555 5532 5304
f 5532 5301 5304
f 5532 5555 5556
f 5306 5557 5304
f 5558 5308 5533
f 5533 5308 5302
f 5533 5534 5559
f 5533 5559 5558
f 5562 5561 5560
f 5564 5563 5560
f 5564 5560 5561
f 5563 5564 5538
f 5536 5563 5538
f 5565 5563 5536
f 5536 5539 5566
f 5567 5536 5566
f 5565 5536 5567
f 5567 5566 5542
f 5540 5567 5542
f 5568 5567 5540
f 5311 5568 5310
f 5568 5543 5310
f 5568 5540 5543
f 5310 5543 5313
f 5313 5543 5545
f 5313 5545 5315
f 5315 5545 5546
f 5315 5546 5317
f 5317 5546 5548
f 5317 5548 5319
f 5319 5548 5549
f 5551 5569 5549
f 5569 5319 5549
f 5569 5321 5319
f 5552 5570 5322
f 5569 5552 5322
f 5321 5569 5322
f 5554 5552 5569
f 5571 5552 5555
f 5570 5552 5571
f 5572 5555 5557
f 5571 5555 5572
f 5323 5572 5306
f 5306 5572 5557
f 5573 5324 5558
f 5558 5324 5308
f 5558 5559 5574
f 5558 5574 5573
f 5577 5576 5575
f 5575 5576 5562
f 5560 5575 5562
f 5578 5575 5560
f 5327 5578 5326
f 5578 5563 5326
f 5578 5560 5563
f 5326 5563 5329
f 5329 5563 5565
f 5329 5565 5331
f 5331 5565 5567
f 5331 5567 5332
f 5332 5567 5568
f 5332 5568 5311
f 5570 5339 5322
f 5339 5570 5340
f 5340 5570 5571
f 5340 5571 5341
f 5341 5571 5572
f 5341 5572 5323
f 5579 5342 5573
f 5573 5342 5324
f 5573 5574 5580
f 5573 5580 5579
f 5583 5582 5581
f 5581 5582 5577
f 5575 5581 5577
f 5584 5581 5575
f 5345 5584 5344
f 5584 5578 5344
f 5584 5575 5578
f 5344 5578 5327
f 5585 5348 5579
f 5579 5348 5342
f 5579 5580 5586
f 5579 5586 5585
f 5589 5588 5587
f 5587 5588 5583
f 5581 5587 5583
f 5590 5587 5581
f 5351 5590 5350
f 5590 5584 5350
f 5590 5581 5584
f 5350 5584 5345
f 5585 5357 5348
f 5592 5591 5359
f 5592 5359 5357
f 5586 5592 5357
f 5585 5586 5357
f 5594 5593 5591
f 5594 5591 5592
f 5593 5594 5589
f 5593 5589 5587
f 5362 5593 5587
f 5361 5362 5587
f 5361 5587 5364
f 5364 5587 5590
f 5364 5590 5351
f 5591 5368 5359
f 5368 5591 5369
f 5369 5591 5593
f 5369 5593 5362
f 5595 5373 5374
f 5375 5595 5374
f 5598 5597 5596
f 5595 5376 5373
f 5599 5598 5596
f 5376 5595 5375
f 5602 5601 5600
f 5601 5603 5600
f 5596 5597 5604
f 5604 5597 5605
f 5599 5596 5606
f 5606 5596 5604
f 5601 5602 5607
f 5607 5602 5608
f 5603 5601 5609
f 5609 5601 5607
f 5604 5605 5610
f 5610 5605 5611
f 5606 5604 5612
f 5612 5604 5610
f 5607 5608 5613
f 5613 5608 5614
f 5609 5607 5615
f 5615 5607 5613
f 5611 5616 5610
f 5610 5616 5612
f 5613 5614 5617
f 5617 5614 5618
f 5615 5613 5619
f 5619 5613 5617
f 5617 5618 5620
f 5620 5618 5621
f 5619 5617 5622
f 5622 5617 5620
f 5621 5623 5620
f 5620 5623 5622
f 5626 5625 5624
f 5628 5627 5624
f 5624 5627 5626
f 5628 5629 5627
f 5630 5377 5378
f 5379 5630 5378
f 5624 5625 5631
f 5631 5625 5632
f 5624 5633 5628
f 5624 5631 5633
f 5629 5628 5634
f 5628 5635 5634
f 5628 5633 5635
f 5635 5636 5634
f 5638 5637 5383
f 5383 5637 5382
f 5383 5377 5630
f 5639 5383 5630
f 5638 5383 5639
f 5630 5379 5639
f 5379 5640 5639
f 5379 5384 5640
f 5631 5632 5641
f 5641 5632 5642
f 5631 5643 5633
f 5631 5641 5643
f 5643 5386 5387
f 5635 5643 5387
f 5633 5643 5635
f 5387 5388 5635
f 5388 5636 5635
f 5388 5644 5636
f 5645 5389 5390
f 5391 5646 5390
f 5390 5646 5645
f 5646 5391 5647
f 5391 5648 5647
f 5391 5392 5648
f 5649 5392 5393
f 5649 5648 5392
f 5650 5393 5394
f 5650 5649 5393
f 5651 5394 5395
f 5651 5650 5394
f 5653 5651 5652
f 5651 5396 5652
f 5651 5395 5396
f 5397 5652 5396
f 5654 5399 5400
f 5401 5655 5400
f 5400 5655 5654
f 5655 5401 5656
f 5401 5657 5656
f 5401 5402 5657
f 5402 5382 5637
f 5402 5637 5657
f 5403 5640 5384
f 5403 5658 5640
f 5642 5659 5641
f 5661 5660 5659
f 5660 5641 5659
f 5660 5643 5641
f 5662 5404 5386
f 5643 5662 5386
f 5660 5662 5643
f 5662 5663 5404
f 5663 5388 5404
f 5663 5644 5388
f 5665 5664 5645
f 5664 5389 5645
f 5664 5407 5389
f 5665 5645 5646
f 5665 5646 5666
f 5666 5646 5647
f 5667 5653 5652
f 5667 5652 5397
f 5408 5667 5397
f 5668 5667 5408
f 5408 5399 5654
f 5669 5408 5654
f 5668 5408 5669
f 5669 5654 5655
f 5669 5655 5670
f 5670 5655 5656
f 5409 5658 5403
f 5409 5671 5658
f 5660 5661 5672
f 5672 5661 5673
f 5672 5411 5412
f 5662 5672 5412
f 5660 5672 5662
f 5674 5663 5662
f 5412 5674 5662
f 5413 5674 5412
f 5413 5415 5674
f 5674 5415 5675
f 5678 5677 5676
f 5416 5417 5676
f 5417 5678 5676
f 5417 5679 5678
f 5680 5417 5418
f 5680 5679 5417
f 5418 5407 5664
f 5418 5664 5680
f 5420 5671 5409
f 5420 5681 5671
f 5672 5673 5682
f 5682 5673 5683
f 5682 5422 5411
f 5682 5411 5672
f 5424 5675 5415
f 5424 5684 5675
f 5677 5685 5676
f 5416 5676 5685
f 5686 5416 5685
f 5426 5416 5686
f 5688 5687 5427
f 5688 5427 5428
f 5420 5427 5681
f 5681 5427 5687
f 5682 5683 5689
f 5689 5683 5690
f 5689 5430 5422
f 5689 5422 5682
f 5432 5684 5424
f 5432 5691 5684
f 5686 5692 5426
f 5426 5692 5433
f 5434 5433 5692
f 5434 5692 5693
f 5696 5695 5694
f 5698 5697 5694
f 5698 5694 5695
f 5700 5699 5697
f 5700 5697 5698
f 5701 5699 5700
f 5704 5703 5702
f 5435 5436 5702
f 5703 5435 5702
f 5705 5435 5703
f 5428 5435 5688
f 5688 5435 5705
f 5689 5690 5706
f 5706 5690 5707
f 5708 5437 5430
f 5689 5708 5430
f 5706 5708 5689
f 5709 5438 5437
f 5709 5437 5708
f 5709 5710 5438
f 5710 5432 5438
f 5710 5691 5432
f 5693 5439 5434
f 5711 5439 5693
f 5714 5713 5712
f 5712 5713 5696
f 5712 5696 5694
f 5442 5712 5694
f 5441 5442 5694
f 5441 5694 5443
f 5694 5715 5443
f 5694 5697 5715
f 5716 5697 5699
f 5715 5697 5716
f 5699 5701 5717
f 5718 5699 5717
f 5716 5699 5718
f 5719 5718 5717
f 5704 5702 5720
f 5704 5720 5721
f 5444 5720 5436
f 5436 5720 5702
f 5707 5722 5706
f 5724 5723 5722
f 5723 5706 5722
f 5723 5708 5706
f 5726 5709 5725
f 5709 5723 5725
f 5709 5708 5723
f 5709 5726 5710
f 5711 5727 5439
f 5439 5727 5445
f 5445 5728 5446
f 5727 5728 5445
f 5712 5448 5714
f 5448 5728 5714
f 5448 5446 5728
f 5448 5712 5442
f 5715 5450 5443
f 5450 5715 5452
f 5715 5729 5452
f 5715 5716 5729
f 5730 5716 5718
f 5729 5716 5730
f 5718 5719 5731
f 5718 5731 5730
f 5457 5456 5732
f 5720 5733 5721
f 5733 5720 5734
f 5720 5444 5734
f 5457 5732 5734
f 5457 5734 5444
f 5724 5735 5723
f 5723 5735 5725
f 5736 5460 5729
f 5729 5460 5452
f 5737 5729 5730
f 5736 5729 5737
f 5730 5731 5738
f 5730 5738 5737
f 5464 5739 5732
f 5464 5732 5456
f 5734 5732 5740
f 5740 5732 5739
f 5741 5465 5467
f 5741 5467 5742
f 5467 5743 5742
f 5467 5468 5743
f 5468 5460 5736
f 5744 5468 5736
f 5743 5468 5744
f 5744 5736 5737
f 5744 5737 5745
f 5745 5737 5738
f 5471 5746 5472
f 5747 5473 5472
f 5747 5472 5746
f 5747 5748 5473
f 5473 5748 5464
f 5748 5749 5464
f 5749 5739 5464
f 5739 5749 5740
f 5750 5475 5741
f 5741 5475 5465
f 5741 5742 5751
f 5741 5751 5750
f 5478 5752 5477
f 5752 5753 5477
f 5477 5753 5471
f 5753 5754 5471
f 5754 5746 5471
f 5746 5754 5747
f 5747 5754 5755
f 5747 5755 5748
f 5750 5479 5475
f 5751 5756 5750
f 5756 5479 5750
f 5756 5480 5479
f 5480 5757 5481
f 5756 5757 5480
f 5481 5758 5482
f 5757 5758 5481
f 5482 5759 5483
f 5758 5759 5482
f 5478 5483 5752
f 5483 5760 5752
f 5483 5759 5760
f 5752 5760 5753
f 5763 5762 5761
f 5761 5764 5763
f 5766 5765 5486
f 5486 5765 5485
f 5487 5761 5762
f 5766 5487 5762
f 5486 5487 5766
f 5767 5764 5761
f 5487 5767 5761
f 5489 5767 5487
f 5489 5491 5767
f 5767 5491 5768
f 5770 5769 5494
f 5494 5769 5493
f 5494 5485 5765
f 5494 5765 5770
f 5771 5768 5491
f 5771 5491 5495
f 5773 5771 5772
f 5771 5496 5772
f 5771 5495 5496
f 5497 5774 5496
f 5496 5774 5772
f 5498 5775 5497
f 5497 5775 5774
f 5500 5775 5498
f 5769 5501 5493
f 5776 5501 5769
f 5777 5773 5772
f 5777 5772 5774
f 5777 5774 5778
f 5778 5774 5775
f 5778 5775 5779
f 5779 5775 5500
f 5502 5779 5500
f 5780 5779 5502
f 5782 5780 5781
f 5780 5503 5781
f 5780 5502 5503
f 5504 5781 5503
f 5783 5506 5507
f 5784 5783 5507
f 5501 5784 5507
f 5776 5784 5501
f 5785 5782 5781
f 5785 5781 5504
f 5508 5785 5504
f 5786 5785 5508
f 5508 5509 5786
f 5786 5509 5787
f 5788 5511 5512
f 5789 5788 5512
f 5789 5512 5506
f 5790 5789 5506
f 5783 5790 5506
f 5790 5783 5784
f 5513 5787 5509
f 5513 5791 5787
f 5792 5514 5515
f 5516 5793 5515
f 5515 5793 5792
f 5793 5516 5794
f 5516 5795 5794
f 5516 5517 5795
f 5796 5517 5518
f 5796 5795 5517
f 5518 5511 5788
f 5797 5518 5788
f 5796 5518 5797
f 5797 5788 5789
f 5799 5798 5519
f 5799 5519 5520
f 5513 5519 5791
f 5791 5519 5798
f 5800 5521 5792
f 5792 5521 5514
f 5793 5802 5801
f 5800 5793 5801
f 5792 5793 5800
f 5802 5793 5794
f 5805 5804 5803
f 5807 5806 5803
f 5807 5803 5804
f 5808 5806 5807
f 5522 5799 5520
f 5522 5809 5799
f 5810 5524 5525
f 5811 5810 5525
f 5811 5525 5521
f 5812 5811 5521
f 5800 5812 5521
f 5812 5800 5801
f 5815 5814 5813
f 5817 5816 5813
f 5817 5813 5814
f 5819 5818 5816
f 5819 5816 5817
f 5821 5820 5818
f 5821 5818 5819
f 5823 5822 5820
f 5823 5820 5821
f 5822 5823 5805
f 5822 5805 5803
f 5528 5822 5803
f 5527 5528 5803
f 5527 5803 5530
f 5530 5803 5806
f 5825 5824 5531
f 5825 5531 5530
f 5808 5825 5530
f 5806 5808 5530
f 5826 5824 5825
f 5829 5828 5827
f 5828 5809 5827
f 5809 5532 5827
f 5809 5522 5532
f 5830 5534 5535
f 5831 5830 5535
f 5831 5535 5524
f 5832 5831 5524
f 5810 5832 5524
f 5832 5810 5811
f 5835 5834 5833
f 5833 5834 5815
f 5813 5833 5815
f 5836 5833 5813
f 5538 5836 5537
f 5836 5816 5537
f 5836 5813 5816
f 5537 5816 5539
f 5816 5837 5539
f 5816 5818 5837
f 5542 5837 5541
f 5837 5820 5541
f 5837 5818 5820
f 5541 5820 5544
f 5544 5820 5822
f 5544 5822 5528
f 5824 5547 5531
f 5826 5838 5824
f 5838 5547 5824
f 5838 5550 5547
f 5840 5839 5551
f 5550 5840 5551
f 5838 5840 5550
f 5553 5554 5839
f 5840 5553 5839
f 5841 5553 5840
f 5827 5556 5829
f 5556 5841 5829
f 5556 5553 5841
f 5556 5827 5532
f 5842 5559 5830
f 5830 5559 5534
f 5830 5831 5843
f 5830 5843 5842
f 5846 5845 5844
f 5844 5845 5835
f 5844 5835 5833
f 5562 5844 5833
f 5561 5562 5833
f 5561 5833 5564
f 5564 5833 5836
f 5564 5836 5538
f 5837 5566 5539
f 5566 5837 5542
f 5839 5569 5551
f 5569 5839 5554
f 5848 5847 5842
f 5847 5559 5842
f 5847 5574 5559
f 5848 5842 5843
f 5851 5850 5849
f 5849 5850 5846
f 5849 5846 5844
f 5577 5849 5844
f 5576 5577 5844
f 5576 5844 5562
f 5847 5580 5574
f 5852 5580 5847
f 5855 5854 5853
f 5857 5856 5853
f 5857 5853 5854
f 5856 5857 5851
f 5856 5851 5849
f 5583 5856 5849
f 5582 5583 5849
f 5582 5849 5577
f 5859 5586 5858
f 5586 5852 5858
f 5586 5580 5852
f 5859 5858 5855
f 5853 5859 5855
f 5860 5859 5853
f 5589 5860 5588
f 5860 5856 5588
f 5860 5853 5856
f 5588 5856 5583
f 5859 5592 5586
f 5592 5859 5594
f 5594 5859 5860
f 5594 5860 5589
f 5863 5862 5861
f 5861 5864 5863
f 5867 5866 5865
f 5869 5868 5865
f 5865 5868 5867
f 5868 5869 5862
f 5869 5861 5862
f 5869 5870 5861
f 5864 5861 5871
f 5871 5861 5870
f 5866 5872 5865
f 5874 5873 5872
f 5873 5865 5872
f 5873 5869 5865
f 5869 5875 5870
f 5869 5873 5875
f 5871 5870 5876
f 5876 5870 5875
f 5873 5874 5877
f 5877 5874 5878
f 5873 5879 5875
f 5873 5877 5879
f 5876 5875 5880
f 5880 5875 5879
f 5878 5881 5877
f 5877 5881 5879
f 5879 5881 5882
f 5879 5882 5880
f 5885 5884 5883
f 5883 5886 5885
f 5889 5888 5887
f 5887 5890 5889
f 5883 5884 5598
f 5884 5597 5598
f 5884 5891 5597
f 5893 5892 5599
f 5599 5892 5598
f 5892 5886 5598
f 5886 5883 5598
f 5892 5893 5888
f 5888 5893 5887
f 5893 5602 5887
f 5602 5600 5887
f 5895 5894 5603
f 5603 5894 5600
f 5894 5890 5600
f 5890 5887 5600
f 5895 5896 5894
f 5891 5605 5597
f 5897 5605 5891
f 5606 5898 5893
f 5606 5893 5599
f 5898 5608 5602
f 5898 5602 5893
f 5609 5899 5895
f 5609 5895 5603
f 5896 5895 5900
f 5900 5895 5899
f 5897 5611 5605
f 5901 5611 5897
f 5612 5902 5898
f 5612 5898 5606
f 5902 5614 5608
f 5902 5608 5898
f 5615 5903 5899
f 5615 5899 5609
f 5900 5899 5904
f 5904 5899 5903
f 5616 5611 5905
f 5611 5906 5905
f 5611 5901 5906
f 5902 5612 5616
f 5905 5902 5616
f 5907 5902 5905
f 5907 5618 5614
f 5907 5614 5902
f 5909 5908 5903
f 5615 5909 5903
f 5619 5909 5615
f 5903 5908 5904
f 5906 5910 5905
f 5912 5911 5910
f 5911 5905 5910
f 5911 5907 5905
f 5911 5621 5618
f 5911 5618 5907
f 5622 5909 5619
f 5622 5913 5909
f 5911 5912 5914
f 5914 5912 5915
f 5916 5623 5621
f 5911 5916 5621
f 5914 5916 5911
f 5916 5917 5623
f 5917 5622 5623
f 5917 5913 5622
f 5914 5915 5918
f 5918 5915 5919
f 5914 5920 5916
f 5914 5918 5920
f 5917 5916 5921
f 5921 5916 5920
f 5918 5919 5626
f 5919 5625 5626
f 5919 5922 5625
f 5918 5626 5627
f 5918 5627 5920
f 5924 5923 5629
f 5629 5923 5627
f 5923 5921 5627
f 5921 5920 5627
f 5924 5925 5923
f 5922 5632 5625
f 5926 5632 5922
f 5634 5924 5629
f 5634 5636 5924
f 5636 5925 5924
f 5636 5927 5925
f 5929 5928 5638
f 5638 5928 5637
f 5930 5638 5639
f 5930 5929 5638
f 5639 5640 5930
f 5930 5640 5931
f 5926 5642 5632
f 5932 5642 5926
f 5644 5927 5636
f 5644 5933 5927
f 5934 5647 5648
f 5934 5648 5935
f 5648 5936 5935
f 5648 5649 5936
f 5937 5649 5650
f 5937 5936 5649
f 5938 5650 5651
f 5938 5937 5650
f 5940 5939 5653
f 5939 5651 5653
f 5939 5938 5651
f 5940 5941 5939
f 5944 5943 5942
f 5946 5945 5942
f 5942 5945 5944
f 5656 5657 5946
f 5657 5945 5946
f 5657 5947 5945
f 5657 5637 5928
f 5657 5928 5947
f 5658 5931 5640
f 5658 5948 5931
f 5659 5642 5949
f 5642 5950 5949
f 5642 5932 5950
f 5949 5661 5659
f 5663 5933 5644
f 5663 5951 5933
f 5952 5664 5665
f 5666 5953 5665
f 5665 5953 5952
f 5954 5953 5666
f 5954 5666 5647
f 5955 5954 5647
f 5934 5955 5647
f 5955 5934 5935
f 5667 5940 5653
f 5956 5941 5940
f 5667 5956 5940
f 5668 5956 5667
f 5669 5942 5943
f 5956 5669 5943
f 5668 5669 5956
f 5942 5669 5670
f 5942 5670 5946
f 5946 5670 5656
f 5671 5958 5957
f 5948 5671 5957
f 5658 5671 5948
f 5958 5959 5957
f 5950 5960 5949
f 5661 5949 5960
f 5961 5661 5960
f 5673 5661 5961
f 5962 5951 5663
f 5962 5663 5674
f 5674 5675 5962
f 5962 5675 5963
f 5964 5677 5678
f 5679 5965 5678
f 5678 5965 5964
f 5965 5679 5966
f 5679 5967 5966
f 5679 5680 5967
f 5967 5680 5664
f 5968 5967 5664
f 5952 5968 5664
f 5967 5968 5969
f 5953 5971 5970
f 5968 5953 5970
f 5952 5953 5968
f 5971 5953 5954
f 5973 5972 5958
f 5671 5973 5958
f 5681 5973 5671
f 5958 5972 5959
f 5961 5683 5673
f 5974 5683 5961
f 5684 5963 5675
f 5684 5975 5963
f 5964 5685 5677
f 5964 5965 5976
f 5686 5964 5976
f 5977 5686 5976
f 5964 5686 5685
f 5976 5965 5966
f 5978 5969 5968
f 5981 5980 5979
f 5970 5978 5968
f 5983 5982 5980
f 5983 5980 5981
f 5985 5984 5982
f 5985 5982 5983
f 5986 5984 5985
f 5988 5987 5687
f 5988 5687 5688
f 5681 5687 5973
f 5973 5687 5987
f 5974 5690 5683
f 5989 5690 5974
f 5691 5975 5684
f 5691 5990 5975
f 5692 5686 5991
f 5686 5992 5991
f 5686 5977 5992
f 5991 5693 5692
f 5979 5980 5993
f 5979 5993 5994
f 5696 5993 5695
f 5993 5982 5695
f 5993 5980 5982
f 5695 5982 5698
f 5698 5982 5984
f 5986 5995 5984
f 5995 5698 5984
f 5995 5700 5698
f 5701 5700 5995
f 5701 5995 5996
f 5704 5997 5703
f 5998 5705 5703
f 5998 5703 5997
f 5998 5999 5705
f 5999 5688 5705
f 5999 5988 5688
f 5989 5707 5690
f 6000 5707 5989
f 5710 5990 5691
f 5710 6001 5990
f 5992 6002 5991
f 5711 5693 5991
f 6003 5711 5991
f 6002 6003 5991
f 5711 6003 6004
f 6006 6005 6004
f 6006 6004 6003
f 6005 6006 5994
f 6005 5994 5993
f 5714 6005 5993
f 5713 5714 5993
f 5713 5993 5696
f 5996 6007 5701
f 5701 6007 5717
f 5719 5717 6007
f 5719 6007 6008
f 5721 6009 5997
f 5721 5997 5704
f 5997 6010 5998
f 5997 6009 6010
f 5999 5998 6011
f 6011 5998 6010
f 6000 6012 5707
f 5707 6012 5722
f 5724 5722 6012
f 5724 6012 6013
f 5725 6014 5726
f 6014 6015 5726
f 6015 5710 5726
f 6015 6001 5710
f 6004 5727 5711
f 5727 6004 5728
f 5728 6004 6005
f 5728 6005 5714
f 6008 5731 5719
f 6016 5731 6008
f 5733 6009 5721
f 6009 5733 5734
f 6017 6009 5734
f 6010 6009 6017
f 6011 6010 6018
f 6018 6010 6017
f 6013 6019 5724
f 5724 6019 5735
f 5725 5735 6014
f 5735 6020 6014
f 5735 6019 6020
f 6014 6020 6015
f 6023 6022 6021
f 6016 6023 6021
f 5738 6016 6021
f 5731 6016 5738
f 6025 6024 6017
f 5734 6025 6017
f 5740 6025 5734
f 6017 6024 6018
f 6026 5742 5743
f 6026 5743 6027
f 5743 6028 6027
f 5743 5744 6028
f 5745 6021 6022
f 6028 5745 6022
f 5744 5745 6028
f 6021 5745 5738
f 6030 6029 5749
f 6030 5749 5748
f 5740 5749 6025
f 6025 5749 6029
f 6031 5751 6026
f 6026 5751 5742
f 6026 6027 6032
f 6026 6032 6031
f 6034 6033 5754
f 6034 5754 5753
f 5754 6035 5755
f 6033 6035 5754
f 5748 5755 6030
f 6030 5755 6035
f 6031 5756 5751
f 6032 6036 6031
f 6036 5756 6031
f 6036 5757 5756
f 5757 6037 5758
f 6036 6037 5757
f 5758 6038 5759
f 6037 6038 5758
f 5759 6039 5760
f 6038 6039 5759
f 5753 5760 6034
f 6034 5760 6039
f 6040 5762 5763
f 5764 6040 5763
f 6042 6041 5766
f 5766 6041 5765
f 5766 5762 6040
f 6043 5766 6040
f 6042 5766 6043
f 6043 6040 5764
f 5767 6043 5764
f 6044 6043 5767
f 5767 5768 6044
f 6044 5768 6045
f 6047 6046 5770
f 5770 6046 5769
f 5770 5765 6041
f 5770 6041 6047
f 6048 6045 5768
f 6048 5768 5771
f 6050 6049 5773
f 6049 5771 5773
f 6049 6048 5771
f 6050 6051 6049
f 6054 6053 6052
f 6052 6055 6054
f 6046 5776 5769
f 6056 5776 6046
f 5777 6050 5773
f 6057 6051 6050
f 5777 6057 6050
f 5778 6057 5777
f 6058 5778 5779
f 6058 6057 5778
f 5780 6052 6053
f 6058 5780 6053
f 5779 5780 6058
f 5780 5782 6052
f 5782 6055 6052
f 5782 6059 6055
f 6056 5784 5776
f 6060 5784 6056
f 6061 6059 5782
f 6061 5782 5785
f 6062 5785 5786
f 6062 6061 5785
f 5786 5787 6062
f 6062 5787 6063
f 6064 5789 5790
f 6065 6064 5790
f 5784 6065 5790
f 6060 6065 5784
f 6068 6067 6066
f 6069 6066 6067
f 6072 6071 6070
f 6071 6063 6070
f 6063 5791 6070
f 6063 5787 5791
f 6073 5794 5795
f 5796 6074 5795
f 5795 6074 6073
f 5797 6075 5796
f 5796 6075 6074
f 5789 6064 5797
f 6064 6075 5797
f 6064 6076 6075
f 6064 6065 6077
f 6078 6064 6077
f 6076 6064 6078
f 6079 6078 6077
f 6082 6081 6080
f 6080 6081 6068
f 6066 6080 6068
f 6083 6080 6066
f 6066 6069 6084
f 6085 6066 6084
f 6083 6066 6085
f 6087 6086 6085
f 6087 6085 6084
f 6088 6086 6087
f 6091 6090 6089
f 6089 6090 6072
f 6089 6072 6070
f 5799 6089 6070
f 5798 5799 6070
f 5798 6070 5791
f 6092 5801 5802
f 5794 6073 5802
f 6073 6092 5802
f 6073 6093 6092
f 6094 6073 6074
f 6093 6073 6094
f 6095 6074 6075
f 6094 6074 6095
f 6096 6075 6076
f 6095 6075 6096
f 6097 6076 6078
f 6096 6076 6097
f 6078 6079 6098
f 6099 6078 6098
f 6097 6078 6099
f 6099 6098 6082
f 6080 6099 6082
f 6100 6099 6080
f 5805 6100 5804
f 6100 6083 5804
f 6100 6080 6083
f 5804 6083 5807
f 5807 6083 6085
f 5807 6085 5808
f 6085 6101 5808
f 6085 6086 6101
f 6086 6088 6102
f 6103 6086 6102
f 6101 6086 6103
f 6104 6103 6102
f 6091 6089 6105
f 6091 6105 6106
f 5809 6105 5799
f 5799 6105 6089
f 6107 5811 5812
f 5801 6092 5812
f 6092 6107 5812
f 6092 6108 6107
f 6109 6092 6093
f 6108 6092 6109
f 6110 6093 6094
f 6109 6093 6110
f 5815 6110 5814
f 6110 6095 5814
f 6110 6094 6095
f 5814 6095 5817
f 5817 6095 6096
f 5817 6096 5819
f 5819 6096 6097
f 5819 6097 5821
f 5821 6097 6099
f 5821 6099 5823
f 5823 6099 6100
f 5823 6100 5805
f 6101 5825 5808
f 5825 6101 5826
f 6101 6111 5826
f 6101 6103 6111
f 6103 6104 6112
f 6113 6103 6112
f 6111 6103 6113
f 6115 6114 6113
f 6115 6113 6112
f 6114 6115 6106
f 6114 6106 6105
f 5829 6114 6105
f 5828 5829 6105
f 5828 6105 5809
f 6117 6116 5832
f 5832 6116 5831
f 6117 5832 5811
f 6118 6117 5811
f 6107 6118 5811
f 6117 6118 6119
f 6120 6107 6108
f 6118 6107 6120
f 6121 6108 6109
f 6120 6108 6121
f 5835 6121 5834
f 6121 6110 5834
f 6121 6109 6110
f 5834 6110 5815
f 6111 5838 5826
f 5838 6111 5840
f 5840 6111 6113
f 5840 6113 5841
f 5841 6113 6114
f 5841 6114 5829
f 6123 5843 6122
f 5843 6116 6122
f 5843 5831 6116
f 6123 6122 6119
f 6118 6123 6119
f 6124 6123 6118
f 6125 6118 6120
f 6124 6118 6125
f 5846 6125 5845
f 6125 6121 5845
f 6125 6120 6121
f 5845 6121 5835
f 6126 5847 5848
f 5843 6123 5848
f 6123 6126 5848
f 6123 6127 6126
f 6128 6123 6124
f 6127 6123 6128
f 5851 6128 5850
f 6128 6125 5850
f 6128 6124 6125
f 5850 6125 5846
f 6129 5852 6126
f 6126 5852 5847
f 5855 6129 5854
f 6129 6127 5854
f 6129 6126 6127
f 5854 6127 5857
f 5857 6127 6128
f 5857 6128 5851
f 6129 5858 5852
f 5858 6129 5855
f 6132 6131 6130
f 6134 6133 6130
f 6130 6133 6132
f 6136 6135 6134
f 6134 6135 6133
f 6136 6137 6135
f 6130 6131 6138
f 6138 6131 6139
f 6130 6140 6134
f 6130 6138 6140
f 6140 5862 5863
f 6136 6140 5863
f 6134 6140 6136
f 5863 5864 6136
f 5864 6137 6136
f 5864 6141 6137
f 6143 6142 6139
f 6142 5866 6139
f 5867 6138 6139
f 5867 6139 5866
f 5868 6144 5867
f 5868 6142 6144
f 6142 5868 6145
f 6140 6145 5868
f 6145 6140 6143
f 6144 6143 6140
f 6140 6138 6144
f 6144 6138 5867
f 6142 6143 6144
f 6140 5868 5862
f 5871 6141 5864
f 5871 6146 6141
f 6142 5872 5866
f 5874 5872 6142
f 6145 5874 6142
f 6147 5874 6145
f 5876 6146 5871
f 5876 6148 6146
f 6147 5878 5874
f 6149 5878 6147
f 6152 6151 6150
f 6151 6148 6150
f 6148 5880 6150
f 6148 5876 5880
f 5881 5878 6153
f 5878 6154 6153
f 5878 6149 6154
f 5881 6155 5882
f 5881 6150 6155
f 6150 5881 6152
f 6153 6152 5881
f 6152 6153 6156
f 6155 6156 6153
f 6153 6157 6155
f 6155 6157 5882
f 6150 6156 6155
f 6156 6150 6158
f 6150 5880 6158
f 5882 6157 6158
f 5882 6158 5880
f 6153 6154 5885
f 6154 5884 5885
f 6154 6159 5884
f 6153 5885 5886
f 6160 6153 5886
f 6157 6153 6160
f 6158 6162 6161
f 6162 6158 5889
f 6157 5889 6158
f 5889 6157 5888
f 6160 5888 6157
f 5890 6162 5889
f 6159 5891 5884
f 6163 5891 6159
f 5892 6160 5886
f 6162 6164 6161
f 5888 6160 5892
f 6166 6164 6165
f 6165 6164 5894
f 6164 6162 5894
f 6162 5890 5894
f 5896 6165 5894
f 6163 5897 5891
f 6167 5897 6163
f 6168 6166 6165
f 6165 5896 6168
f 5896 6169 6168
f 5896 5900 6169
f 6167 5901 5897
f 6170 5901 6167
f 5904 6169 5900
f 5904 6171 6169
f 6170 5906 5901
f 6172 5906 6170
f 5909 6173 5908
f 6171 5904 6174
f 5904 6173 6174
f 6173 6175 6174
f 5904 5908 6173
f 6175 6176 6174
f 5910 5906 6177
f 5906 6178 6177
f 5906 6172 6178
f 6177 5912 5910
f 5913 6179 6173
f 5913 6173 5909
f 6173 6180 6175
f 6173 6179 6180
f 6176 6175 6181
f 6181 6175 6180
f 6178 6182 6177
f 5912 6177 6182
f 6183 5912 6182
f 5915 5912 6183
f 6185 6184 6179
f 5913 6185 6179
f 5917 6185 5913
f 6187 6186 6184
f 6186 6179 6184
f 6186 6180 6179
f 6181 6180 6188
f 6188 6180 6186
f 6183 5919 5915
f 6189 5919 6183
f 5921 6191 6190
f 6185 5921 6190
f 5917 5921 6185
f 6193 6192 6191
f 6192 6186 6191
f 6187 6190 6191
f 6187 6191 6186
f 6186 6192 6188
f 6189 5922 5919
f 6194 5922 6189
f 5923 6191 5921
f 5923 5925 6191
f 5925 6193 6191
f 5925 6195 6193
f 6194 5926 5922
f 6196 5926 6194
f 5927 6195 5925
f 5927 6197 6195
f 6200 6199 6198
f 5928 5929 6198
f 5929 6200 6198
f 5929 6201 6200
f 6202 5929 5930
f 6202 6201 5929
f 5930 5931 6202
f 6202 5931 6203
f 6196 5932 5926
f 6204 5932 6196
f 5933 6197 5927
f 5933 6205 6197
f 6206 5935 5936
f 6206 5936 6207
f 5936 6208 6207
f 5936 5937 6208
f 6209 5937 5938
f 6209 6208 5937
f 6210 5938 5939
f 6210 6209 5938
f 5939 5941 6210
f 6210 5941 6211
f 6212 5943 5944
f 6212 5944 6213
f 5944 6214 6213
f 5944 5945 6214
f 5947 6198 6199
f 6214 5947 6199
f 5945 5947 6214
f 6198 5947 5928
f 5948 6203 5931
f 5948 6215 6203
f 6204 5950 5932
f 6216 5950 6204
f 5951 6205 5933
f 5951 6217 6205
f 6219 6218 5955
f 5955 6218 5954
f 5955 5935 6206
f 6220 5955 6206
f 6219 5955 6220
f 6220 6206 6207
f 6221 6211 5941
f 6221 5941 5956
f 5956 5943 6212
f 6222 5956 6212
f 6221 5956 6222
f 6222 6212 6213
f 6223 6215 5948
f 6223 5948 5957
f 5957 5959 6223
f 6223 5959 6224
f 5960 5950 6225
f 5950 6226 6225
f 5950 6216 6226
f 6225 5961 5960
f 6227 6217 5951
f 6227 5951 5962
f 5962 5963 6227
f 6227 5963 6228
f 6229 5966 5967
f 5969 6229 5967
f 6230 5970 5971
f 6231 6230 5971
f 5954 6231 5971
f 6218 6231 5954
f 6233 6232 5972
f 6233 5972 5973
f 5959 5972 6224
f 6224 5972 6232
f 6225 6226 6234
f 6234 6226 6235
f 6234 5974 5961
f 6234 5961 6225
f 5975 6228 5963
f 5975 6236 6228
f 6238 6237 5976
f 5976 6237 5977
f 6238 5976 5966
f 6239 6238 5966
f 6229 6239 5966
f 6238 6239 6240
f 6239 6229 5969
f 6241 6239 5969
f 5978 6241 5969
f 6242 6239 6241
f 5978 5970 6241
f 6230 6241 5970
f 6241 6230 6243
f 5981 6243 6230
f 6243 5981 5979
f 6231 6244 6230
f 6244 5981 6230
f 6244 5983 5981
f 5983 6245 5985
f 6244 6245 5983
f 5986 5985 6245
f 5986 6245 6246
f 5988 6247 5987
f 6247 6248 5987
f 6248 5973 5987
f 6248 6233 5973
f 6235 6249 6234
f 5974 6234 6249
f 6250 5974 6249
f 5989 5974 6250
f 5990 6236 5975
f 5990 6251 6236
f 6253 5992 6252
f 5992 6237 6252
f 5992 5977 6237
f 6240 6239 6254
f 6252 6255 6253
f 6254 6239 6242
f 5994 6243 5979
f 5994 6256 6243
f 6246 6257 5986
f 5986 6257 5995
f 5996 5995 6257
f 5996 6257 6258
f 6260 6259 6247
f 5988 6260 6247
f 5999 6260 5988
f 6247 6259 6248
f 6250 6000 5989
f 6261 6000 6250
f 6001 6251 5990
f 6001 6262 6251
f 6253 6002 5992
f 6255 6263 6253
f 6263 6002 6253
f 6263 6003 6002
f 6003 6264 6006
f 6263 6264 6003
f 5994 6006 6256
f 6256 6006 6264
f 6007 5996 6265
f 5996 6266 6265
f 5996 6258 6266
f 6265 6008 6007
f 6011 6260 5999
f 6011 6267 6260
f 6012 6000 6268
f 6000 6269 6268
f 6000 6261 6269
f 6268 6013 6012
f 6272 6271 6270
f 6271 6262 6270
f 6262 6015 6270
f 6262 6001 6015
f 6265 6266 6273
f 6273 6266 6274
f 6273 6016 6008
f 6273 6008 6265
f 6018 6267 6011
f 6018 6275 6267
f 6269 6276 6268
f 6268 6276 6013
f 6276 6019 6013
f 6276 6277 6019
f 6270 6020 6272
f 6020 6277 6272
f 6020 6019 6277
f 6020 6270 6015
f 6273 6274 6023
f 6274 6022 6023
f 6274 6278 6022
f 6273 6023 6016
f 6280 6279 6024
f 6280 6024 6025
f 6018 6024 6275
f 6275 6024 6279
f 6281 6027 6028
f 6282 6281 6028
f 6022 6282 6028
f 6278 6282 6022
f 6284 6283 6029
f 6284 6029 6030
f 6025 6029 6280
f 6280 6029 6283
f 6285 6032 6281
f 6281 6032 6027
f 6281 6282 6286
f 6281 6286 6285
f 6034 6287 6033
f 6288 6035 6033
f 6288 6033 6287
f 6288 6289 6035
f 6289 6030 6035
f 6289 6284 6030
f 6285 6036 6032
f 6037 6036 6285
f 6290 6037 6285
f 6286 6290 6285
f 6291 6037 6290
f 6292 6038 6037
f 6292 6037 6291
f 6038 6292 6293
f 6294 6038 6293
f 6039 6038 6294
f 6034 6039 6287
f 6039 6295 6287
f 6039 6294 6295
f 6287 6295 6288
f 6288 6295 6296
f 6288 6296 6289
f 6290 6297 6291
f 6291 6297 6292
f 6292 6297 6298
f 6292 6298 6293
f 6299 6041 6042
f 6043 6300 6042
f 6042 6300 6299
f 6044 6301 6043
f 6043 6301 6300
f 6045 6301 6044
f 6302 6046 6047
f 6303 6302 6047
f 6303 6047 6041
f 6304 6303 6041
f 6299 6304 6041
f 6304 6299 6300
f 6304 6300 6305
f 6305 6300 6301
f 6305 6301 6306
f 6306 6301 6045
f 6048 6306 6045
f 6307 6306 6048
f 6308 6048 6049
f 6308 6307 6048
f 6049 6051 6308
f 6308 6051 6309
f 6311 6310 6054
f 6054 6310 6053
f 6054 6055 6311
f 6311 6055 6312
f 6313 6056 6302
f 6302 6056 6046
f 6302 6303 6314
f 6302 6314 6313
f 6315 6309 6051
f 6315 6051 6057
f 6316 6057 6058
f 6316 6315 6057
f 6058 6053 6310
f 6058 6310 6316
f 6059 6312 6055
f 6059 6317 6312
f 6318 6060 6313
f 6313 6060 6056
f 6313 6314 6319
f 6313 6319 6318
f 6320 6317 6059
f 6320 6059 6061
f 6321 6061 6062
f 6321 6320 6061
f 6062 6063 6321
f 6321 6063 6322
f 6323 6065 6318
f 6318 6065 6060
f 6318 6319 6324
f 6318 6324 6323
f 6326 6325 6067
f 6326 6067 6068
f 6328 6327 6069
f 6067 6328 6069
f 6325 6328 6067
f 6329 6327 6328
f 6332 6331 6330
f 6071 6072 6330
f 6331 6071 6330
f 6333 6071 6331
f 6063 6071 6322
f 6322 6071 6333
f 6323 6077 6065
f 6335 6334 6079
f 6335 6079 6077
f 6324 6335 6077
f 6323 6324 6077
f 6081 6082 6334
f 6335 6081 6334
f 6336 6081 6335
f 6068 6081 6326
f 6326 6081 6336
f 6327 6084 6069
f 6329 6337 6327
f 6337 6084 6327
f 6337 6087 6084
f 6088 6087 6337
f 6088 6337 6338
f 6332 6330 6090
f 6091 6332 6090
f 6339 6332 6091
f 6090 6330 6072
f 6334 6098 6079
f 6098 6334 6082
f 6338 6340 6088
f 6088 6340 6102
f 6342 6341 6104
f 6102 6342 6104
f 6340 6342 6102
f 6344 6343 6341
f 6344 6341 6342
f 6344 6339 6343
f 6339 6106 6343
f 6339 6091 6106
f 6341 6112 6104
f 6112 6341 6115
f 6115 6341 6343
f 6115 6343 6106
f 6345 6116 6117
f 6119 6345 6117
f 6345 6122 6116
f 6122 6345 6119
f 6348 6347 6346
f 6346 6349 6348
f 6347 6350 6346
f 6346 6350 6349
f 6353 6352 6351
f 6351 6354 6353
f 6352 6355 6351
f 6351 6355 6354
f 6358 6357 6356
f 6360 6359 6356
f 6356 6359 6358
f 6360 6361 6359
f 6356 6357 6132
f 6357 6131 6132
f 6357 6362 6131
f 6356 6132 6133
f 6356 6133 6360
f 6133 6135 6360
f 6135 6363 6360
f 6363 6361 6360
f 6135 6364 6363
f 6137 6364 6135
f 6366 6139 6365
f 6139 6362 6365
f 6139 6131 6362
f 6367 6366 6365
f 6368 6363 6364
f 6364 6137 6368
f 6137 6369 6368
f 6137 6141 6369
f 6366 6143 6139
f 6145 6143 6366
f 6367 6145 6366
f 6370 6145 6367
f 6146 6369 6141
f 6146 6371 6369
f 6370 6147 6145
f 6372 6147 6370
f 6375 6374 6373
f 6374 6371 6373
f 6371 6148 6373
f 6371 6146 6148
f 6372 6149 6147
f 6376 6149 6372
f 6375 6373 6151
f 6152 6375 6151
f 6377 6375 6152
f 6151 6373 6148
f 6376 6154 6149
f 6378 6154 6376
f 6379 6377 6152
f 6379 6152 6156
f 6156 6158 6379
f 6379 6158 6380
f 6378 6159 6154
f 6381 6159 6378
f 6161 6380 6158
f 6161 6382 6380
f 6381 6163 6159
f 6383 6163 6381
f 6161 6164 6384
f 6385 6161 6384
f 6382 6161 6385
f 6166 6384 6164
f 6383 6167 6163
f 6386 6167 6383
f 6387 6385 6384
f 6389 6387 6388
f 6388 6387 6168
f 6387 6384 6168
f 6384 6166 6168
f 6169 6388 6168
f 6386 6170 6167
f 6390 6170 6386
f 6389 6388 6391
f 6389 6391 6392
f 6171 6391 6169
f 6169 6391 6388
f 6390 6172 6170
f 6393 6172 6390
f 6394 6392 6391
f 6396 6394 6395
f 6395 6394 6174
f 6394 6391 6174
f 6391 6171 6174
f 6176 6395 6174
f 6398 6178 6397
f 6178 6393 6397
f 6178 6172 6393
f 6399 6398 6397
f 6400 6396 6395
f 6395 6176 6400
f 6176 6401 6400
f 6176 6181 6401
f 6398 6182 6178
f 6183 6182 6398
f 6399 6183 6398
f 6402 6183 6399
f 6185 6403 6184
f 6403 6187 6184
f 6188 6405 6404
f 6401 6188 6404
f 6181 6188 6401
f 6405 6406 6404
f 6402 6189 6183
f 6407 6189 6402
f 6190 6403 6185
f 6187 6403 6190
f 6192 6193 6408
f 6405 6188 6192
f 6408 6405 6192
f 6409 6405 6408
f 6406 6405 6410
f 6410 6405 6409
f 6407 6194 6189
f 6411 6194 6407
f 6195 6412 6408
f 6195 6408 6193
f 6408 6413 6409
f 6408 6412 6413
f 6410 6409 6414
f 6414 6409 6413
f 6411 6196 6194
f 6415 6196 6411
f 6417 6416 6412
f 6195 6417 6412
f 6197 6417 6195
f 6412 6416 6413
f 6413 6416 6418
f 6413 6418 6414
f 6419 6199 6200
f 6419 6200 6420
f 6200 6421 6420
f 6200 6201 6421
f 6423 6421 6422
f 6421 6202 6422
f 6421 6201 6202
f 6203 6422 6202
f 6425 6204 6424
f 6204 6415 6424
f 6204 6196 6415
f 6426 6425 6424
f 6205 6417 6197
f 6205 6427 6417
f 6429 6428 6208
f 6208 6428 6207
f 6430 6208 6209
f 6430 6429 6208
f 6431 6209 6210
f 6431 6430 6209
f 6210 6211 6431
f 6431 6211 6432
f 6433 6213 6214
f 6434 6433 6214
f 6434 6214 6199
f 6435 6434 6199
f 6419 6435 6199
f 6435 6419 6420
f 6436 6423 6422
f 6422 6203 6436
f 6203 6437 6436
f 6203 6215 6437
f 6438 6216 6425
f 6425 6216 6204
f 6425 6426 6439
f 6425 6439 6438
f 6217 6427 6205
f 6217 6440 6427
f 6441 6218 6219
f 6441 6219 6442
f 6219 6443 6442
f 6219 6220 6443
f 6220 6207 6428
f 6220 6428 6443
f 6444 6432 6211
f 6444 6211 6221
f 6445 6221 6222
f 6445 6444 6221
f 6222 6213 6433
f 6446 6222 6433
f 6445 6222 6446
f 6446 6433 6434
f 6447 6437 6215
f 6447 6215 6223
f 6223 6224 6447
f 6447 6224 6448
f 6449 6226 6438
f 6438 6226 6216
f 6438 6439 6450
f 6438 6450 6449
f 6217 6227 6451
f 6452 6217 6451
f 6440 6217 6452
f 6228 6451 6227
f 6454 6453 6441
f 6453 6218 6441
f 6453 6231 6218
f 6454 6441 6442
f 6456 6455 6232
f 6456 6232 6233
f 6224 6232 6448
f 6448 6232 6455
f 6457 6235 6449
f 6449 6235 6226
f 6449 6450 6458
f 6449 6458 6457
f 6459 6452 6451
f 6451 6228 6459
f 6228 6460 6459
f 6228 6236 6460
f 6461 6237 6238
f 6240 6461 6238
f 6462 6242 6241
f 6243 6462 6241
f 6453 6463 6231
f 6231 6463 6244
f 6244 6464 6245
f 6463 6464 6244
f 6246 6245 6464
f 6246 6464 6465
f 6248 6456 6233
f 6248 6466 6456
f 6457 6249 6235
f 6250 6249 6457
f 6458 6250 6457
f 6467 6250 6458
f 6251 6460 6236
f 6251 6468 6460
f 6461 6252 6237
f 6255 6252 6469
f 6252 6461 6469
f 6240 6254 6469
f 6240 6469 6461
f 6242 6462 6254
f 6462 6469 6254
f 6462 6470 6469
f 6256 6470 6243
f 6243 6470 6462
f 6257 6246 6471
f 6246 6472 6471
f 6246 6465 6472
f 6471 6258 6257
f 6474 6473 6259
f 6474 6259 6260
f 6248 6259 6466
f 6466 6259 6473
f 6467 6261 6250
f 6475 6261 6467
f 6478 6477 6476
f 6477 6468 6476
f 6468 6262 6476
f 6468 6251 6262
f 6469 6263 6255
f 6263 6469 6264
f 6264 6469 6470
f 6264 6470 6256
f 6472 6479 6471
f 6258 6471 6479
f 6480 6258 6479
f 6266 6258 6480
f 6267 6474 6260
f 6267 6481 6474
f 6483 6269 6482
f 6269 6475 6482
f 6269 6261 6475
f 6485 6484 6483
f 6485 6483 6482
f 6484 6485 6478
f 6484 6478 6476
f 6272 6484 6476
f 6271 6272 6476
f 6271 6476 6262
f 6480 6274 6266
f 6486 6274 6480
f 6275 6481 6267
f 6275 6487 6481
f 6483 6276 6269
f 6276 6483 6277
f 6277 6483 6484
f 6277 6484 6272
f 6486 6278 6274
f 6488 6278 6486
f 6491 6490 6489
f 6279 6280 6489
f 6490 6279 6489
f 6492 6279 6490
f 6275 6279 6487
f 6487 6279 6492
f 6488 6282 6278
f 6493 6282 6488
f 6491 6489 6283
f 6284 6491 6283
f 6494 6491 6284
f 6283 6489 6280
f 6496 6286 6495
f 6286 6493 6495
f 6286 6282 6493
f 6497 6496 6495
f 6289 6494 6284
f 6289 6498 6494
f 6499 6290 6496
f 6496 6290 6286
f 6496 6497 6500
f 6501 6496 6500
f 6499 6496 6501
f 6294 6293 6501
f 6500 6294 6501
f 6502 6294 6500
f 6294 6503 6295
f 6502 6503 6294
f 6503 6505 6504
f 6296 6503 6504
f 6295 6503 6296
f 6504 6506 6296
f 6506 6289 6296
f 6506 6498 6289
f 6499 6297 6290
f 6297 6499 6298
f 6298 6499 6501
f 6298 6501 6293
f 6505 6507 6504
f 6504 6507 6506
f 6508 6303 6304
f 6508 6304 6509
f 6304 6510 6509
f 6304 6305 6510
f 6511 6305 6306
f 6511 6510 6305
f 6512 6306 6307
f 6512 6511 6306
f 6513 6307 6308
f 6513 6512 6307
f 6515 6514 6309
f 6514 6308 6309
f 6514 6513 6308
f 6517 6516 6515
f 6515 6516 6514
f 6310 6311 6517
f 6311 6516 6517
f 6311 6518 6516
f 6311 6312 6518
f 6518 6312 6519
f 6520 6314 6508
f 6508 6314 6303
f 6508 6509 6521
f 6508 6521 6520
f 6315 6515 6309
f 6515 6315 6316
f 6515 6316 6517
f 6517 6316 6310
f 6317 6519 6312
f 6317 6522 6519
f 6523 6319 6520
f 6520 6319 6314
f 6520 6521 6524
f 6525 6520 6524
f 6523 6520 6525
f 6527 6526 6525
f 6527 6525 6524
f 6529 6528 6526
f 6529 6526 6527
f 6531 6530 6528
f 6531 6528 6529
f 6532 6530 6531
f 6533 6522 6317
f 6533 6317 6320
f 6535 6533 6534
f 6533 6321 6534
f 6533 6320 6321
f 6322 6534 6321
f 6536 6324 6523
f 6523 6324 6319
f 6537 6523 6525
f 6536 6523 6537
f 6326 6537 6325
f 6537 6526 6325
f 6537 6525 6526
f 6325 6526 6328
f 6328 6526 6528
f 6328 6528 6329
f 6528 6538 6329
f 6528 6530 6538
f 6530 6532 6539
f 6530 6539 6538
f 6541 6540 6331
f 6541 6331 6332
f 6534 6333 6535
f 6333 6540 6535
f 6333 6331 6540
f 6333 6534 6322
f 6536 6335 6324
f 6335 6536 6336
f 6336 6536 6537
f 6336 6537 6326
f 6538 6337 6329
f 6543 6542 6338
f 6543 6338 6337
f 6539 6543 6337
f 6538 6539 6337
f 6545 6544 6542
f 6545 6542 6543
f 6547 6546 6544
f 6547 6544 6545
f 6547 6541 6546
f 6541 6339 6546
f 6541 6332 6339
f 6542 6340 6338
f 6340 6542 6342
f 6342 6542 6544
f 6342 6544 6344
f 6344 6544 6546
f 6344 6546 6339
f 6549 6548 6348
f 6348 6548 6347
f 6348 6349 6549
f 6549 6349 6550
f 6350 6347 6551
f 6347 6552 6551
f 6347 6548 6552
f 6551 6553 6350
f 6553 6349 6350
f 6553 6550 6349
f 6554 6352 6353
f 6354 6554 6353
f 6552 6555 6551
f 6555 6556 6551
f 6556 6557 6551
f 6558 6553 6551
f 6558 6551 6557
f 6557 6559 6558
f 6562 6561 6560
f 6560 6563 6562
f 6554 6355 6352
f 6355 6554 6354
f 6556 6564 6557
f 6557 6564 6559
f 6560 6561 6565
f 6565 6561 6566
f 6563 6560 6567
f 6567 6560 6565
f 6568 6357 6358
f 6566 6569 6565
f 6569 6358 6565
f 6358 6359 6565
f 6358 6569 6568
f 6359 6361 6565
f 6361 6567 6565
f 6361 6570 6567
f 6571 6362 6568
f 6568 6362 6357
f 6568 6569 6572
f 6568 6572 6571
f 6363 6570 6361
f 6363 6573 6570
f 6571 6365 6362
f 6367 6365 6571
f 6572 6367 6571
f 6574 6367 6572
f 6363 6368 6575
f 6576 6363 6575
f 6573 6363 6576
f 6369 6575 6368
f 6574 6370 6367
f 6577 6370 6574
f 6576 6575 6578
f 6576 6578 6579
f 6371 6578 6369
f 6369 6578 6575
f 6581 6372 6580
f 6372 6577 6580
f 6372 6370 6577
f 6581 6580 6579
f 6581 6579 6578
f 6375 6581 6578
f 6374 6375 6578
f 6374 6578 6371
f 6582 6376 6581
f 6581 6376 6372
f 6377 6582 6375
f 6375 6582 6581
f 6583 6378 6582
f 6582 6378 6376
f 6379 6584 6377
f 6584 6582 6377
f 6584 6583 6582
f 6380 6584 6379
f 6585 6381 6583
f 6583 6381 6378
f 6586 6583 6584
f 6585 6583 6586
f 6382 6586 6380
f 6380 6586 6584
f 6588 6587 6585
f 6587 6381 6585
f 6587 6383 6381
f 6588 6585 6586
f 6588 6586 6589
f 6586 6382 6589
f 6382 6590 6589
f 6382 6385 6590
f 6587 6386 6383
f 6591 6386 6587
f 6385 6387 6592
f 6593 6385 6592
f 6590 6385 6593
f 6389 6592 6387
f 6591 6390 6386
f 6594 6390 6591
f 6593 6592 6595
f 6593 6595 6596
f 6392 6595 6389
f 6389 6595 6592
f 6598 6393 6597
f 6393 6594 6597
f 6393 6390 6594
f 6599 6598 6597
f 6596 6595 6600
f 6596 6600 6601
f 6394 6602 6392
f 6602 6595 6392
f 6602 6600 6595
f 6396 6602 6394
f 6598 6397 6393
f 6604 6603 6399
f 6604 6399 6397
f 6599 6604 6397
f 6598 6599 6397
f 6601 6600 6605
f 6604 6606 6603
f 6608 6607 6605
f 6600 6608 6605
f 6602 6608 6600
f 6400 6609 6396
f 6609 6602 6396
f 6609 6608 6602
f 6401 6609 6400
f 6610 6402 6603
f 6603 6402 6399
f 6603 6606 6611
f 6603 6611 6610
f 6612 6607 6608
f 6612 6608 6609
f 6612 6609 6613
f 6613 6609 6401
f 6404 6613 6401
f 6614 6613 6404
f 6404 6406 6614
f 6614 6406 6615
f 6617 6616 6610
f 6616 6402 6610
f 6616 6407 6402
f 6617 6610 6611
f 6410 6615 6406
f 6410 6618 6615
f 6616 6411 6407
f 6619 6411 6616
f 6414 6618 6410
f 6414 6620 6618
f 6619 6415 6411
f 6621 6415 6619
f 6623 6622 6416
f 6623 6416 6417
f 6416 6624 6418
f 6622 6624 6416
f 6414 6418 6620
f 6620 6418 6624
f 6625 6420 6421
f 6423 6625 6421
f 6621 6626 6415
f 6415 6626 6424
f 6426 6424 6626
f 6426 6626 6627
f 6427 6623 6417
f 6427 6628 6623
f 6629 6428 6429
f 6430 6630 6429
f 6429 6630 6629
f 6431 6631 6430
f 6430 6631 6630
f 6432 6631 6431
f 6632 6434 6435
f 6420 6625 6435
f 6625 6632 6435
f 6625 6633 6632
f 6436 6634 6423
f 6634 6625 6423
f 6634 6633 6625
f 6437 6634 6436
f 6627 6439 6426
f 6635 6439 6627
f 6440 6628 6427
f 6440 6636 6628
f 6639 6638 6637
f 6442 6443 6637
f 6443 6639 6637
f 6443 6640 6639
f 6443 6428 6629
f 6641 6443 6629
f 6640 6443 6641
f 6641 6629 6630
f 6641 6630 6642
f 6642 6630 6631
f 6642 6631 6643
f 6643 6631 6432
f 6444 6643 6432
f 6644 6643 6444
f 6646 6644 6645
f 6644 6445 6645
f 6644 6444 6445
f 6446 6647 6445
f 6445 6647 6645
f 6648 6647 6446
f 6648 6446 6434
f 6649 6648 6434
f 6632 6649 6434
f 6649 6632 6633
f 6649 6633 6650
f 6650 6633 6634
f 6650 6634 6651
f 6653 6651 6652
f 6652 6651 6447
f 6651 6634 6447
f 6634 6437 6447
f 6448 6652 6447
f 6635 6450 6439
f 6654 6450 6635
f 6452 6636 6440
f 6452 6655 6636
f 6637 6638 6454
f 6638 6453 6454
f 6638 6656 6453
f 6637 6454 6442
f 6657 6646 6645
f 6659 6658 6657
f 6645 6659 6657
f 6647 6659 6645
f 6647 6648 6660
f 6647 6660 6659
f 6653 6652 6455
f 6456 6653 6455
f 6661 6653 6456
f 6455 6652 6448
f 6663 6458 6662
f 6458 6654 6662
f 6458 6450 6654
f 6664 6663 6662
f 6665 6655 6452
f 6665 6452 6459
f 6459 6460 6665
f 6665 6460 6666
f 6463 6453 6667
f 6453 6668 6667
f 6453 6656 6668
f 6669 6464 6463
f 6669 6463 6667
f 6669 6465 6464
f 6670 6658 6659
f 6670 6659 6660
f 6673 6672 6671
f 6672 6661 6671
f 6661 6466 6671
f 6661 6456 6466
f 6674 6467 6663
f 6663 6467 6458
f 6663 6664 6675
f 6663 6675 6674
f 6468 6666 6460
f 6468 6676 6666
f 6667 6668 6677
f 6677 6668 6678
f 6667 6679 6669
f 6667 6677 6679
f 6679 6472 6465
f 6679 6465 6669
f 6682 6681 6680
f 6680 6681 6673
f 6680 6673 6671
f 6474 6680 6671
f 6473 6474 6671
f 6473 6671 6466
f 6683 6475 6674
f 6674 6475 6467
f 6674 6675 6684
f 6685 6674 6684
f 6683 6674 6685
f 6477 6478 6685
f 6684 6477 6685
f 6686 6477 6684
f 6468 6477 6676
f 6676 6477 6686
f 6678 6687 6677
f 6677 6687 6679
f 6679 6687 6688
f 6679 6688 6472
f 6688 6479 6472
f 6688 6689 6479
f 6480 6479 6689
f 6480 6689 6690
f 6693 6692 6691
f 6691 6692 6682
f 6680 6691 6682
f 6694 6691 6680
f 6481 6694 6474
f 6474 6694 6680
f 6683 6482 6475
f 6482 6683 6485
f 6485 6683 6685
f 6485 6685 6478
f 6690 6486 6480
f 6695 6486 6690
f 6696 6693 6691
f 6698 6697 6696
f 6691 6698 6696
f 6694 6698 6691
f 6487 6698 6481
f 6481 6698 6694
f 6695 6488 6486
f 6699 6488 6695
f 6701 6700 6490
f 6701 6490 6491
f 6698 6492 6697
f 6492 6700 6697
f 6492 6490 6700
f 6492 6698 6487
f 6699 6493 6488
f 6702 6493 6699
f 6494 6701 6491
f 6494 6703 6701
f 6702 6704 6493
f 6493 6704 6495
f 6497 6495 6704
f 6497 6704 6705
f 6498 6703 6494
f 6498 6706 6703
f 6705 6707 6497
f 6497 6707 6500
f 6500 6708 6502
f 6707 6708 6500
f 6502 6709 6503
f 6708 6709 6502
f 6505 6503 6709
f 6505 6709 6710
f 6506 6706 6498
f 6506 6711 6706
f 6710 6712 6505
f 6505 6712 6507
f 6506 6507 6711
f 6711 6507 6712
f 6713 6509 6510
f 6713 6510 6714
f 6510 6715 6714
f 6510 6511 6715
f 6716 6511 6512
f 6716 6715 6511
f 6718 6716 6717
f 6716 6513 6717
f 6716 6512 6513
f 6514 6719 6513
f 6513 6719 6717
f 6719 6514 6720
f 6514 6721 6720
f 6514 6516 6721
f 6722 6516 6518
f 6722 6721 6516
f 6518 6519 6722
f 6722 6519 6723
f 6724 6521 6713
f 6713 6521 6509
f 6713 6714 6725
f 6713 6725 6724
f 6728 6727 6726
f 6726 6727 6718
f 6717 6726 6718
f 6729 6726 6717
f 6719 6731 6730
f 6729 6719 6730
f 6717 6719 6729
f 6731 6719 6720
f 6522 6723 6519
f 6522 6732 6723
f 6724 6524 6521
f 6725 6733 6724
f 6733 6524 6724
f 6733 6527 6524
f 6726 6529 6728
f 6529 6733 6728
f 6529 6527 6733
f 6529 6726 6531
f 6531 6726 6729
f 6532 6531 6729
f 6730 6532 6729
f 6734 6532 6730
f 6522 6533 6735
f 6736 6522 6735
f 6732 6522 6736
f 6535 6735 6533
f 6738 6539 6737
f 6539 6734 6737
f 6539 6532 6734
f 6739 6738 6737
f 6742 6741 6740
f 6740 6741 6736
f 6740 6736 6735
f 6541 6740 6735
f 6540 6541 6735
f 6540 6735 6535
f 6738 6543 6539
f 6739 6743 6738
f 6743 6543 6738
f 6743 6545 6543
f 6740 6547 6742
f 6547 6743 6742
f 6547 6545 6743
f 6547 6740 6541
f 6745 6744 6549
f 6549 6744 6548
f 6549 6550 6745
f 6745 6550 6746
f 6749 6748 6747
f 6744 6749 6747
f 6552 6744 6747
f 6548 6744 6552
f 6553 6746 6550
f 6553 6750 6746
f 6747 6748 6751
f 6751 6748 6752
f 6753 6555 6552
f 6747 6753 6552
f 6751 6753 6747
f 6755 6754 6558
f 6755 6556 6754
f 6556 6755 6753
f 6750 6753 6755
f 6753 6750 6555
f 6754 6555 6750
f 6750 6553 6754
f 6754 6553 6558
f 6556 6555 6754
f 6558 6559 6755
f 6755 6559 6756
f 6757 6561 6562
f 6563 6757 6562
f 6752 6758 6751
f 6751 6758 6753
f 6753 6758 6759
f 6753 6759 6556
f 6759 6564 6556
f 6759 6760 6564
f 6559 6564 6756
f 6756 6564 6760
f 6762 6761 6757
f 6761 6561 6757
f 6761 6566 6561
f 6757 6563 6762
f 6563 6763 6762
f 6563 6567 6763
f 6761 6569 6566
f 6764 6569 6761
f 6570 6763 6567
f 6570 6765 6763
f 6764 6572 6569
f 6766 6572 6764
f 6573 6765 6570
f 6573 6767 6765
f 6769 6574 6768
f 6574 6766 6768
f 6574 6572 6766
f 6768 6767 6769
f 6767 6576 6769
f 6767 6573 6576
f 6770 6577 6769
f 6769 6577 6574
f 6579 6770 6576
f 6576 6770 6769
f 6770 6580 6577
f 6580 6770 6579
f 6771 6587 6588
f 6589 6772 6588
f 6588 6772 6771
f 6590 6772 6589
f 6773 6591 6771
f 6771 6591 6587
f 6774 6771 6772
f 6773 6771 6774
f 6593 6774 6590
f 6590 6774 6772
f 6775 6594 6773
f 6773 6594 6591
f 6776 6773 6774
f 6775 6773 6776
f 6596 6776 6593
f 6593 6776 6774
f 6775 6597 6594
f 6597 6775 6599
f 6775 6777 6599
f 6775 6776 6777
f 6601 6777 6596
f 6596 6777 6776
f 6777 6604 6599
f 6606 6604 6778
f 6604 6777 6778
f 6601 6605 6778
f 6601 6778 6777
f 6607 6778 6605
f 6780 6779 6778
f 6779 6606 6778
f 6779 6611 6606
f 6780 6778 6607
f 6612 6780 6607
f 6781 6780 6612
f 6782 6612 6613
f 6782 6781 6612
f 6784 6782 6783
f 6782 6614 6783
f 6782 6613 6614
f 6615 6783 6614
f 6785 6616 6617
f 6786 6785 6617
f 6611 6786 6617
f 6779 6786 6611
f 6787 6784 6783
f 6783 6615 6787
f 6615 6788 6787
f 6615 6618 6788
f 6790 6789 6785
f 6789 6616 6785
f 6789 6619 6616
f 6790 6785 6786
f 6620 6788 6618
f 6620 6791 6788
f 6789 6621 6619
f 6792 6621 6789
f 6623 6793 6622
f 6622 6793 6794
f 6795 6622 6794
f 6624 6622 6795
f 6620 6624 6791
f 6791 6624 6795
f 6626 6621 6796
f 6621 6797 6796
f 6621 6792 6797
f 6796 6627 6626
f 6799 6798 6793
f 6623 6799 6793
f 6628 6799 6623
f 6793 6798 6794
f 6797 6800 6796
f 6635 6627 6796
f 6801 6635 6796
f 6800 6801 6796
f 6635 6801 6802
f 6803 6802 6801
f 6636 6799 6628
f 6636 6804 6799
f 6806 6805 6639
f 6639 6805 6638
f 6807 6639 6640
f 6807 6806 6639
f 6808 6640 6641
f 6808 6807 6640
f 6809 6641 6642
f 6809 6808 6641
f 6810 6642 6643
f 6810 6809 6642
f 6812 6810 6811
f 6810 6644 6811
f 6810 6643 6644
f 6646 6811 6644
f 6813 6648 6649
f 6650 6814 6649
f 6649 6814 6813
f 6651 6815 6650
f 6650 6815 6814
f 6653 6815 6651
f 6816 6654 6802
f 6802 6654 6635
f 6802 6803 6817
f 6818 6802 6817
f 6816 6802 6818
f 6817 6804 6818
f 6804 6655 6818
f 6804 6636 6655
f 6805 6656 6638
f 6819 6656 6805
f 6812 6811 6820
f 6812 6820 6821
f 6657 6822 6646
f 6822 6811 6646
f 6822 6820 6811
f 6658 6822 6657
f 6823 6660 6813
f 6813 6660 6648
f 6824 6813 6814
f 6823 6813 6824
f 6825 6814 6815
f 6824 6814 6825
f 6661 6825 6653
f 6653 6825 6815
f 6816 6662 6654
f 6662 6816 6664
f 6816 6826 6664
f 6816 6818 6826
f 6665 6827 6655
f 6827 6818 6655
f 6827 6826 6818
f 6666 6827 6665
f 6830 6829 6828
f 6828 6831 6830
f 6834 6833 6832
f 6836 6835 6832
f 6832 6835 6834
f 6819 6835 6836
f 6668 6819 6836
f 6656 6819 6668
f 6837 6821 6820
f 6837 6820 6822
f 6837 6822 6838
f 6840 6838 6839
f 6839 6838 6670
f 6838 6822 6670
f 6822 6658 6670
f 6660 6823 6670
f 6823 6839 6670
f 6823 6841 6839
f 6842 6823 6824
f 6841 6823 6842
f 6673 6842 6672
f 6842 6825 6672
f 6842 6824 6825
f 6672 6825 6661
f 6843 6675 6826
f 6826 6675 6664
f 6844 6826 6827
f 6843 6826 6844
f 6676 6844 6666
f 6666 6844 6827
f 6829 6845 6828
f 6845 6846 6828
f 6846 6847 6828
f 6848 6831 6828
f 6848 6828 6847
f 6848 6847 6833
f 6847 6832 6833
f 6847 6849 6832
f 6832 6850 6836
f 6832 6849 6850
f 6850 6678 6668
f 6850 6668 6836
f 6840 6839 6851
f 6840 6851 6852
f 6853 6839 6841
f 6851 6839 6853
f 6682 6853 6681
f 6853 6842 6681
f 6853 6841 6842
f 6681 6842 6673
f 6843 6684 6675
f 6684 6843 6686
f 6686 6843 6844
f 6686 6844 6676
f 6846 6854 6847
f 6856 6855 6854
f 6855 6847 6854
f 6855 6849 6847
f 6849 6857 6850
f 6849 6855 6857
f 6858 6687 6678
f 6850 6858 6678
f 6857 6858 6850
f 6859 6688 6687
f 6859 6687 6858
f 6860 6689 6688
f 6860 6688 6859
f 6860 6690 6689
f 6852 6851 6861
f 6852 6861 6862
f 6693 6861 6692
f 6861 6853 6692
f 6861 6851 6853
f 6692 6853 6682
f 6856 6863 6855
f 6855 6863 6857
f 6857 6863 6864
f 6857 6864 6858
f 6858 6864 6865
f 6867 6866 6865
f 6866 6858 6865
f 6866 6859 6858
f 6859 6868 6860
f 6859 6866 6868
f 6868 6695 6690
f 6868 6690 6860
f 6869 6862 6861
f 6871 6869 6870
f 6870 6869 6696
f 6869 6861 6696
f 6861 6693 6696
f 6697 6870 6696
f 6866 6867 6872
f 6872 6867 6873
f 6866 6874 6868
f 6866 6872 6874
f 6874 6699 6695
f 6874 6695 6868
f 6700 6701 6875
f 6870 6876 6871
f 6876 6870 6877
f 6870 6697 6877
f 6700 6875 6877
f 6700 6877 6697
f 6873 6878 6872
f 6880 6879 6878
f 6879 6872 6878
f 6879 6874 6872
f 6879 6702 6699
f 6879 6699 6874
f 6703 6881 6875
f 6703 6875 6701
f 6877 6875 6882
f 6882 6875 6881
f 6880 6883 6879
f 6879 6883 6702
f 6883 6704 6702
f 6883 6884 6704
f 6886 6885 6705
f 6704 6886 6705
f 6884 6886 6704
f 6887 6885 6886
f 6706 6888 6881
f 6706 6881 6703
f 6882 6881 6889
f 6889 6881 6888
f 6885 6707 6705
f 6887 6890 6885
f 6890 6707 6885
f 6890 6708 6707
f 6890 6892 6891
f 6709 6890 6891
f 6708 6890 6709
f 6891 6710 6709
f 6894 6893 6888
f 6706 6894 6888
f 6711 6894 6706
f 6888 6893 6889
f 6892 6895 6891
f 6891 6895 6710
f 6895 6712 6710
f 6895 6896 6712
f 6711 6712 6894
f 6894 6712 6896
f 6899 6898 6897
f 6897 6900 6899
f 6898 6901 6897
f 6897 6901 6900
f 6904 6903 6902
f 6902 6905 6904
f 6902 6903 6715
f 6903 6714 6715
f 6903 6906 6714
f 6907 6905 6902
f 6715 6907 6902
f 6716 6907 6715
f 6716 6718 6907
f 6907 6718 6908
f 6910 6909 6721
f 6721 6909 6720
f 6912 6910 6911
f 6910 6722 6911
f 6910 6721 6722
f 6723 6911 6722
f 6914 6725 6913
f 6725 6906 6913
f 6725 6714 6906
f 6727 6728 6914
f 6913 6727 6914
f 6915 6727 6913
f 6718 6727 6908
f 6908 6727 6915
f 6917 6916 6731
f 6731 6916 6730
f 6731 6720 6909
f 6731 6909 6917
f 6912 6911 6918
f 6912 6918 6919
f 6732 6918 6723
f 6723 6918 6911
f 6914 6733 6725
f 6733 6914 6728
f 6921 6734 6920
f 6734 6916 6920
f 6734 6730 6916
f 6922 6921 6920
f 6919 6918 6923
f 6919 6923 6924
f 6736 6923 6732
f 6732 6923 6918
f 6921 6737 6734
f 6739 6737 6921
f 6922 6739 6921
f 6925 6739 6922
f 6924 6923 6741
f 6742 6924 6741
f 6926 6924 6742
f 6741 6923 6736
f 6925 6927 6739
f 6739 6927 6743
f 6742 6743 6926
f 6926 6743 6927
f 6929 6928 6745
f 6745 6928 6744
f 6745 6746 6929
f 6929 6746 6930
f 6933 6932 6931
f 6748 6749 6931
f 6749 6933 6931
f 6749 6934 6933
f 6749 6744 6928
f 6749 6928 6934
f 6750 6930 6746
f 6750 6935 6930
f 6931 6932 6936
f 6936 6932 6937
f 6936 6752 6748
f 6936 6748 6931
f 6938 6935 6750
f 6938 6750 6755
f 6755 6756 6938
f 6938 6756 6939
f 6936 6937 6940
f 6940 6937 6941
f 6942 6758 6752
f 6936 6942 6752
f 6940 6942 6936
f 6943 6759 6758
f 6943 6758 6942
f 6944 6760 6759
f 6944 6759 6943
f 6944 6945 6760
f 6945 6756 6760
f 6945 6939 6756
f 6946 6761 6762
f 6763 6946 6762
f 6941 6947 6940
f 6949 6948 6947
f 6948 6940 6947
f 6948 6942 6940
f 6942 6950 6943
f 6942 6948 6950
f 6943 6951 6944
f 6943 6950 6951
f 6945 6944 6952
f 6952 6944 6951
f 6953 6764 6946
f 6946 6764 6761
f 6765 6953 6763
f 6763 6953 6946
f 6949 6954 6948
f 6948 6954 6950
f 6950 6954 6955
f 6950 6955 6951
f 6951 6955 6956
f 6951 6956 6952
f 6957 6766 6953
f 6953 6766 6764
f 6767 6957 6765
f 6765 6957 6953
f 6957 6768 6766
f 6768 6957 6767
f 6958 6779 6780
f 6781 6959 6780
f 6780 6959 6958
f 6782 6960 6781
f 6781 6960 6959
f 6784 6960 6782
f 6962 6961 6958
f 6961 6779 6958
f 6961 6786 6779
f 6964 6963 6962
f 6958 6964 6962
f 6959 6964 6958
f 6965 6959 6960
f 6964 6959 6965
f 6965 6960 6784
f 6966 6965 6784
f 6787 6966 6784
f 6967 6965 6966
f 6787 6788 6966
f 6966 6788 6968
f 6969 6789 6790
f 6970 6969 6790
f 6786 6970 6790
f 6961 6970 6786
f 6971 6963 6964
f 6971 6964 6965
f 6971 6965 6972
f 6972 6965 6967
f 6791 6974 6973
f 6968 6791 6973
f 6788 6791 6968
f 6974 6975 6973
f 6976 6792 6969
f 6969 6792 6789
f 6969 6970 6977
f 6969 6977 6976
f 6794 6978 6795
f 6978 6979 6795
f 6795 6979 6791
f 6979 6980 6791
f 6980 6974 6791
f 6974 6980 6975
f 6981 6797 6976
f 6976 6797 6792
f 6976 6977 6982
f 6976 6982 6981
f 6984 6983 6798
f 6984 6798 6799
f 6794 6798 6978
f 6798 6985 6978
f 6798 6983 6985
f 6978 6985 6979
f 6981 6800 6797
f 6982 6986 6981
f 6986 6800 6981
f 6986 6801 6800
f 6988 6987 6803
f 6801 6988 6803
f 6986 6988 6801
f 6988 6984 6987
f 6984 6804 6987
f 6984 6799 6804
f 6991 6990 6989
f 6805 6806 6989
f 6806 6991 6989
f 6806 6992 6991
f 6993 6806 6807
f 6993 6992 6806
f 6994 6807 6808
f 6994 6993 6807
f 6995 6808 6809
f 6995 6994 6808
f 6997 6995 6996
f 6995 6810 6996
f 6995 6809 6810
f 6812 6996 6810
f 6987 6817 6803
f 6817 6987 6804
f 7000 6999 6998
f 7000 6998 6990
f 6998 6989 6990
f 6998 7001 6989
f 7001 6819 6805
f 7001 6805 6989
f 7002 6997 6996
f 6996 6812 7002
f 6812 7003 7002
f 6812 6821 7003
f 7005 7004 6830
f 6830 7004 6829
f 7007 7006 6831
f 7006 6830 6831
f 7006 7005 6830
f 7006 7007 6999
f 6999 7007 6998
f 7007 6833 6998
f 6833 6834 6998
f 6998 6834 6835
f 6998 6835 7001
f 7001 6835 6819
f 7008 7003 6821
f 7008 6821 6837
f 7010 7008 7009
f 7008 6838 7009
f 7008 6837 6838
f 6840 7009 6838
f 6845 6829 7011
f 6829 7012 7011
f 6829 7004 7012
f 6848 7007 6831
f 6846 6845 7011
f 7007 6848 6833
f 7010 7009 7013
f 7010 7013 7014
f 6852 7013 6840
f 6840 7013 7009
f 7012 7015 7011
f 7011 7015 6846
f 7015 6854 6846
f 7015 7016 6854
f 6856 6854 7016
f 6856 7016 7017
f 7020 7019 7018
f 7021 7018 7019
f 7022 7014 7013
f 7013 6852 7022
f 6852 7023 7022
f 6852 6862 7023
f 6863 6856 7024
f 6856 7025 7024
f 6856 7017 7025
f 7026 7020 7018
f 6863 7026 7018
f 6864 6863 7018
f 7026 6863 7024
f 7021 7027 7018
f 7027 6864 7018
f 7027 6865 6864
f 6867 6865 7027
f 6867 7027 7028
f 6862 6869 7029
f 7030 6862 7029
f 7023 6862 7030
f 6871 7029 6869
f 7024 7025 7031
f 7031 7025 7032
f 7026 7024 7033
f 7024 7034 7033
f 7024 7031 7034
f 7036 7035 7034
f 7034 7035 7033
f 7028 7035 7036
f 6873 7028 7036
f 6867 7028 6873
f 7037 7030 7029
f 7039 7037 7038
f 7038 7037 6876
f 7037 7029 6876
f 7029 6871 6876
f 6877 7038 6876
f 7032 7040 7031
f 7042 7041 7040
f 7041 7031 7040
f 7041 7034 7031
f 7034 7043 7036
f 7034 7041 7043
f 7044 6878 6873
f 7036 7044 6873
f 7043 7044 7036
f 7044 6880 6878
f 7045 7039 7038
f 7038 6877 7045
f 6877 7046 7045
f 6877 6882 7046
f 7042 7047 7041
f 7041 7047 7043
f 7043 7047 7048
f 7043 7048 7044
f 7044 7048 7049
f 7044 7049 6880
f 7049 6883 6880
f 7049 7050 6883
f 6883 7051 6884
f 7050 7051 6883
f 6884 7052 6886
f 7051 7052 6884
f 7054 7053 6887
f 6886 7054 6887
f 7052 7054 6886
f 7055 7053 7054
f 6889 7046 6882
f 6889 7056 7046
f 7053 6890 6887
f 6892 6890 7053
f 7055 6892 7053
f 7057 6892 7055
f 7059 7058 6893
f 7059 6893 6894
f 6889 6893 7056
f 7056 6893 7058
f 7057 7060 6892
f 6892 7060 6895
f 6895 7061 6896
f 7060 7061 6895
f 6894 6896 7059
f 7059 6896 7061
f 7063 7062 6899
f 6899 7062 6898
f 6899 6900 7063
f 7063 6900 7064
f 7062 7065 6898
f 6898 7065 6901
f 6900 6901 7064
f 7064 6901 7065
f 7066 6903 6904
f 6905 7066 6904
f 7068 7067 7066
f 7067 6903 7066
f 7067 6906 6903
f 7070 7068 7069
f 7069 7068 6907
f 7068 7066 6907
f 7066 6905 6907
f 7072 7069 7071
f 7069 6907 7071
f 6908 7073 7071
f 6908 7071 6907
f 7075 7074 7073
f 7073 7074 7071
f 7075 6909 7074
f 6909 6910 7074
f 7077 7076 7074
f 7077 7074 6910
f 6912 7077 6910
f 7067 7078 6906
f 6906 7078 6913
f 7069 6915 7070
f 6915 7078 7070
f 6915 6913 7078
f 7069 7072 6915
f 7072 7079 6915
f 7073 6908 6915
f 7073 6915 7079
f 7080 6916 6917
f 7073 7080 6917
f 7075 7073 6917
f 7079 7080 7073
f 7076 7082 7081
f 7082 7075 7081
f 6917 7081 7075
f 7081 6917 7083
f 6909 7083 6917
f 7083 6909 7082
f 7082 7077 7083
f 7076 7077 7082
f 7082 6909 7075
f 6919 7083 6912
f 6912 7083 7077
f 7080 7084 6916
f 6916 7084 6920
f 7084 7085 6920
f 7085 7081 6920
f 7083 6920 7081
f 6920 7083 6922
f 7086 6922 7083
f 6922 7086 7085
f 7085 7087 6922
f 7084 7087 7085
f 7085 7086 7081
f 7083 6919 7086
f 6919 7088 7086
f 6919 6924 7088
f 7090 6925 7089
f 6925 7087 7089
f 6925 6922 7087
f 7089 7088 7090
f 7088 6926 7090
f 7088 6924 6926
f 7090 6927 6925
f 6927 7090 6926
f 7091 6928 6929
f 6930 7091 6929
f 7093 7092 6933
f 6933 7092 6932
f 7094 6933 6934
f 7094 7093 6933
f 6934 6928 7091
f 7095 6934 7091
f 7094 6934 7095
f 7091 6930 7095
f 6930 7096 7095
f 6930 6935 7096
f 7092 6937 6932
f 7097 6937 7092
f 7098 7096 6935
f 7098 6935 6938
f 6938 6939 7098
f 7098 6939 7099
f 7097 6941 6937
f 7100 6941 7097
f 6945 7099 6939
f 6945 7101 7099
f 6947 6941 7102
f 6941 7103 7102
f 6941 7100 7103
f 7102 6949 6947
f 6952 7101 6945
f 6952 7104 7101
f 7102 7103 7105
f 7105 7103 7106
f 7107 6954 6949
f 7102 7107 6949
f 7105 7107 7102
f 7108 6955 6954
f 7108 6954 7107
f 7109 6956 6955
f 7109 6955 7108
f 7109 7110 6956
f 7110 6952 6956
f 7110 7104 6952
f 7105 7106 7111
f 7111 7106 7112
f 7105 7113 7107
f 7105 7111 7113
f 7107 7114 7108
f 7107 7113 7114
f 7108 7115 7109
f 7108 7114 7115
f 7110 7109 7116
f 7116 7109 7115
f 7112 7117 7111
f 7111 7117 7113
f 7113 7117 7118
f 7113 7118 7114
f 7114 7118 7119
f 7114 7119 7115
f 7115 7119 7120
f 7115 7120 7116
f 7121 6961 6962
f 6963 7121 6962
f 7122 6967 6966
f 6968 7122 6966
f 7123 6970 7121
f 7121 6970 6961
f 6971 7124 6963
f 7124 7121 6963
f 7124 7123 7121
f 6972 7125 6971
f 6971 7125 7124
f 7126 7125 6972
f 7126 6972 6967
f 7127 7126 6967
f 7122 7127 6967
f 7129 7127 7128
f 7128 7127 6973
f 7127 7122 6973
f 7122 6968 6973
f 6975 7128 6973
f 7130 6977 7123
f 7123 6977 6970
f 7124 7132 7131
f 7130 7124 7131
f 7123 7124 7130
f 7132 7124 7125
f 7132 7125 7133
f 7133 7125 7126
f 7129 7128 6980
f 6979 7129 6980
f 7134 7129 6979
f 6980 7128 6975
f 7135 6982 7130
f 7130 6982 6977
f 7130 7131 7136
f 7137 7130 7136
f 7135 7130 7137
f 6983 6984 7137
f 7136 6983 7137
f 7138 6983 7136
f 6983 7139 6985
f 7138 7139 6983
f 6979 6985 7134
f 7134 6985 7139
f 7135 6986 6982
f 6986 7135 6988
f 6988 7135 7137
f 6988 7137 6984
f 7141 7140 6991
f 6991 7140 6990
f 7142 6991 6992
f 7142 7141 6991
f 7143 6992 6993
f 7143 7142 6992
f 7144 6993 6994
f 7144 7143 6993
f 7145 6994 6995
f 7145 7144 6994
f 6995 6997 7145
f 7145 6997 7146
f 7148 7147 7000
f 7000 7147 6999
f 7000 6990 7140
f 7000 7140 7148
f 7149 7146 6997
f 7149 6997 7002
f 7002 7003 7149
f 7149 7003 7150
f 7152 7151 7005
f 7005 7151 7004
f 7153 7005 7006
f 7153 7152 7005
f 7006 6999 7147
f 7006 7147 7153
f 7154 7150 7003
f 7154 7003 7008
f 7008 7010 7154
f 7154 7010 7155
f 7151 7012 7004
f 7156 7012 7151
f 7014 7155 7010
f 7014 7157 7155
f 7156 7158 7012
f 7012 7158 7015
f 7015 7159 7016
f 7158 7159 7015
f 7017 7016 7159
f 7017 7159 7160
f 7162 7161 7019
f 7162 7019 7020
f 7164 7163 7021
f 7019 7164 7021
f 7161 7164 7019
f 7166 7165 7163
f 7166 7163 7164
f 7167 7165 7166
f 7014 7022 7168
f 7169 7014 7168
f 7157 7014 7169
f 7023 7168 7022
f 7171 7025 7170
f 7025 7160 7170
f 7025 7017 7160
f 7170 7162 7171
f 7162 7026 7171
f 7162 7020 7026
f 7163 7027 7021
f 7027 7163 7028
f 7163 7172 7028
f 7163 7165 7172
f 7165 7167 7173
f 7165 7173 7172
f 7174 7169 7168
f 7168 7023 7174
f 7023 7175 7174
f 7023 7030 7175
f 7177 7176 7171
f 7176 7025 7171
f 7176 7032 7025
f 7177 7171 7026
f 7033 7177 7026
f 7178 7177 7033
f 7179 7033 7035
f 7179 7178 7033
f 7035 7028 7172
f 7180 7035 7172
f 7179 7035 7180
f 7180 7172 7173
f 7030 7037 7181
f 7182 7030 7181
f 7175 7030 7182
f 7039 7181 7037
f 7176 7183 7032
f 7032 7183 7040
f 7042 7040 7183
f 7042 7183 7184
f 7185 7182 7181
f 7185 7181 7039
f 7045 7185 7039
f 7186 7185 7045
f 7045 7046 7186
f 7186 7046 7187
f 7184 7188 7042
f 7042 7188 7047
f 7047 7189 7048
f 7188 7189 7047
f 7048 7190 7049
f 7189 7190 7048
f 7049 7191 7050
f 7190 7191 7049
f 7050 7192 7051
f 7191 7192 7050
f 7051 7193 7052
f 7192 7193 7051
f 7052 7194 7054
f 7193 7194 7052
f 7196 7195 7055
f 7054 7196 7055
f 7194 7196 7054
f 7197 7195 7196
f 7056 7187 7046
f 7056 7198 7187
f 7199 7057 7195
f 7195 7057 7055
f 7195 7197 7200
f 7201 7195 7200
f 7199 7195 7201
f 7058 7059 7201
f 7200 7058 7201
f 7202 7058 7200
f 7056 7058 7198
f 7198 7058 7202
f 7199 7060 7057
f 7060 7199 7061
f 7061 7199 7201
f 7061 7201 7059
f 7203 7062 7063
f 7064 7203 7063
f 7203 7065 7062
f 7065 7203 7064
f 7206 7205 7204
f 7204 7207 7206
f 7208 7067 7068
f 7070 7208 7068
f 7210 7209 7071
f 7071 7209 7072
f 7074 7204 7205
f 7210 7074 7205
f 7071 7074 7210
f 7212 7211 7076
f 7076 7211 7074
f 7211 7207 7074
f 7207 7204 7074
f 7212 7213 7211
f 7208 7078 7067
f 7078 7208 7070
f 7209 7214 7072
f 7072 7214 7079
f 7080 7079 7214
f 7080 7214 7215
f 7081 7216 7212
f 7081 7212 7076
f 7213 7212 7217
f 7217 7212 7216
f 7084 7080 7218
f 7080 7219 7218
f 7080 7215 7219
f 7086 7216 7081
f 7087 7084 7218
f 7086 7088 7216
f 7088 7217 7216
f 7088 7220 7217
f 7219 7221 7218
f 7221 7223 7222
f 7221 7222 7089
f 7218 7221 7089
f 7087 7218 7089
f 7222 7224 7089
f 7224 7088 7089
f 7224 7220 7088
f 7223 7225 7222
f 7222 7225 7224
f 7226 7092 7093
f 7094 7227 7093
f 7093 7227 7226
f 7227 7094 7228
f 7094 7229 7228
f 7094 7095 7229
f 7095 7096 7229
f 7229 7096 7230
f 7232 7231 7226
f 7231 7092 7226
f 7231 7097 7092
f 7232 7226 7227
f 7232 7227 7233
f 7233 7227 7228
f 7096 7098 7234
f 7235 7096 7234
f 7230 7096 7235
f 7099 7234 7098
f 7231 7100 7097
f 7236 7100 7231
f 7237 7235 7234
f 7234 7099 7237
f 7099 7238 7237
f 7099 7101 7238
f 7236 7103 7100
f 7239 7103 7236
f 7104 7238 7101
f 7104 7240 7238
f 7239 7106 7103
f 7241 7106 7239
f 7110 7240 7104
f 7110 7242 7240
f 7241 7112 7106
f 7243 7112 7241
f 7116 7242 7110
f 7116 7244 7242
f 7243 7245 7112
f 7112 7245 7117
f 7117 7246 7118
f 7245 7246 7117
f 7118 7247 7119
f 7246 7247 7118
f 7119 7248 7120
f 7247 7248 7119
f 7116 7120 7244
f 7244 7120 7248
f 7249 7126 7127
f 7129 7249 7127
f 7250 7131 7132
f 7133 7251 7132
f 7132 7251 7250
f 7126 7249 7133
f 7249 7251 7133
f 7249 7252 7251
f 7134 7252 7129
f 7129 7252 7249
f 7250 7136 7131
f 7136 7250 7138
f 7138 7250 7251
f 7138 7251 7139
f 7139 7251 7252
f 7139 7252 7134
f 7255 7254 7253
f 7257 7256 7253
f 7253 7256 7255
f 7259 7258 7257
f 7257 7258 7256
f 7259 7260 7258
f 7253 7254 7141
f 7254 7140 7141
f 7254 7261 7140
f 7253 7141 7142
f 7253 7142 7257
f 7257 7142 7143
f 7257 7143 7259
f 7262 7260 7259
f 7143 7262 7259
f 7144 7262 7143
f 7263 7144 7145
f 7263 7262 7144
f 7145 7146 7263
f 7263 7146 7264
f 7266 7265 7148
f 7148 7265 7147
f 7148 7140 7261
f 7148 7261 7266
f 7146 7149 7267
f 7268 7146 7267
f 7264 7146 7268
f 7150 7267 7149
f 7270 7269 7152
f 7152 7269 7151
f 7271 7152 7153
f 7271 7270 7152
f 7153 7147 7265
f 7153 7265 7271
f 7272 7268 7267
f 7272 7267 7150
f 7154 7272 7150
f 7273 7272 7154
f 7154 7155 7273
f 7273 7155 7274
f 7277 7276 7275
f 7269 7277 7275
f 7156 7269 7275
f 7151 7269 7156
f 7157 7274 7155
f 7157 7278 7274
f 7276 7279 7275
f 7279 7281 7280
f 7279 7280 7158
f 7275 7279 7158
f 7156 7275 7158
f 7282 7159 7158
f 7282 7158 7280
f 7282 7160 7159
f 7162 7283 7161
f 7284 7164 7161
f 7284 7161 7283
f 7164 7284 7285
f 7286 7164 7285
f 7166 7164 7286
f 7167 7166 7286
f 7167 7286 7287
f 7169 7278 7157
f 7169 7288 7278
f 7281 7289 7280
f 7280 7289 7282
f 7282 7289 7290
f 7290 7292 7291
f 7290 7291 7170
f 7282 7290 7170
f 7160 7282 7170
f 7283 7162 7170
f 7291 7283 7170
f 7293 7283 7291
f 7283 7294 7284
f 7283 7293 7294
f 7285 7284 7295
f 7295 7284 7294
f 7297 7173 7296
f 7173 7287 7296
f 7173 7167 7287
f 7298 7297 7296
f 7169 7174 7299
f 7300 7169 7299
f 7288 7169 7300
f 7175 7299 7174
f 7303 7302 7301
f 7305 7304 7301
f 7301 7304 7303
f 7304 7305 7292
f 7292 7305 7291
f 7305 7176 7291
f 7176 7177 7291
f 7291 7177 7178
f 7291 7178 7293
f 7293 7178 7179
f 7293 7179 7294
f 7306 7295 7294
f 7179 7306 7294
f 7180 7306 7179
f 7180 7173 7297
f 7307 7180 7297
f 7306 7180 7307
f 7307 7297 7298
f 7300 7299 7308
f 7300 7308 7309
f 7182 7308 7175
f 7175 7308 7299
f 7312 7311 7310
f 7310 7313 7312
f 7302 7314 7301
f 7301 7314 7305
f 7305 7314 7315
f 7315 7317 7316
f 7315 7316 7183
f 7305 7315 7183
f 7176 7305 7183
f 7316 7184 7183
f 7309 7308 7318
f 7309 7318 7319
f 7185 7320 7182
f 7320 7308 7182
f 7320 7318 7308
f 7311 7321 7310
f 7321 7185 7310
f 7185 7186 7310
f 7185 7321 7320
f 7186 7187 7310
f 7187 7313 7310
f 7187 7322 7313
f 7317 7323 7316
f 7316 7323 7184
f 7323 7188 7184
f 7323 7324 7188
f 7188 7325 7189
f 7324 7325 7188
f 7189 7326 7190
f 7325 7326 7189
f 7190 7327 7191
f 7326 7327 7190
f 7191 7328 7192
f 7327 7328 7191
f 7192 7329 7193
f 7328 7329 7192
f 7193 7330 7194
f 7329 7330 7193
f 7318 7196 7319
f 7196 7330 7319
f 7196 7194 7330
f 7196 7318 7197
f 7318 7331 7197
f 7318 7320 7331
f 7320 7321 7332
f 7333 7320 7332
f 7331 7320 7333
f 7332 7322 7333
f 7322 7198 7333
f 7322 7187 7198
f 7331 7200 7197
f 7200 7331 7202
f 7202 7331 7333
f 7202 7333 7198
f 7334 7205 7206
f 7207 7334 7206
f 7335 7209 7210
f 7336 7335 7210
f 7336 7210 7205
f 7337 7336 7205
f 7334 7337 7205
f 7337 7334 7207
f 7211 7337 7207
f 7338 7337 7211
f 7211 7213 7338
f 7338 7213 7339
f 7335 7214 7209
f 7215 7214 7335
f 7336 7215 7335
f 7340 7215 7336
f 7217 7342 7341
f 7339 7217 7341
f 7213 7217 7339
f 7342 7343 7341
f 7340 7219 7215
f 7344 7219 7340
f 7346 7345 7342
f 7217 7346 7342
f 7220 7346 7217
f 7342 7345 7343
f 7221 7219 7347
f 7219 7348 7347
f 7219 7344 7348
f 7347 7223 7221
f 7224 7346 7220
f 7224 7349 7346
f 7348 7350 7347
f 7347 7350 7223
f 7350 7225 7223
f 7350 7351 7225
f 7224 7225 7349
f 7349 7225 7351
f 7353 7352 7229
f 7229 7352 7228
f 7229 7230 7353
f 7353 7230 7354
f 7357 7356 7355
f 7355 7358 7357
f 7360 7359 7232
f 7232 7359 7231
f 7361 7232 7233
f 7361 7360 7232
f 7233 7228 7352
f 7233 7352 7361
f 7235 7354 7230
f 7235 7362 7354
f 7365 7364 7363
f 7365 7363 7356
f 7363 7355 7356
f 7363 7366 7355
f 7358 7355 7367
f 7355 7368 7367
f 7355 7366 7368
f 7368 7369 7367
f 7372 7371 7370
f 7359 7372 7370
f 7236 7359 7370
f 7231 7359 7236
f 7235 7237 7373
f 7374 7235 7373
f 7362 7235 7374
f 7238 7373 7237
f 7364 7375 7363
f 7363 7375 7366
f 7366 7375 7376
f 7366 7376 7368
f 7368 7376 7377
f 7368 7377 7369
f 7370 7371 7378
f 7378 7371 7379
f 7378 7239 7236
f 7378 7236 7370
f 7380 7374 7373
f 7373 7238 7380
f 7238 7381 7380
f 7238 7240 7381
f 7378 7379 7382
f 7382 7379 7383
f 7382 7241 7239
f 7382 7239 7378
f 7242 7381 7240
f 7242 7384 7381
f 7382 7383 7385
f 7385 7383 7386
f 7385 7243 7241
f 7385 7241 7382
f 7389 7388 7387
f 7388 7384 7387
f 7384 7244 7387
f 7384 7242 7244
f 7386 7390 7385
f 7390 7392 7391
f 7390 7391 7245
f 7385 7390 7245
f 7243 7385 7245
f 7245 7391 7393
f 7394 7245 7393
f 7246 7245 7394
f 7246 7395 7247
f 7394 7395 7246
f 7387 7248 7389
f 7248 7395 7389
f 7248 7247 7395
f 7248 7387 7244
f 7392 7396 7391
f 7391 7396 7393
f 7398 7397 7255
f 7255 7397 7254
f 7399 7255 7256
f 7399 7398 7255
f 7400 7256 7258
f 7400 7399 7256
f 7258 7260 7400
f 7400 7260 7401
f 7404 7403 7402
f 7397 7404 7402
f 7261 7397 7402
f 7254 7397 7261
f 7405 7401 7260
f 7405 7260 7262
f 7407 7405 7406
f 7405 7263 7406
f 7405 7262 7263
f 7264 7406 7263
f 7402 7403 7266
f 7403 7265 7266
f 7403 7408 7265
f 7402 7266 7261
f 7409 7407 7406
f 7264 7268 7406
f 7268 7410 7406
f 7410 7409 7406
f 7410 7268 7411
f 7411 7412 7410
f 7415 7414 7413
f 7269 7270 7413
f 7270 7415 7413
f 7270 7416 7415
f 7417 7270 7271
f 7417 7416 7270
f 7271 7265 7408
f 7271 7408 7417
f 7272 7411 7268
f 7418 7412 7411
f 7272 7418 7411
f 7273 7418 7272
f 7273 7274 7418
f 7418 7274 7419
f 7413 7414 7277
f 7414 7276 7277
f 7414 7420 7276
f 7413 7277 7269
f 7278 7419 7274
f 7278 7421 7419
f 7279 7276 7422
f 7276 7423 7422
f 7276 7420 7423
f 7422 7281 7279
f 7285 7424 7286
f 7424 7287 7286
f 7288 7421 7278
f 7288 7425 7421
f 7423 7426 7422
f 7422 7426 7281
f 7426 7289 7281
f 7426 7427 7289
f 7427 7429 7428
f 7290 7427 7428
f 7289 7427 7290
f 7428 7292 7290
f 7295 7430 7424
f 7295 7424 7285
f 7431 7296 7287
f 7424 7431 7287
f 7430 7431 7424
f 7431 7298 7296
f 7300 7425 7288
f 7300 7432 7425
f 7433 7302 7303
f 7429 7434 7428
f 7434 7303 7428
f 7303 7304 7428
f 7303 7434 7433
f 7428 7304 7292
f 7306 7430 7295
f 7430 7306 7307
f 7430 7307 7431
f 7431 7307 7298
f 7437 7436 7435
f 7436 7432 7435
f 7432 7309 7435
f 7432 7300 7309
f 7438 7311 7312
f 7313 7438 7312
f 7433 7314 7302
f 7434 7439 7433
f 7439 7314 7433
f 7439 7315 7314
f 7441 7440 7317
f 7315 7441 7317
f 7439 7441 7315
f 7442 7440 7441
f 7445 7444 7443
f 7447 7446 7443
f 7447 7443 7444
f 7448 7446 7447
f 7437 7435 7449
f 7437 7449 7450
f 7319 7449 7309
f 7309 7449 7435
f 7451 7321 7438
f 7438 7321 7311
f 7322 7451 7313
f 7313 7451 7438
f 7440 7323 7317
f 7442 7452 7440
f 7452 7323 7440
f 7452 7324 7323
f 7324 7453 7325
f 7452 7453 7324
f 7325 7454 7326
f 7453 7454 7325
f 7443 7327 7445
f 7327 7454 7445
f 7327 7326 7454
f 7327 7443 7328
f 7328 7443 7446
f 7448 7455 7446
f 7455 7328 7446
f 7455 7329 7328
f 7449 7330 7450
f 7330 7455 7450
f 7330 7329 7455
f 7330 7449 7319
f 7451 7332 7321
f 7332 7451 7322
f 7456 7336 7337
f 7456 7337 7457
f 7337 7458 7457
f 7337 7338 7458
f 7338 7339 7458
f 7458 7339 7459
f 7461 7460 7456
f 7460 7336 7456
f 7460 7340 7336
f 7461 7456 7457
f 7462 7459 7339
f 7462 7339 7341
f 7341 7343 7462
f 7462 7343 7463
f 7460 7344 7340
f 7464 7344 7460
f 7346 7465 7345
f 7463 7343 7466
f 7343 7465 7466
f 7465 7467 7466
f 7343 7345 7465
f 7467 7468 7466
f 7464 7348 7344
f 7469 7348 7464
f 7349 7470 7465
f 7349 7465 7346
f 7472 7467 7471
f 7467 7470 7471
f 7467 7465 7470
f 7467 7472 7468
f 7469 7473 7348
f 7348 7473 7350
f 7350 7474 7351
f 7473 7474 7350
f 7349 7351 7470
f 7351 7475 7470
f 7351 7474 7475
f 7470 7475 7471
f 7478 7477 7476
f 7476 7479 7478
f 7477 7480 7476
f 7476 7480 7479
f 7481 7352 7353
f 7354 7481 7353
f 7483 7482 7357
f 7357 7482 7356
f 7485 7484 7358
f 7484 7357 7358
f 7484 7483 7357
f 7487 7486 7485
f 7485 7486 7484
f 7487 7488 7486
f 7490 7489 7360
f 7360 7489 7359
f 7491 7360 7361
f 7491 7490 7360
f 7491 7361 7352
f 7492 7491 7352
f 7481 7492 7352
f 7491 7492 7493
f 7362 7492 7354
f 7354 7492 7481
f 7494 7364 7365
f 7495 7494 7365
f 7356 7495 7365
f 7482 7495 7356
f 7367 7485 7358
f 7485 7367 7369
f 7496 7485 7369
f 7487 7485 7496
f 7488 7487 7497
f 7497 7487 7496
f 7499 7498 7372
f 7372 7498 7371
f 7372 7359 7489
f 7372 7489 7499
f 7500 7493 7492
f 7492 7362 7500
f 7362 7501 7500
f 7362 7374 7501
f 7494 7375 7364
f 7495 7502 7494
f 7502 7375 7494
f 7502 7376 7375
f 7502 7504 7503
f 7377 7502 7503
f 7376 7502 7377
f 7496 7369 7377
f 7503 7496 7377
f 7505 7496 7503
f 7497 7496 7506
f 7506 7496 7505
f 7498 7379 7371
f 7507 7379 7498
f 7374 7380 7508
f 7509 7374 7508
f 7501 7374 7509
f 7381 7508 7380
f 7504 7510 7503
f 7503 7510 7505
f 7505 7510 7511
f 7505 7511 7506
f 7513 7383 7512
f 7383 7507 7512
f 7383 7379 7507
f 7514 7513 7512
f 7509 7508 7515
f 7509 7515 7516
f 7384 7515 7381
f 7381 7515 7508
f 7517 7386 7513
f 7513 7386 7383
f 7513 7514 7518
f 7513 7518 7517
f 7516 7515 7388
f 7389 7516 7388
f 7519 7516 7389
f 7388 7515 7384
f 7517 7390 7386
f 7392 7390 7517
f 7518 7392 7517
f 7520 7392 7518
f 7522 7521 7394
f 7522 7394 7393
f 7394 7523 7395
f 7521 7523 7394
f 7389 7395 7519
f 7519 7395 7523
f 7520 7524 7392
f 7392 7524 7396
f 7393 7396 7522
f 7522 7396 7524
f 7527 7526 7525
f 7529 7528 7525
f 7525 7528 7527
f 7529 7530 7528
f 7525 7526 7531
f 7531 7526 7532
f 7534 7529 7533
f 7529 7531 7533
f 7529 7525 7531
f 7529 7534 7530
f 7532 7535 7531
f 7531 7535 7533
f 7537 7536 7398
f 7398 7536 7397
f 7538 7398 7399
f 7538 7537 7398
f 7539 7399 7400
f 7539 7538 7399
f 7400 7401 7539
f 7539 7401 7540
f 7541 7403 7404
f 7542 7541 7404
f 7397 7542 7404
f 7536 7542 7397
f 7543 7540 7401
f 7543 7401 7405
f 7405 7407 7543
f 7543 7407 7544
f 7547 7546 7545
f 7549 7548 7545
f 7545 7548 7547
f 7551 7550 7549
f 7549 7550 7548
f 7553 7552 7551
f 7551 7552 7550
f 7554 7552 7541
f 7552 7408 7541
f 7408 7403 7541
f 7552 7553 7408
f 7554 7541 7542
f 7555 7544 7407
f 7555 7407 7409
f 7556 7409 7410
f 7556 7555 7409
f 7410 7412 7556
f 7556 7412 7557
f 7560 7559 7558
f 7558 7561 7560
f 7545 7546 7562
f 7562 7546 7563
f 7562 7414 7415
f 7549 7562 7415
f 7545 7562 7549
f 7549 7415 7416
f 7549 7416 7551
f 7551 7416 7417
f 7551 7417 7553
f 7553 7417 7408
f 7564 7557 7412
f 7564 7412 7418
f 7418 7419 7564
f 7564 7419 7565
f 7559 7566 7558
f 7558 7566 7561
f 7562 7563 7567
f 7567 7563 7568
f 7567 7420 7414
f 7567 7414 7562
f 7421 7570 7569
f 7565 7421 7569
f 7419 7421 7565
f 7570 7571 7569
f 7568 7572 7567
f 7420 7567 7572
f 7573 7420 7572
f 7423 7420 7573
f 7576 7575 7574
f 7578 7577 7574
f 7578 7574 7575
f 7580 7579 7577
f 7580 7577 7578
f 7581 7579 7580
f 7425 7582 7570
f 7425 7570 7421
f 7571 7570 7583
f 7583 7570 7582
f 7573 7584 7423
f 7423 7584 7426
f 7426 7585 7427
f 7584 7585 7426
f 7587 7586 7429
f 7427 7587 7429
f 7585 7587 7427
f 7586 7587 7576
f 7574 7586 7576
f 7588 7586 7574
f 7589 7574 7577
f 7588 7574 7589
f 7579 7591 7590
f 7589 7579 7590
f 7577 7579 7589
f 7591 7579 7581
f 7593 7592 7582
f 7425 7593 7582
f 7432 7593 7425
f 7582 7592 7583
f 7594 7434 7586
f 7586 7434 7429
f 7588 7596 7595
f 7594 7588 7595
f 7586 7588 7594
f 7596 7588 7589
f 7596 7589 7597
f 7597 7589 7590
f 7600 7599 7598
f 7601 7598 7599
f 7603 7602 7436
f 7603 7436 7437
f 7432 7436 7593
f 7593 7436 7602
f 7594 7439 7434
f 7595 7604 7594
f 7604 7439 7594
f 7604 7441 7439
f 7442 7441 7604
f 7442 7604 7605
f 7608 7607 7606
f 7606 7607 7600
f 7606 7600 7598
f 7445 7606 7598
f 7444 7445 7598
f 7601 7609 7598
f 7609 7444 7598
f 7609 7447 7444
f 7611 7610 7448
f 7447 7611 7448
f 7609 7611 7447
f 7611 7603 7610
f 7603 7450 7610
f 7603 7437 7450
f 7605 7612 7442
f 7442 7612 7452
f 7452 7613 7453
f 7612 7613 7452
f 7606 7454 7608
f 7454 7613 7608
f 7454 7453 7613
f 7454 7606 7445
f 7610 7455 7448
f 7455 7610 7450
f 7616 7615 7614
f 7614 7617 7616
f 7615 7618 7614
f 7614 7618 7617
f 7620 7619 7458
f 7458 7619 7457
f 7458 7459 7620
f 7620 7459 7621
f 7623 7622 7461
f 7461 7622 7460
f 7461 7457 7619
f 7461 7619 7623
f 7624 7621 7459
f 7624 7459 7462
f 7462 7463 7624
f 7624 7463 7625
f 7622 7464 7460
f 7626 7464 7622
f 7463 7466 7627
f 7628 7463 7627
f 7625 7463 7628
f 7468 7627 7466
f 7631 7630 7629
f 7626 7631 7629
f 7469 7626 7629
f 7464 7626 7469
f 7628 7627 7472
f 7471 7628 7472
f 7632 7628 7471
f 7472 7627 7468
f 7630 7633 7629
f 7633 7635 7634
f 7633 7634 7473
f 7629 7633 7473
f 7469 7629 7473
f 7636 7474 7473
f 7636 7473 7634
f 7474 7636 7637
f 7638 7474 7637
f 7475 7474 7638
f 7471 7475 7632
f 7632 7475 7638
f 7639 7477 7478
f 7479 7639 7478
f 7635 7640 7634
f 7634 7640 7636
f 7636 7640 7641
f 7636 7641 7637
f 7639 7480 7477
f 7480 7639 7479
f 7642 7482 7483
f 7642 7483 7643
f 7483 7644 7643
f 7483 7484 7644
f 7645 7484 7486
f 7645 7644 7484
f 7486 7488 7645
f 7645 7488 7646
f 7648 7647 7490
f 7490 7647 7489
f 7649 7490 7491
f 7649 7648 7490
f 7491 7493 7649
f 7649 7493 7650
f 7651 7495 7642
f 7642 7495 7482
f 7642 7643 7652
f 7642 7652 7651
f 7497 7654 7653
f 7646 7497 7653
f 7488 7497 7646
f 7654 7655 7653
f 7656 7498 7499
f 7657 7656 7499
f 7489 7657 7499
f 7647 7657 7489
f 7493 7500 7658
f 7659 7493 7658
f 7650 7493 7659
f 7501 7658 7500
f 7651 7502 7495
f 7504 7502 7651
f 7652 7504 7651
f 7660 7504 7652
f 7506 7661 7654
f 7506 7654 7497
f 7655 7654 7662
f 7662 7654 7661
f 7663 7507 7656
f 7656 7507 7498
f 7656 7657 7664
f 7656 7664 7663
f 7659 7658 7665
f 7659 7665 7666
f 7509 7665 7501
f 7501 7665 7658
f 7669 7668 7667
f 7667 7670 7510
f 7660 7667 7510
f 7504 7660 7510
f 7667 7660 7669
f 7671 7511 7510
f 7671 7510 7670
f 7661 7506 7511
f 7671 7661 7511
f 7672 7661 7671
f 7662 7661 7673
f 7673 7661 7672
f 7663 7512 7507
f 7514 7512 7663
f 7664 7514 7663
f 7674 7514 7664
f 7666 7665 7675
f 7666 7675 7676
f 7516 7675 7509
f 7509 7675 7665
f 7668 7677 7667
f 7667 7677 7670
f 7670 7677 7678
f 7680 7679 7678
f 7679 7670 7678
f 7679 7671 7670
f 7671 7681 7672
f 7671 7679 7681
f 7673 7672 7682
f 7682 7672 7681
f 7674 7518 7514
f 7683 7518 7674
f 7676 7675 7684
f 7676 7684 7685
f 7519 7684 7516
f 7516 7684 7675
f 7680 7686 7679
f 7688 7687 7686
f 7687 7679 7686
f 7687 7681 7679
f 7682 7681 7689
f 7689 7681 7687
f 7691 7520 7690
f 7520 7683 7690
f 7520 7518 7683
f 7521 7522 7691
f 7690 7521 7691
f 7692 7521 7690
f 7684 7523 7685
f 7523 7692 7685
f 7523 7521 7692
f 7523 7684 7519
f 7688 7693 7687
f 7693 7694 7687
f 7694 7695 7687
f 7696 7689 7687
f 7696 7687 7695
f 7695 7697 7696
f 7691 7524 7520
f 7524 7691 7522
f 7695 7694 7698
f 7698 7694 7699
f 7697 7695 7700
f 7695 7701 7700
f 7695 7698 7701
f 7701 7702 7700
f 7698 7699 7703
f 7703 7699 7704
f 7698 7705 7701
f 7698 7703 7705
f 7702 7701 7706
f 7706 7701 7705
f 7709 7708 7707
f 7711 7710 7707
f 7707 7710 7709
f 7710 7711 7704
f 7711 7703 7704
f 7711 7712 7703
f 7703 7713 7705
f 7703 7712 7713
f 7706 7705 7714
f 7714 7705 7713
f 7707 7708 7715
f 7715 7708 7716
f 7707 7717 7711
f 7707 7715 7717
f 7719 7712 7718
f 7712 7717 7718
f 7712 7711 7717
f 7712 7719 7713
f 7713 7719 7720
f 7713 7720 7714
f 7723 7722 7721
f 7721 7724 7723
f 7716 7725 7715
f 7715 7725 7717
f 7717 7725 7726
f 7717 7726 7718
f 7721 7722 7727
f 7727 7722 7728
f 7724 7721 7729
f 7721 7730 7729
f 7721 7727 7730
f 7730 7731 7729
f 7733 7732 7527
f 7527 7732 7526
f 7528 7727 7728
f 7733 7528 7728
f 7527 7528 7733
f 7730 7727 7734
f 7727 7530 7734
f 7530 7735 7734
f 7530 7727 7528
f 7730 7734 7731
f 7732 7532 7526
f 7736 7532 7732
f 7533 7737 7534
f 7737 7738 7534
f 7738 7530 7534
f 7738 7735 7530
f 7736 7739 7532
f 7532 7739 7535
f 7533 7535 7737
f 7535 7740 7737
f 7535 7739 7740
f 7737 7740 7738
f 7743 7742 7741
f 7745 7744 7741
f 7741 7744 7743
f 7745 7746 7744
f 7749 7748 7747
f 7749 7747 7742
f 7747 7741 7742
f 7747 7750 7741
f 7741 7751 7745
f 7741 7750 7751
f 7746 7745 7752
f 7752 7745 7751
f 7748 7753 7747
f 7755 7754 7753
f 7754 7747 7753
f 7754 7750 7747
f 7750 7756 7751
f 7750 7754 7756
f 7752 7751 7757
f 7757 7751 7756
f 7755 7758 7754
f 7754 7758 7756
f 7756 7758 7759
f 7756 7759 7757
f 7760 7536 7537
f 7760 7537 7761
f 7537 7762 7761
f 7537 7538 7762
f 7763 7538 7539
f 7763 7762 7538
f 7539 7540 7763
f 7763 7540 7764
f 7765 7542 7760
f 7760 7542 7536
f 7760 7761 7766
f 7760 7766 7765
f 7540 7543 7767
f 7768 7540 7767
f 7764 7540 7768
f 7544 7767 7543
f 7770 7769 7547
f 7547 7769 7546
f 7771 7547 7548
f 7771 7770 7547
f 7772 7548 7550
f 7772 7771 7548
f 7773 7550 7552
f 7773 7772 7550
f 7774 7552 7554
f 7774 7773 7552
f 7554 7542 7765
f 7775 7554 7765
f 7774 7554 7775
f 7775 7765 7766
f 7768 7767 7776
f 7768 7776 7777
f 7555 7778 7544
f 7778 7767 7544
f 7778 7776 7767
f 7556 7779 7555
f 7555 7779 7778
f 7557 7779 7556
f 7780 7559 7560
f 7561 7780 7560
f 7769 7563 7546
f 7781 7563 7769
f 7784 7783 7782
f 7782 7783 7777
f 7776 7782 7777
f 7785 7782 7776
f 7786 7776 7778
f 7785 7776 7786
f 7779 7788 7787
f 7786 7779 7787
f 7778 7779 7786
f 7788 7779 7557
f 7564 7788 7557
f 7789 7788 7564
f 7564 7565 7789
f 7789 7565 7790
f 7780 7566 7559
f 7566 7780 7561
f 7781 7568 7563
f 7791 7568 7781
f 7794 7793 7792
f 7796 7795 7792
f 7796 7792 7793
f 7795 7796 7784
f 7782 7795 7784
f 7797 7795 7782
f 7798 7782 7785
f 7797 7782 7798
f 7799 7785 7786
f 7798 7785 7799
f 7786 7787 7800
f 7786 7800 7799
f 7565 7569 7801
f 7802 7565 7801
f 7790 7565 7802
f 7571 7801 7569
f 7791 7803 7568
f 7568 7803 7572
f 7573 7572 7803
f 7573 7803 7804
f 7806 7805 7575
f 7806 7575 7576
f 7792 7578 7794
f 7578 7805 7794
f 7578 7575 7805
f 7578 7792 7580
f 7580 7792 7795
f 7580 7795 7581
f 7795 7807 7581
f 7795 7797 7807
f 7808 7797 7798
f 7807 7797 7808
f 7799 7810 7809
f 7808 7799 7809
f 7798 7799 7808
f 7810 7799 7800
f 7813 7812 7811
f 7811 7812 7802
f 7801 7811 7802
f 7814 7811 7801
f 7583 7814 7571
f 7571 7814 7801
f 7804 7815 7573
f 7573 7815 7584
f 7584 7816 7585
f 7815 7816 7584
f 7585 7817 7587
f 7816 7817 7585
f 7576 7587 7806
f 7806 7587 7817
f 7818 7590 7591
f 7581 7807 7591
f 7807 7818 7591
f 7807 7819 7818
f 7820 7807 7808
f 7819 7807 7820
f 7808 7809 7821
f 7822 7808 7821
f 7820 7808 7822
f 7824 7823 7822
f 7824 7822 7821
f 7823 7824 7813
f 7811 7823 7813
f 7825 7823 7811
f 7593 7825 7592
f 7825 7814 7592
f 7825 7811 7814
f 7592 7814 7583
f 7826 7595 7596
f 7597 7827 7596
f 7596 7827 7826
f 7590 7818 7597
f 7818 7827 7597
f 7818 7828 7827
f 7829 7818 7819
f 7828 7818 7829
f 7600 7829 7599
f 7829 7820 7599
f 7829 7819 7820
f 7599 7820 7601
f 7820 7830 7601
f 7820 7822 7830
f 7831 7822 7823
f 7830 7822 7831
f 7603 7831 7602
f 7831 7825 7602
f 7831 7823 7825
f 7602 7825 7593
f 7826 7604 7595
f 7604 7826 7605
f 7826 7832 7605
f 7826 7827 7832
f 7833 7827 7828
f 7832 7827 7833
f 7608 7833 7607
f 7833 7829 7607
f 7833 7828 7829
f 7607 7829 7600
f 7830 7609 7601
f 7609 7830 7611
f 7611 7830 7831
f 7611 7831 7603
f 7832 7612 7605
f 7612 7832 7613
f 7613 7832 7833
f 7613 7833 7608
f 7836 7835 7834
f 7834 7837 7836
f 7834 7835 7838
f 7838 7835 7839
f 7837 7834 7840
f 7840 7834 7838
f 7838 7839 7616
f 7839 7615 7616
f 7839 7841 7615
f 7843 7842 7617
f 7617 7842 7616
f 7842 7840 7616
f 7840 7838 7616
f 7843 7844 7842
f 7841 7845 7615
f 7615 7845 7618
f 7617 7618 7843
f 7618 7846 7843
f 7618 7845 7846
f 7843 7846 7844
f 7847 7619 7620
f 7621 7847 7620
f 7848 7622 7623
f 7849 7848 7623
f 7849 7623 7619
f 7850 7849 7619
f 7847 7850 7619
f 7852 7850 7851
f 7851 7850 7624
f 7850 7847 7624
f 7847 7621 7624
f 7625 7851 7624
f 7853 7626 7848
f 7848 7626 7622
f 7848 7849 7854
f 7848 7854 7853
f 7852 7851 7855
f 7852 7855 7856
f 7628 7855 7625
f 7625 7855 7851
f 7858 7857 7631
f 7631 7857 7630
f 7631 7626 7853
f 7859 7631 7853
f 7858 7631 7859
f 7859 7853 7854
f 7856 7855 7860
f 7856 7860 7861
f 7632 7860 7628
f 7628 7860 7855
f 7633 7630 7862
f 7630 7863 7862
f 7630 7857 7863
f 7862 7635 7633
f 7861 7860 7638
f 7637 7861 7638
f 7864 7861 7637
f 7638 7860 7632
f 7862 7863 7865
f 7865 7863 7866
f 7867 7640 7635
f 7862 7867 7635
f 7865 7867 7862
f 7640 7867 7868
f 7869 7640 7868
f 7641 7640 7869
f 7637 7641 7864
f 7864 7641 7869
f 7866 7870 7865
f 7865 7870 7867
f 7867 7870 7871
f 7867 7871 7868
f 7874 7873 7872
f 7876 7875 7872
f 7872 7875 7874
f 7876 7877 7875
f 7880 7879 7878
f 7880 7878 7873
f 7878 7872 7873
f 7878 7881 7872
f 7883 7876 7882
f 7876 7881 7882
f 7876 7872 7881
f 7876 7883 7877
f 7879 7884 7878
f 7878 7884 7881
f 7881 7884 7885
f 7881 7885 7882
f 7887 7886 7644
f 7644 7886 7643
f 7888 7644 7645
f 7888 7887 7644
f 7890 7889 7646
f 7889 7645 7646
f 7889 7888 7645
f 7892 7891 7890
f 7890 7891 7889
f 7892 7893 7891
f 7894 7647 7648
f 7649 7895 7648
f 7648 7895 7894
f 7650 7895 7649
f 7898 7897 7896
f 7886 7898 7896
f 7652 7886 7896
f 7643 7886 7652
f 7653 7890 7646
f 7890 7653 7655
f 7899 7890 7655
f 7892 7890 7899
f 7893 7892 7900
f 7900 7892 7899
f 7901 7657 7894
f 7894 7657 7647
f 7902 7894 7895
f 7901 7894 7902
f 7659 7902 7650
f 7650 7902 7895
f 7896 7897 7903
f 7903 7897 7904
f 7903 7660 7652
f 7903 7652 7896
f 7662 7905 7899
f 7662 7899 7655
f 7900 7899 7906
f 7899 7907 7906
f 7899 7905 7907
f 7907 7908 7906
f 7909 7664 7901
f 7901 7664 7657
f 7910 7901 7902
f 7909 7901 7910
f 7666 7910 7659
f 7659 7910 7902
f 7903 7904 7669
f 7904 7668 7669
f 7904 7911 7668
f 7903 7669 7660
f 7673 7912 7905
f 7673 7905 7662
f 7905 7913 7907
f 7905 7912 7913
f 7908 7907 7914
f 7914 7907 7913
f 7915 7674 7909
f 7909 7674 7664
f 7916 7909 7910
f 7915 7909 7916
f 7676 7916 7666
f 7666 7916 7910
f 7919 7918 7917
f 7917 7920 7677
f 7911 7917 7677
f 7668 7911 7677
f 7917 7911 7919
f 7921 7678 7677
f 7921 7677 7920
f 7921 7680 7678
f 7682 7922 7912
f 7682 7912 7673
f 7912 7923 7913
f 7912 7922 7923
f 7914 7913 7924
f 7924 7913 7923
f 7925 7683 7915
f 7915 7683 7674
f 7926 7915 7916
f 7925 7915 7926
f 7685 7926 7676
f 7676 7926 7916
f 7917 7918 7927
f 7927 7918 7928
f 7917 7929 7920
f 7917 7927 7929
f 7920 7930 7921
f 7920 7929 7930
f 7931 7686 7680
f 7921 7931 7680
f 7930 7931 7921
f 7931 7688 7686
f 7689 7932 7922
f 7689 7922 7682
f 7922 7933 7923
f 7922 7932 7933
f 7924 7923 7934
f 7934 7923 7933
f 7925 7690 7683
f 7690 7925 7692
f 7692 7925 7926
f 7692 7926 7685
f 7928 7935 7927
f 7927 7935 7929
f 7929 7935 7936
f 7929 7936 7930
f 7930 7936 7937
f 7930 7937 7931
f 7931 7937 7938
f 7938 7940 7939
f 7938 7939 7693
f 7931 7938 7693
f 7688 7931 7693
f 7696 7932 7689
f 7694 7693 7939
f 7932 7696 7697
f 7941 7932 7697
f 7933 7932 7941
f 7934 7933 7942
f 7942 7933 7941
f 7940 7943 7939
f 7694 7939 7943
f 7944 7694 7943
f 7699 7694 7944
f 7700 7941 7697
f 7946 7945 7702
f 7702 7945 7700
f 7945 7942 7700
f 7942 7941 7700
f 7946 7947 7945
f 7950 7949 7948
f 7944 7950 7948
f 7704 7944 7948
f 7699 7944 7704
f 7706 7951 7946
f 7706 7946 7702
f 7947 7946 7952
f 7952 7946 7951
f 7954 7953 7709
f 7709 7953 7708
f 7710 7948 7949
f 7954 7710 7949
f 7709 7710 7954
f 7948 7710 7704
f 7714 7955 7951
f 7714 7951 7706
f 7952 7951 7956
f 7951 7957 7956
f 7951 7955 7957
f 7957 7958 7956
f 7953 7716 7708
f 7959 7716 7953
f 7718 7960 7719
f 7961 7720 7719
f 7961 7719 7960
f 7961 7962 7720
f 7720 7962 7714
f 7962 7963 7714
f 7963 7955 7714
f 7964 7722 7723
f 7955 7964 7723
f 7957 7955 7723
f 7963 7964 7955
f 7723 7724 7957
f 7724 7958 7957
f 7724 7965 7958
f 7725 7716 7966
f 7716 7967 7966
f 7716 7959 7967
f 7725 7966 7968
f 7969 7725 7968
f 7726 7725 7969
f 7718 7726 7960
f 7726 7970 7960
f 7726 7969 7970
f 7960 7970 7961
f 7961 7970 7971
f 7961 7971 7962
f 7964 7728 7722
f 7972 7728 7964
f 7973 7965 7724
f 7973 7724 7729
f 7729 7731 7973
f 7973 7731 7974
f 7967 7975 7966
f 7966 7975 7968
f 7977 7976 7733
f 7733 7976 7732
f 7733 7728 7972
f 7733 7972 7977
f 7979 7978 7734
f 7979 7734 7735
f 7731 7734 7974
f 7974 7734 7978
f 7982 7981 7980
f 7976 7982 7980
f 7736 7976 7980
f 7732 7976 7736
f 7985 7984 7983
f 7984 7979 7983
f 7979 7738 7983
f 7979 7735 7738
f 7988 7987 7986
f 7990 7989 7986
f 7986 7989 7988
f 7992 7991 7990
f 7990 7991 7989
f 7992 7993 7991
f 7996 7995 7994
f 7996 7994 7981
f 7994 7980 7981
f 7994 7997 7980
f 7980 7997 7736
f 7997 7998 7736
f 7998 7739 7736
f 7997 7999 7998
f 7983 7740 7985
f 7740 7998 7985
f 7740 7739 7998
f 7740 7983 7738
f 8002 8001 8000
f 8002 8000 7987
f 7987 8000 7986
f 8000 7742 7986
f 7742 7743 7986
f 7986 7743 7744
f 7986 7744 7990
f 7990 7744 7746
f 8003 7990 7746
f 7992 7990 8003
f 7993 7992 8004
f 8004 7992 8003
f 7994 7995 8005
f 8005 7995 8006
f 8008 7997 8007
f 7997 8005 8007
f 7997 7994 8005
f 7997 8008 7999
f 8011 8010 8009
f 8011 8009 8001
f 8001 8009 8000
f 8009 7748 8000
f 7748 7749 8000
f 8000 7749 7742
f 7752 8012 8003
f 7752 8003 7746
f 8004 8003 8013
f 8013 8003 8012
f 8006 8014 8005
f 8005 8014 8007
f 8009 8010 8015
f 8015 8010 8016
f 8017 7753 7748
f 8009 8017 7748
f 8015 8017 8009
f 8017 7755 7753
f 7757 8018 8012
f 7757 8012 7752
f 8013 8012 8019
f 8019 8012 8018
f 8016 8020 8015
f 8015 8020 8017
f 8017 8020 8021
f 8017 8021 7755
f 8021 7758 7755
f 8021 8022 7758
f 8022 8024 8023
f 7759 8022 8023
f 7758 8022 7759
f 8018 7757 7759
f 8023 8018 7759
f 8025 8018 8023
f 8019 8018 8026
f 8026 8018 8025
f 8023 8024 8027
f 8027 8024 8028
f 8023 8029 8025
f 8023 8027 8029
f 8026 8025 8030
f 8030 8025 8029
f 8033 8032 8031
f 8031 8034 8033
f 8028 8035 8027
f 8027 8035 8029
f 8029 8035 8036
f 8029 8036 8030
f 8031 8032 8037
f 8037 8032 8038
f 7762 8039 7761
f 8039 8031 7761
f 8031 8037 7761
f 8031 8039 8034
f 8040 7762 7763
f 8040 8039 7762
f 7763 7764 8040
f 8040 7764 8041
f 8044 8043 8042
f 8042 8045 8044
f 8048 8047 8046
f 8050 8049 8046
f 8046 8049 8048
f 8052 8051 8050
f 8050 8051 8049
f 8051 8052 8038
f 8052 8037 8038
f 8052 8053 8037
f 8053 7766 7761
f 8053 7761 8037
f 8056 8055 8054
f 8055 8041 8054
f 8041 7768 8054
f 8041 7764 7768
f 8042 8043 8057
f 8057 8043 8058
f 8045 8042 8059
f 8059 8042 8057
f 8061 8060 7770
f 7770 8060 7769
f 8062 7770 7771
f 8062 8061 7770
f 7772 8046 8047
f 8062 7772 8047
f 7771 7772 8062
f 8046 7772 7773
f 8046 7773 8050
f 8050 7773 7774
f 8050 7774 8052
f 7775 8063 7774
f 8063 8064 7774
f 8065 7774 8064
f 7774 8065 8052
f 8066 8052 8065
f 8052 8066 8063
f 8063 8053 8052
f 7775 8053 8063
f 8063 8066 8064
f 8068 8067 8066
f 8068 8053 8067
f 8053 8068 7766
f 8069 7766 8068
f 7766 8069 7775
f 8067 7775 8069
f 8069 8064 8067
f 8067 8064 8066
f 8053 7775 8067
f 8069 8068 8056
f 8054 8069 8056
f 8070 8069 8054
f 7777 8070 7768
f 7768 8070 8054
f 8073 8072 8071
f 8071 8074 8073
f 8058 8075 8057
f 8057 8075 8059
f 8060 7781 7769
f 8076 7781 8060
f 8065 8064 8077
f 8065 8077 8078
f 8079 8064 8069
f 8077 8064 8079
f 7784 8079 7783
f 8079 8070 7783
f 8079 8069 8070
f 7783 8070 7777
f 8080 7787 7788
f 7789 8071 7788
f 8072 7788 8071
f 7788 8072 8080
f 8081 8080 8072
f 8080 8081 8082
f 8082 8081 7790
f 8081 8074 7790
f 8071 7789 7790
f 8071 7790 8074
f 8076 7791 7781
f 8083 7791 8076
f 8086 8085 8084
f 8084 8085 8078
f 8084 8078 8077
f 7794 8084 8077
f 7793 7794 8077
f 7793 8077 7796
f 7796 8077 8079
f 7796 8079 7784
f 8087 7800 8080
f 8080 7800 7787
f 8088 8080 8082
f 8087 8080 8088
f 7802 8088 7790
f 7790 8088 8082
f 8083 8089 7791
f 7791 8089 7803
f 8091 8090 7804
f 7803 8091 7804
f 8089 8091 7803
f 8092 8090 8091
f 8095 8094 8093
f 8093 8094 8086
f 8093 8086 8084
f 7806 8093 8084
f 7805 7806 8084
f 7805 8084 7794
f 8096 7809 7810
f 7800 8087 7810
f 8087 8096 7810
f 8087 8097 8096
f 7813 8097 7812
f 8097 8088 7812
f 8097 8087 8088
f 7812 8088 7802
f 8090 7815 7804
f 8092 8098 8090
f 8098 7815 8090
f 8098 7816 7815
f 8093 7817 8095
f 7817 8098 8095
f 7817 7816 8098
f 7817 8093 7806
f 8096 7821 7809
f 7821 8096 7824
f 7824 8096 8097
f 7824 8097 7813
f 8099 7835 7836
f 7837 8099 7836
f 8100 7839 8099
f 8099 7839 7835
f 7840 8100 7837
f 7837 8100 8099
f 8101 7841 8100
f 8100 7841 7839
f 7842 8102 7840
f 8102 8100 7840
f 8102 8101 8100
f 7844 8102 7842
f 8101 7845 7841
f 7845 8101 7846
f 7846 8101 8102
f 7846 8102 7844
f 8103 7849 7850
f 7852 8103 7850
f 8104 7854 8103
f 8103 7854 7849
f 7856 8104 7852
f 7852 8104 8103
f 8105 7857 7858
f 7859 8106 7858
f 7858 8106 8105
f 7854 8104 7859
f 8104 8106 7859
f 8104 8107 8106
f 7861 8107 7856
f 7856 8107 8104
f 8108 7863 8105
f 8105 7863 7857
f 8109 8105 8106
f 8108 8105 8109
f 8110 8106 8107
f 8109 8106 8110
f 7864 8110 7861
f 7861 8110 8107
f 8111 7866 8108
f 8108 7866 7863
f 8112 8108 8109
f 8111 8108 8112
f 7868 8112 7869
f 8112 8110 7869
f 8112 8109 8110
f 7869 8110 7864
f 8111 7870 7866
f 7870 8111 7871
f 7871 8111 8112
f 7871 8112 7868
f 8115 8114 8113
f 8113 8116 8115
f 8113 8114 7874
f 8114 7873 7874
f 8114 8117 7873
f 8118 8116 8113
f 7874 8118 8113
f 7875 8118 7874
f 7875 7877 8118
f 8118 7877 8119
f 8120 7879 7880
f 8121 8120 7880
f 7873 8121 7880
f 8117 8121 7873
f 7882 8122 7883
f 8122 8123 7883
f 8123 7877 7883
f 8123 8119 7877
f 8120 7884 7879
f 7885 7884 8120
f 8124 7885 8120
f 8121 8124 8120
f 8125 7885 8124
f 8125 8126 7885
f 7885 8126 7882
f 8126 8127 7882
f 8127 8122 7882
f 8122 8127 8123
f 8128 7886 7887
f 8128 7887 8129
f 7887 8130 8129
f 7887 7888 8130
f 8131 7888 7889
f 8131 8130 7888
f 8133 8131 8132
f 8131 7891 8132
f 8131 7889 7891
f 7893 8132 7891
f 8124 8134 8125
f 8125 8134 8126
f 8135 7897 7898
f 8136 8135 7898
f 8136 7898 7886
f 8137 8136 7886
f 8128 8137 7886
f 8137 8128 8129
f 8138 8133 8132
f 8132 7893 8138
f 7893 8139 8138
f 7893 7900 8139
f 8142 8141 8140
f 8140 8143 8142
f 8145 8144 8135
f 8144 7897 8135
f 8144 7904 7897
f 8145 8135 8136
f 8146 8139 7900
f 8146 7900 7906
f 7906 7908 8146
f 8146 7908 8147
f 8150 8149 8148
f 8150 8148 8141
f 8148 8140 8141
f 8148 8151 8140
f 8143 8140 8152
f 8152 8140 8151
f 8155 8154 8153
f 8153 8156 8155
f 8144 7911 7904
f 8157 7911 8144
f 7914 8159 8158
f 8147 7914 8158
f 7908 7914 8147
f 8158 8159 8149
f 8159 8148 8149
f 8159 8160 8148
f 8148 8161 8151
f 8148 8160 8161
f 8152 8151 8162
f 8162 8151 8161
f 8165 8164 8163
f 8165 8163 8154
f 8163 8153 8154
f 8163 8166 8153
f 8156 8153 8167
f 8167 8153 8166
f 8170 8169 8168
f 8168 8171 8170
f 8172 7918 7919
f 8173 8172 7919
f 7911 8173 7919
f 8157 8173 7911
f 7924 8174 8159
f 7924 8159 7914
f 8159 8175 8160
f 8159 8174 8175
f 8177 8161 8176
f 8161 8175 8176
f 8161 8160 8175
f 8161 8177 8162
f 8164 8178 8163
f 8180 8179 8178
f 8179 8163 8178
f 8179 8166 8163
f 8167 8166 8181
f 8181 8166 8179
f 8169 8182 8168
f 8168 8182 8171
f 8183 7928 8172
f 8172 7928 7918
f 8172 8173 8184
f 8172 8184 8183
f 7934 8185 8174
f 7934 8174 7924
f 8174 8186 8175
f 8174 8185 8186
f 8176 8175 8187
f 8187 8175 8186
f 8180 8188 8179
f 8179 8188 8181
f 8183 7935 7928
f 7936 7935 8183
f 8189 7936 8183
f 8184 8189 8183
f 8190 7936 8189
f 8191 7937 7936
f 8191 7936 8190
f 8192 7938 7937
f 8192 7937 8191
f 8192 7940 7938
f 7942 8193 8185
f 7942 8185 7934
f 8185 8194 8186
f 8185 8193 8194
f 8187 8186 8195
f 8195 8186 8194
f 8190 8189 8196
f 8196 8189 8197
f 8190 8198 8191
f 8190 8196 8198
f 8191 8199 8192
f 8191 8198 8199
f 8200 7943 7940
f 8192 8200 7940
f 8199 8200 8192
f 8200 7944 7943
f 7945 8193 7942
f 8194 8193 8201
f 8193 7947 8201
f 7947 8202 8201
f 7947 8193 7945
f 8194 8201 8195
f 8196 8197 8203
f 8203 8197 8204
f 8196 8205 8198
f 8196 8203 8205
f 8198 8206 8199
f 8198 8205 8206
f 8206 7949 7950
f 8200 8206 7950
f 8199 8206 8200
f 8200 7950 7944
f 7952 8208 8207
f 8202 7952 8207
f 7947 7952 8202
f 8208 8209 8207
f 8203 8204 8210
f 8210 8204 8211
f 8203 8212 8205
f 8203 8210 8212
f 8212 7953 7954
f 8206 8212 7954
f 8205 8212 8206
f 8206 7954 7949
f 7956 8208 7952
f 7956 7958 8208
f 7958 8209 8208
f 7958 8213 8209
f 8211 8214 8210
f 8216 8215 8214
f 8215 8210 8214
f 8215 8212 8210
f 8215 7959 7953
f 8215 7953 8212
f 8218 8217 7963
f 8218 7963 7962
f 7964 7963 8217
f 7964 8217 8219
f 7965 8213 7958
f 7965 8220 8213
f 8223 8222 8221
f 8221 8224 8223
f 8216 8225 8215
f 7959 8215 8225
f 8226 7959 8225
f 7967 7959 8226
f 7968 8227 7969
f 8228 7970 7969
f 8228 7969 8227
f 7970 8228 8229
f 8230 7970 8229
f 7971 7970 8230
f 7962 7971 8218
f 8218 7971 8230
f 8219 7972 7964
f 8231 7972 8219
f 8232 8220 7965
f 8232 7965 7973
f 7973 7974 8232
f 8232 7974 8233
f 8221 8222 8234
f 8234 8222 8235
f 8224 8221 8236
f 8221 8237 8236
f 8221 8234 8237
f 8237 8238 8236
f 8226 8239 7967
f 7967 8239 7975
f 7968 7975 8227
f 7975 8240 8227
f 7975 8239 8240
f 8242 8241 8240
f 8241 8227 8240
f 8241 8228 8227
f 8229 8228 8243
f 8228 8244 8243
f 8228 8241 8244
f 7976 7977 8244
f 7977 8243 8244
f 7977 8245 8243
f 7977 7972 8231
f 7977 8231 8245
f 7979 8246 7978
f 8246 8247 7978
f 8247 7974 7978
f 8247 8233 7974
f 8250 8249 8248
f 8252 8251 8248
f 8248 8251 8250
f 8254 8253 8252
f 8252 8253 8251
f 8253 8254 8235
f 8254 8234 8235
f 8254 8255 8234
f 8234 8256 8237
f 8234 8255 8256
f 8238 8237 8257
f 8257 8237 8256
f 8241 8242 8258
f 8258 8242 8259
f 8258 7981 7982
f 8244 8258 7982
f 8241 8258 8244
f 8244 7982 7976
f 7985 8260 7984
f 8260 8261 7984
f 7984 8261 7979
f 8261 8262 7979
f 8262 8246 7979
f 8246 8262 8247
f 8248 8249 8263
f 8263 8249 8264
f 8263 7987 7988
f 8252 8263 7988
f 8248 8263 8252
f 8252 7988 7989
f 8252 7989 8254
f 8254 7989 7991
f 8254 7991 8255
f 8256 8255 8265
f 8255 7993 8265
f 7993 8266 8265
f 7993 8255 7991
f 8256 8265 8257
f 8269 8268 8267
f 8269 8267 8259
f 8259 8267 8258
f 8267 7995 8258
f 7995 7996 8258
f 8258 7996 7981
f 7999 8270 7998
f 8270 8271 7998
f 7998 8271 7985
f 8271 8272 7985
f 8272 8260 7985
f 8260 8272 8261
f 8275 8274 8273
f 8275 8273 8264
f 8264 8273 8263
f 8273 8001 8263
f 8001 8002 8263
f 8263 8002 7987
f 8004 8266 7993
f 8004 8276 8266
f 8267 8268 8277
f 8277 8268 8278
f 8277 8006 7995
f 8277 7995 8267
f 8007 8279 8008
f 8279 8280 8008
f 8008 8280 7999
f 8280 8281 7999
f 8281 8270 7999
f 8270 8281 8271
f 8273 8274 8011
f 8274 8010 8011
f 8274 8282 8010
f 8273 8011 8001
f 8013 8276 8004
f 8013 8283 8276
f 8278 8284 8277
f 8277 8284 8006
f 8284 8014 8006
f 8284 8285 8014
f 8014 8285 8007
f 8285 8286 8007
f 8286 8279 8007
f 8286 8285 8287
f 8280 8279 8288
f 8288 8279 8286
f 8282 8016 8010
f 8289 8016 8282
f 8019 8283 8013
f 8019 8290 8283
f 8287 8291 8286
f 8286 8291 8288
f 8020 8016 8292
f 8016 8293 8292
f 8016 8289 8293
f 8294 8021 8020
f 8294 8020 8292
f 8295 8022 8021
f 8295 8021 8294
f 8295 8024 8022
f 8026 8290 8019
f 8026 8296 8290
f 8299 8298 8297
f 8301 8300 8297
f 8297 8300 8299
f 8301 8302 8300
f 8292 8293 8303
f 8303 8293 8304
f 8306 8294 8305
f 8294 8303 8305
f 8294 8292 8303
f 8294 8306 8295
f 8295 8306 8307
f 8024 8295 8307
f 8308 8024 8307
f 8028 8024 8308
f 8030 8296 8026
f 8030 8309 8296
f 8312 8311 8310
f 8312 8310 8298
f 8298 8310 8297
f 8310 8032 8297
f 8032 8033 8297
f 8297 8033 8034
f 8313 8297 8034
f 8301 8297 8313
f 8302 8301 8314
f 8301 8315 8314
f 8301 8313 8315
f 8315 8316 8314
f 8303 8304 8317
f 8317 8304 8318
f 8305 8303 8319
f 8319 8303 8317
f 8035 8028 8320
f 8028 8321 8320
f 8028 8308 8321
f 8035 8320 8322
f 8323 8035 8322
f 8036 8035 8323
f 8030 8036 8309
f 8309 8036 8323
f 8310 8311 8324
f 8324 8311 8325
f 8324 8038 8032
f 8324 8032 8310
f 8039 8313 8034
f 8313 8039 8040
f 8313 8040 8315
f 8040 8041 8315
f 8041 8316 8315
f 8041 8326 8316
f 8318 8327 8317
f 8317 8327 8319
f 8320 8321 8328
f 8328 8321 8329
f 8322 8320 8330
f 8330 8320 8328
f 8332 8331 8044
f 8044 8331 8043
f 8044 8045 8332
f 8332 8045 8333
f 8334 8047 8048
f 8334 8048 8335
f 8048 8336 8335
f 8048 8049 8336
f 8051 8324 8325
f 8336 8051 8325
f 8049 8051 8336
f 8324 8051 8038
f 8056 8337 8055
f 8337 8338 8055
f 8338 8041 8055
f 8338 8326 8041
f 8341 8340 8339
f 8339 8342 8341
f 8329 8343 8328
f 8328 8343 8330
f 8331 8058 8043
f 8344 8058 8331
f 8059 8333 8045
f 8059 8345 8333
f 8346 8060 8061
f 8062 8347 8061
f 8061 8347 8346
f 8047 8334 8062
f 8334 8347 8062
f 8334 8348 8347
f 8334 8335 8349
f 8334 8349 8348
f 8351 8350 8066
f 8351 8066 8065
f 8066 8352 8068
f 8350 8352 8066
f 8056 8068 8337
f 8068 8353 8337
f 8068 8352 8353
f 8337 8353 8338
f 8355 8354 8340
f 8354 8072 8340
f 8073 8339 8340
f 8073 8340 8072
f 8354 8355 8074
f 8355 8342 8074
f 8339 8073 8074
f 8339 8074 8342
f 8075 8058 8356
f 8058 8357 8356
f 8058 8344 8357
f 8356 8358 8075
f 8358 8059 8075
f 8358 8345 8059
f 8359 8076 8346
f 8346 8076 8060
f 8360 8346 8347
f 8359 8346 8360
f 8348 8362 8361
f 8360 8348 8361
f 8347 8348 8360
f 8362 8348 8349
f 8365 8364 8363
f 8364 8351 8363
f 8351 8078 8363
f 8351 8065 8078
f 8354 8081 8072
f 8081 8354 8074
f 8356 8357 8366
f 8366 8357 8367
f 8358 8356 8368
f 8368 8356 8366
f 8369 8083 8359
f 8359 8083 8076
f 8370 8359 8360
f 8369 8359 8370
f 8360 8361 8371
f 8372 8360 8371
f 8370 8360 8372
f 8374 8373 8372
f 8374 8372 8371
f 8373 8374 8365
f 8373 8365 8363
f 8086 8373 8363
f 8085 8086 8363
f 8085 8363 8078
f 8367 8375 8366
f 8366 8375 8368
f 8369 8089 8083
f 8089 8369 8091
f 8091 8369 8370
f 8091 8370 8092
f 8370 8376 8092
f 8370 8372 8376
f 8095 8376 8094
f 8376 8373 8094
f 8376 8372 8373
f 8094 8373 8086
f 8376 8098 8092
f 8098 8376 8095
f 8379 8378 8377
f 8377 8380 8379
f 8378 8381 8377
f 8377 8381 8380
f 8382 8114 8115
f 8116 8382 8115
f 8384 8383 8382
f 8383 8114 8382
f 8383 8117 8114
f 8384 8382 8116
f 8118 8384 8116
f 8385 8384 8118
f 8118 8119 8385
f 8385 8119 8386
f 8383 8121 8117
f 8387 8121 8383
f 8123 8386 8119
f 8123 8388 8386
f 8391 8390 8389
f 8389 8392 8391
f 8387 8124 8121
f 8393 8124 8387
f 8395 8394 8127
f 8395 8127 8126
f 8123 8127 8388
f 8388 8127 8394
f 8389 8390 8130
f 8390 8129 8130
f 8390 8396 8129
f 8397 8392 8389
f 8130 8397 8389
f 8131 8397 8130
f 8131 8133 8397
f 8397 8133 8398
f 8393 8399 8124
f 8124 8399 8134
f 8126 8134 8395
f 8395 8134 8399
f 8401 8400 8137
f 8137 8400 8136
f 8137 8129 8396
f 8137 8396 8401
f 8402 8398 8133
f 8402 8133 8138
f 8404 8403 8139
f 8403 8138 8139
f 8403 8402 8138
f 8404 8405 8403
f 8407 8406 8142
f 8142 8406 8141
f 8409 8408 8143
f 8408 8142 8143
f 8408 8407 8142
f 8411 8410 8409
f 8409 8410 8408
f 8411 8412 8410
f 8413 8144 8145
f 8414 8413 8145
f 8136 8414 8145
f 8400 8414 8136
f 8146 8404 8139
f 8416 8415 8147
f 8147 8415 8146
f 8415 8405 8146
f 8405 8404 8146
f 8416 8149 8415
f 8149 8150 8415
f 8418 8417 8415
f 8418 8415 8150
f 8419 8418 8150
f 8141 8419 8150
f 8406 8419 8141
f 8152 8420 8409
f 8152 8409 8143
f 8422 8411 8421
f 8411 8420 8421
f 8411 8409 8420
f 8411 8422 8412
f 8425 8424 8423
f 8154 8155 8423
f 8155 8425 8423
f 8155 8426 8425
f 8155 8156 8426
f 8426 8156 8427
f 8428 8157 8413
f 8413 8157 8144
f 8413 8414 8429
f 8413 8429 8428
f 8158 8416 8147
f 8418 8430 8417
f 8149 8416 8158
f 8430 8418 8419
f 8432 8431 8420
f 8152 8432 8420
f 8162 8432 8152
f 8420 8431 8421
f 8423 8424 8165
f 8424 8164 8165
f 8424 8433 8164
f 8423 8165 8154
f 8167 8427 8156
f 8167 8434 8427
f 8435 8169 8170
f 8171 8435 8170
f 8436 8173 8428
f 8428 8173 8157
f 8428 8429 8437
f 8428 8437 8436
f 8176 8438 8177
f 8438 8439 8177
f 8439 8162 8177
f 8439 8432 8162
f 8433 8440 8164
f 8164 8440 8178
f 8442 8441 8180
f 8178 8442 8180
f 8440 8442 8178
f 8442 8434 8441
f 8434 8181 8441
f 8434 8167 8181
f 8435 8182 8169
f 8182 8435 8171
f 8444 8443 8436
f 8443 8173 8436
f 8443 8184 8173
f 8444 8436 8437
f 8446 8445 8438
f 8176 8446 8438
f 8187 8446 8176
f 8438 8445 8439
f 8441 8188 8180
f 8188 8441 8181
f 8443 8189 8184
f 8447 8189 8443
f 8195 8446 8187
f 8195 8448 8446
f 8451 8450 8449
f 8449 8452 8451
f 8447 8197 8189
f 8453 8197 8447
f 8202 8454 8201
f 8454 8455 8201
f 8455 8195 8201
f 8455 8448 8195
f 8449 8450 8456
f 8456 8450 8457
f 8452 8449 8458
f 8449 8459 8458
f 8449 8456 8459
f 8459 8460 8458
f 8453 8204 8197
f 8461 8204 8453
f 8207 8454 8202
f 8207 8209 8454
f 8209 8455 8454
f 8209 8462 8455
f 8457 8463 8456
f 8456 8463 8459
f 8459 8463 8464
f 8459 8464 8460
f 8466 8211 8465
f 8211 8461 8465
f 8211 8204 8461
f 8467 8466 8465
f 8213 8462 8209
f 8213 8468 8462
f 8471 8470 8469
f 8473 8472 8469
f 8469 8472 8471
f 8473 8474 8472
f 8466 8214 8211
f 8476 8475 8216
f 8476 8216 8214
f 8467 8476 8214
f 8466 8467 8214
f 8477 8475 8476
f 8218 8478 8217
f 8478 8219 8217
f 8220 8468 8213
f 8220 8479 8468
f 8469 8470 8480
f 8480 8470 8481
f 8469 8482 8473
f 8469 8480 8482
f 8223 8483 8222
f 8483 8473 8222
f 8473 8482 8222
f 8473 8483 8474
f 8223 8224 8483
f 8483 8224 8484
f 8475 8225 8216
f 8486 8485 8226
f 8486 8226 8225
f 8477 8486 8225
f 8475 8477 8225
f 8487 8485 8486
f 8229 8488 8230
f 8478 8218 8230
f 8488 8478 8230
f 8489 8478 8488
f 8489 8231 8219
f 8489 8219 8478
f 8220 8232 8490
f 8491 8220 8490
f 8479 8220 8491
f 8233 8490 8232
f 8480 8481 8492
f 8492 8481 8493
f 8480 8494 8482
f 8480 8492 8494
f 8494 8235 8222
f 8494 8222 8482
f 8495 8484 8224
f 8495 8224 8236
f 8236 8238 8495
f 8495 8238 8496
f 8485 8239 8226
f 8240 8239 8485
f 8497 8240 8485
f 8487 8497 8485
f 8498 8240 8497
f 8498 8242 8240
f 8243 8488 8229
f 8488 8243 8245
f 8488 8245 8489
f 8489 8245 8231
f 8491 8490 8499
f 8491 8499 8500
f 8247 8499 8233
f 8233 8499 8490
f 8502 8501 8250
f 8250 8501 8249
f 8251 8492 8493
f 8502 8251 8493
f 8250 8251 8502
f 8492 8251 8253
f 8492 8253 8494
f 8494 8253 8235
f 8257 8496 8238
f 8257 8503 8496
f 8497 8504 8498
f 8242 8498 8504
f 8505 8242 8504
f 8259 8242 8505
f 8500 8499 8262
f 8261 8500 8262
f 8506 8500 8261
f 8262 8499 8247
f 8501 8264 8249
f 8507 8264 8501
f 8266 8508 8265
f 8508 8509 8265
f 8509 8257 8265
f 8509 8503 8257
f 8510 8268 8269
f 8511 8510 8269
f 8259 8511 8269
f 8505 8511 8259
f 8513 8512 8272
f 8513 8272 8271
f 8261 8272 8506
f 8506 8272 8512
f 8515 8514 8275
f 8275 8514 8274
f 8275 8264 8507
f 8275 8507 8515
f 8518 8517 8516
f 8517 8519 8508
f 8276 8517 8508
f 8266 8276 8508
f 8516 8517 8276
f 8508 8519 8509
f 8520 8278 8510
f 8510 8278 8268
f 8510 8511 8521
f 8510 8521 8520
f 8280 8522 8281
f 8522 8523 8281
f 8523 8271 8281
f 8523 8513 8271
f 8514 8282 8274
f 8524 8282 8514
f 8518 8516 8525
f 8518 8525 8526
f 8283 8525 8276
f 8276 8525 8516
f 8520 8284 8278
f 8285 8284 8520
f 8527 8285 8520
f 8521 8527 8520
f 8528 8285 8527
f 8528 8287 8285
f 8530 8529 8522
f 8280 8530 8522
f 8288 8530 8280
f 8522 8529 8523
f 8524 8289 8282
f 8531 8289 8524
f 8526 8525 8532
f 8526 8532 8533
f 8290 8532 8283
f 8283 8532 8525
f 8528 8527 8534
f 8534 8527 8535
f 8536 8291 8287
f 8528 8536 8287
f 8534 8536 8528
f 8536 8537 8291
f 8537 8288 8291
f 8537 8530 8288
f 8540 8539 8538
f 8542 8541 8538
f 8538 8541 8540
f 8544 8543 8542
f 8542 8543 8541
f 8544 8545 8543
f 8531 8293 8289
f 8546 8293 8531
f 8533 8532 8547
f 8533 8547 8548
f 8296 8547 8290
f 8290 8547 8532
f 8535 8549 8534
f 8551 8550 8549
f 8550 8534 8549
f 8550 8536 8534
f 8537 8536 8552
f 8552 8536 8550
f 8538 8539 8299
f 8539 8298 8299
f 8539 8553 8298
f 8538 8299 8300
f 8538 8300 8542
f 8542 8300 8302
f 8554 8542 8302
f 8544 8542 8554
f 8545 8544 8555
f 8555 8544 8554
f 8546 8304 8293
f 8556 8304 8546
f 8305 8557 8306
f 8558 8307 8306
f 8558 8306 8557
f 8558 8308 8307
f 8548 8547 8559
f 8548 8559 8560
f 8309 8559 8296
f 8296 8559 8547
f 8551 8561 8550
f 8550 8561 8552
f 8563 8562 8312
f 8312 8562 8311
f 8312 8298 8553
f 8312 8553 8563
f 8314 8554 8302
f 8565 8564 8316
f 8316 8564 8314
f 8564 8555 8314
f 8555 8554 8314
f 8565 8566 8564
f 8569 8568 8567
f 8556 8569 8567
f 8318 8556 8567
f 8304 8556 8318
f 8319 8570 8557
f 8319 8557 8305
f 8557 8571 8558
f 8557 8570 8571
f 8571 8321 8308
f 8571 8308 8558
f 8560 8559 8323
f 8322 8560 8323
f 8572 8560 8322
f 8323 8559 8309
f 8575 8574 8573
f 8577 8576 8573
f 8573 8576 8575
f 8577 8578 8576
f 8562 8325 8311
f 8579 8325 8562
f 8326 8580 8565
f 8326 8565 8316
f 8566 8565 8581
f 8581 8565 8580
f 8568 8582 8567
f 8582 8584 8583
f 8582 8583 8327
f 8567 8582 8327
f 8318 8567 8327
f 8570 8319 8327
f 8583 8570 8327
f 8585 8570 8583
f 8570 8586 8571
f 8570 8585 8586
f 8586 8329 8321
f 8586 8321 8571
f 8330 8572 8322
f 8330 8587 8572
f 8588 8331 8332
f 8589 8588 8574
f 8332 8574 8588
f 8574 8332 8573
f 8333 8573 8332
f 8573 8333 8590
f 8573 8591 8577
f 8573 8590 8591
f 8578 8577 8592
f 8592 8577 8591
f 8594 8593 8336
f 8336 8593 8335
f 8336 8325 8579
f 8336 8579 8594
f 8596 8595 8580
f 8326 8596 8580
f 8338 8596 8326
f 8580 8595 8581
f 8597 8340 8341
f 8342 8597 8341
f 8584 8598 8583
f 8600 8599 8598
f 8599 8583 8598
f 8599 8585 8583
f 8585 8601 8586
f 8585 8599 8601
f 8586 8601 8329
f 8601 8602 8329
f 8602 8343 8329
f 8601 8603 8602
f 8330 8343 8587
f 8587 8343 8602
f 8604 8344 8588
f 8588 8344 8331
f 8590 8333 8605
f 8345 8605 8333
f 8606 8588 8589
f 8588 8606 8604
f 8608 8591 8607
f 8591 8605 8607
f 8591 8590 8605
f 8591 8608 8592
f 8610 8349 8609
f 8349 8593 8609
f 8349 8335 8593
f 8612 8611 8610
f 8612 8610 8609
f 8350 8351 8611
f 8612 8350 8611
f 8613 8350 8612
f 8350 8614 8352
f 8613 8614 8350
f 8352 8615 8353
f 8614 8615 8352
f 8338 8353 8596
f 8596 8353 8615
f 8597 8355 8340
f 8355 8597 8342
f 8600 8616 8599
f 8599 8616 8601
f 8601 8616 8617
f 8601 8617 8603
f 8618 8357 8604
f 8604 8357 8344
f 8605 8345 8619
f 8358 8619 8345
f 8620 8604 8606
f 8604 8620 8618
f 8607 8605 8621
f 8621 8605 8619
f 8622 8361 8362
f 8349 8610 8362
f 8610 8622 8362
f 8610 8623 8622
f 8365 8623 8364
f 8623 8611 8364
f 8623 8610 8611
f 8364 8611 8351
f 8624 8367 8618
f 8618 8367 8357
f 8619 8358 8625
f 8368 8625 8358
f 8626 8618 8620
f 8618 8626 8624
f 8621 8619 8627
f 8627 8619 8625
f 8622 8371 8361
f 8371 8622 8374
f 8374 8622 8623
f 8374 8623 8365
f 8624 8375 8367
f 8624 8626 8375
f 8626 8628 8375
f 8625 8368 8375
f 8625 8375 8628
f 8625 8628 8627
f 8629 8378 8379
f 8380 8629 8379
f 8629 8381 8378
f 8381 8629 8380
f 8630 8383 8384
f 8385 8631 8384
f 8384 8631 8630
f 8386 8631 8385
f 8632 8387 8630
f 8630 8387 8383
f 8633 8630 8631
f 8632 8630 8633
f 8388 8633 8386
f 8386 8633 8631
f 8635 8634 8391
f 8391 8634 8390
f 8637 8636 8392
f 8636 8391 8392
f 8636 8635 8391
f 8639 8638 8637
f 8637 8638 8636
f 8639 8640 8638
f 8641 8393 8632
f 8632 8393 8387
f 8395 8641 8394
f 8641 8633 8394
f 8641 8632 8633
f 8394 8633 8388
f 8634 8396 8390
f 8642 8396 8634
f 8397 8637 8392
f 8637 8397 8398
f 8643 8637 8398
f 8639 8637 8643
f 8640 8639 8644
f 8639 8645 8644
f 8639 8643 8645
f 8647 8646 8645
f 8645 8646 8644
f 8649 8648 8647
f 8647 8648 8646
f 8651 8650 8649
f 8649 8650 8648
f 8651 8652 8650
f 8655 8654 8653
f 8657 8656 8653
f 8653 8656 8655
f 8659 8658 8657
f 8657 8658 8656
f 8659 8660 8658
f 8641 8399 8393
f 8399 8641 8395
f 8662 8661 8401
f 8401 8661 8400
f 8401 8396 8642
f 8401 8642 8662
f 8402 8643 8398
f 8643 8402 8403
f 8643 8403 8645
f 8645 8403 8405
f 8663 8645 8405
f 8647 8645 8663
f 8647 8664 8649
f 8647 8663 8664
f 8664 8406 8407
f 8651 8664 8407
f 8649 8664 8651
f 8665 8652 8651
f 8407 8665 8651
f 8408 8665 8407
f 8410 8653 8654
f 8665 8410 8654
f 8408 8410 8665
f 8653 8410 8412
f 8666 8653 8412
f 8657 8653 8666
f 8668 8659 8667
f 8659 8666 8667
f 8659 8657 8666
f 8659 8668 8660
f 8661 8414 8400
f 8669 8414 8661
f 8415 8663 8405
f 8663 8415 8417
f 8670 8663 8417
f 8664 8663 8670
f 8670 8419 8406
f 8670 8406 8664
f 8672 8671 8422
f 8672 8422 8421
f 8412 8422 8666
f 8422 8673 8666
f 8422 8671 8673
f 8666 8673 8667
f 8675 8674 8425
f 8425 8674 8424
f 8676 8425 8426
f 8676 8675 8425
f 8426 8427 8676
f 8676 8427 8677
f 8669 8429 8414
f 8678 8429 8669
f 8430 8670 8417
f 8670 8430 8419
f 8432 8679 8431
f 8679 8680 8431
f 8680 8421 8431
f 8680 8672 8421
f 8674 8433 8424
f 8681 8433 8674
f 8434 8677 8427
f 8434 8682 8677
f 8678 8437 8429
f 8683 8437 8678
f 8686 8685 8684
f 8685 8687 8679
f 8439 8685 8679
f 8432 8439 8679
f 8684 8685 8439
f 8679 8687 8680
f 8681 8688 8433
f 8433 8688 8440
f 8440 8689 8442
f 8688 8689 8440
f 8434 8442 8682
f 8682 8442 8689
f 8690 8443 8444
f 8691 8690 8444
f 8437 8691 8444
f 8683 8691 8437
f 8686 8684 8445
f 8446 8686 8445
f 8692 8686 8446
f 8445 8684 8439
f 8693 8447 8690
f 8690 8447 8443
f 8690 8691 8694
f 8690 8694 8693
f 8448 8692 8446
f 8448 8695 8692
f 8696 8450 8451
f 8452 8696 8451
f 8697 8453 8693
f 8693 8453 8447
f 8693 8694 8698
f 8693 8698 8697
f 8455 8695 8448
f 8455 8699 8695
f 8701 8700 8696
f 8700 8450 8696
f 8700 8457 8450
f 8703 8701 8702
f 8702 8701 8458
f 8701 8696 8458
f 8696 8452 8458
f 8460 8702 8458
f 8705 8704 8697
f 8704 8453 8697
f 8704 8461 8453
f 8705 8697 8698
f 8462 8699 8455
f 8462 8706 8699
f 8700 8707 8457
f 8457 8707 8463
f 8702 8464 8703
f 8464 8707 8703
f 8464 8463 8707
f 8464 8702 8460
f 8704 8708 8461
f 8461 8708 8465
f 8467 8465 8708
f 8467 8708 8709
f 8468 8706 8462
f 8468 8710 8706
f 8711 8470 8471
f 8711 8471 8712
f 8471 8713 8712
f 8471 8472 8713
f 8472 8474 8713
f 8713 8474 8714
f 8709 8715 8467
f 8467 8715 8476
f 8477 8476 8715
f 8477 8715 8716
f 8479 8710 8468
f 8479 8717 8710
f 8719 8718 8711
f 8718 8470 8711
f 8718 8481 8470
f 8719 8711 8712
f 8720 8714 8474
f 8720 8474 8483
f 8483 8484 8720
f 8720 8484 8721
f 8716 8722 8477
f 8477 8722 8486
f 8487 8486 8722
f 8487 8722 8723
f 8726 8725 8724
f 8727 8724 8725
f 8491 8717 8479
f 8491 8728 8717
f 8718 8493 8481
f 8729 8493 8718
f 8730 8721 8484
f 8730 8484 8495
f 8495 8496 8730
f 8730 8496 8731
f 8733 8497 8732
f 8497 8723 8732
f 8497 8487 8723
f 8734 8733 8732
f 8726 8724 8735
f 8726 8735 8736
f 8724 8727 8737
f 8724 8737 8735
f 8500 8728 8491
f 8500 8738 8728
f 8739 8501 8502
f 8740 8739 8502
f 8493 8740 8502
f 8729 8740 8493
f 8503 8731 8496
f 8503 8741 8731
f 8733 8504 8497
f 8505 8504 8733
f 8734 8505 8733
f 8742 8505 8734
f 8743 8736 8735
f 8746 8745 8744
f 8737 8743 8735
f 8746 8738 8745
f 8738 8506 8745
f 8738 8500 8506
f 8749 8748 8747
f 8751 8750 8747
f 8747 8750 8749
f 8751 8752 8750
f 8753 8507 8739
f 8739 8507 8501
f 8739 8740 8754
f 8739 8754 8753
f 8757 8756 8755
f 8756 8741 8755
f 8741 8509 8755
f 8741 8503 8509
f 8742 8511 8505
f 8758 8511 8742
f 8744 8745 8512
f 8513 8744 8512
f 8759 8744 8513
f 8512 8745 8506
f 8747 8748 8760
f 8760 8748 8761
f 8763 8751 8762
f 8751 8760 8762
f 8751 8747 8760
f 8751 8763 8752
f 8765 8764 8515
f 8515 8764 8514
f 8515 8507 8753
f 8766 8515 8753
f 8765 8515 8766
f 8766 8753 8754
f 8768 8767 8517
f 8768 8517 8518
f 8755 8519 8757
f 8519 8767 8757
f 8519 8517 8767
f 8519 8755 8509
f 8758 8521 8511
f 8769 8521 8758
f 8523 8759 8513
f 8523 8770 8759
f 8773 8772 8771
f 8775 8774 8771
f 8771 8774 8773
f 8777 8776 8775
f 8775 8776 8774
f 8777 8778 8776
f 8761 8779 8760
f 8760 8779 8762
f 8764 8524 8514
f 8780 8524 8764
f 8526 8768 8518
f 8526 8781 8768
f 8769 8527 8521
f 8782 8527 8769
f 8530 8783 8529
f 8783 8784 8529
f 8784 8523 8529
f 8784 8770 8523
f 8771 8772 8785
f 8785 8772 8786
f 8771 8787 8775
f 8771 8785 8787
f 8775 8788 8777
f 8775 8787 8788
f 8778 8777 8789
f 8777 8790 8789
f 8777 8788 8790
f 8790 8791 8789
f 8780 8531 8524
f 8792 8531 8780
f 8533 8781 8526
f 8533 8793 8781
f 8782 8535 8527
f 8794 8535 8782
f 8796 8795 8783
f 8530 8796 8783
f 8537 8796 8530
f 8783 8795 8784
f 8799 8798 8797
f 8799 8797 8786
f 8786 8797 8785
f 8797 8539 8785
f 8539 8540 8785
f 8785 8540 8541
f 8785 8541 8787
f 8787 8541 8543
f 8787 8543 8788
f 8788 8543 8545
f 8800 8788 8545
f 8790 8788 8800
f 8791 8790 8801
f 8801 8790 8800
f 8792 8546 8531
f 8802 8546 8792
f 8548 8793 8533
f 8548 8803 8793
f 8794 8804 8535
f 8535 8804 8549
f 8806 8805 8551
f 8549 8806 8551
f 8804 8806 8549
f 8806 8796 8805
f 8796 8552 8805
f 8796 8537 8552
f 8797 8798 8807
f 8807 8798 8808
f 8807 8553 8539
f 8807 8539 8797
f 8555 8809 8800
f 8555 8800 8545
f 8801 8800 8810
f 8810 8800 8809
f 8802 8556 8546
f 8811 8556 8802
f 8560 8803 8548
f 8560 8812 8803
f 8805 8561 8551
f 8561 8805 8552
f 8807 8808 8563
f 8808 8562 8563
f 8808 8813 8562
f 8807 8563 8553
f 8564 8809 8555
f 8564 8566 8809
f 8566 8810 8809
f 8566 8814 8810
f 8816 8815 8569
f 8569 8815 8568
f 8569 8556 8811
f 8569 8811 8816
f 8572 8812 8560
f 8572 8817 8812
f 8819 8818 8575
f 8575 8818 8574
f 8820 8575 8576
f 8820 8819 8575
f 8576 8578 8820
f 8820 8578 8821
f 8824 8823 8822
f 8813 8824 8822
f 8579 8813 8822
f 8562 8813 8579
f 8827 8826 8825
f 8826 8814 8825
f 8814 8581 8825
f 8814 8566 8581
f 8815 8828 8568
f 8568 8828 8582
f 8584 8582 8828
f 8584 8828 8829
f 8832 8831 8830
f 8834 8833 8830
f 8834 8830 8831
f 8834 8817 8833
f 8817 8587 8833
f 8817 8572 8587
f 8818 8589 8574
f 8835 8589 8818
f 8592 8821 8578
f 8592 8836 8821
f 8822 8823 8594
f 8823 8593 8594
f 8823 8837 8593
f 8822 8594 8579
f 8840 8839 8838
f 8842 8841 8838
f 8842 8838 8839
f 8841 8842 8827
f 8841 8827 8825
f 8596 8841 8825
f 8595 8596 8825
f 8595 8825 8581
f 8829 8843 8584
f 8584 8843 8598
f 8845 8844 8600
f 8598 8845 8600
f 8843 8845 8598
f 8844 8845 8832
f 8830 8844 8832
f 8846 8844 8830
f 8603 8846 8602
f 8846 8833 8602
f 8846 8830 8833
f 8602 8833 8587
f 8835 8606 8589
f 8847 8606 8835
f 8607 8848 8608
f 8848 8849 8608
f 8849 8592 8608
f 8849 8836 8592
f 8837 8850 8593
f 8593 8850 8609
f 8609 8851 8612
f 8850 8851 8609
f 8612 8852 8613
f 8851 8852 8612
f 8838 8614 8840
f 8614 8852 8840
f 8614 8613 8852
f 8614 8838 8615
f 8615 8838 8841
f 8615 8841 8596
f 8844 8616 8600
f 8616 8844 8617
f 8617 8844 8846
f 8617 8846 8603
f 8847 8620 8606
f 8853 8620 8847
f 8621 8854 8848
f 8621 8848 8607
f 8849 8848 8855
f 8855 8848 8854
f 8857 8626 8856
f 8626 8853 8856
f 8626 8620 8853
f 8627 8858 8621
f 8858 8857 8621
f 8856 8621 8857
f 8621 8856 8854
f 8859 8854 8856
f 8854 8859 8858
f 8858 8860 8854
f 8627 8860 8858
f 8858 8859 8857
f 8855 8854 8861
f 8861 8854 8860
f 8857 8628 8626
f 8857 8859 8628
f 8859 8862 8628
f 8860 8627 8628
f 8860 8628 8862
f 8860 8862 8861
f 8863 8634 8635
f 8863 8635 8864
f 8635 8865 8864
f 8635 8636 8865
f 8866 8636 8638
f 8866 8865 8636
f 8868 8867 8640
f 8867 8638 8640
f 8867 8866 8638
f 8870 8869 8868
f 8868 8869 8867
f 8870 8871 8869
f 8874 8873 8872
f 8872 8875 8874
f 8878 8877 8876
f 8879 8878 8863
f 8878 8642 8863
f 8642 8634 8863
f 8878 8876 8642
f 8879 8863 8864
f 8644 8868 8640
f 8868 8644 8646
f 8868 8646 8870
f 8880 8871 8870
f 8646 8880 8870
f 8648 8880 8646
f 8881 8648 8650
f 8881 8880 8648
f 8650 8652 8881
f 8881 8652 8882
f 8884 8883 8655
f 8655 8883 8654
f 8656 8872 8873
f 8884 8656 8873
f 8655 8656 8884
f 8885 8875 8872
f 8656 8885 8872
f 8658 8885 8656
f 8658 8660 8885
f 8885 8660 8886
f 8876 8877 8662
f 8877 8661 8662
f 8877 8887 8661
f 8876 8662 8642
f 8888 8882 8652
f 8888 8652 8665
f 8665 8654 8883
f 8665 8883 8888
f 8667 8889 8668
f 8889 8890 8668
f 8890 8660 8668
f 8890 8886 8660
f 8887 8669 8661
f 8891 8669 8887
f 8893 8892 8671
f 8893 8671 8672
f 8671 8894 8673
f 8892 8894 8671
f 8667 8673 8889
f 8673 8895 8889
f 8673 8894 8895
f 8889 8895 8890
f 8896 8674 8675
f 8676 8897 8675
f 8675 8897 8896
f 8677 8897 8676
f 8891 8678 8669
f 8898 8678 8891
f 8901 8900 8899
f 8900 8893 8899
f 8893 8680 8899
f 8893 8672 8680
f 8902 8681 8896
f 8896 8681 8674
f 8903 8896 8897
f 8902 8896 8903
f 8682 8903 8677
f 8677 8903 8897
f 8898 8683 8678
f 8904 8683 8898
f 8906 8905 8685
f 8906 8685 8686
f 8899 8687 8901
f 8687 8905 8901
f 8687 8685 8905
f 8687 8899 8680
f 8902 8688 8681
f 8688 8902 8689
f 8689 8902 8903
f 8689 8903 8682
f 8904 8691 8683
f 8907 8691 8904
f 8692 8906 8686
f 8692 8908 8906
f 8907 8694 8691
f 8909 8694 8907
f 8695 8908 8692
f 8695 8910 8908
f 8909 8698 8694
f 8911 8698 8909
f 8699 8913 8912
f 8910 8699 8912
f 8695 8699 8910
f 8913 8914 8912
f 8915 8700 8701
f 8703 8915 8701
f 8917 8916 8705
f 8705 8916 8704
f 8705 8698 8911
f 8705 8911 8917
f 8919 8918 8913
f 8699 8919 8913
f 8706 8919 8699
f 8913 8918 8914
f 8915 8707 8700
f 8707 8915 8703
f 8916 8920 8704
f 8704 8920 8708
f 8709 8708 8920
f 8709 8920 8921
f 8710 8919 8706
f 8710 8922 8919
f 8923 8712 8713
f 8714 8923 8713
f 8921 8924 8709
f 8709 8924 8715
f 8716 8715 8924
f 8716 8924 8925
f 8928 8927 8926
f 8930 8929 8926
f 8930 8926 8927
f 8930 8922 8929
f 8922 8717 8929
f 8922 8710 8717
f 8931 8718 8719
f 8932 8931 8719
f 8932 8719 8712
f 8933 8932 8712
f 8923 8933 8712
f 8933 8923 8714
f 8720 8933 8714
f 8934 8933 8720
f 8720 8721 8934
f 8934 8721 8935
f 8925 8936 8716
f 8716 8936 8722
f 8723 8722 8936
f 8723 8936 8937
f 8940 8939 8938
f 8938 8939 8928
f 8938 8928 8926
f 8726 8938 8926
f 8725 8726 8926
f 8725 8926 8727
f 8926 8941 8727
f 8926 8929 8941
f 8728 8941 8717
f 8717 8941 8929
f 8942 8729 8931
f 8931 8729 8718
f 8931 8932 8943
f 8931 8943 8942
f 8721 8730 8944
f 8945 8721 8944
f 8935 8721 8945
f 8731 8944 8730
f 8937 8946 8723
f 8723 8946 8732
f 8734 8732 8946
f 8734 8946 8947
f 8940 8938 8948
f 8940 8948 8949
f 8736 8948 8726
f 8726 8948 8938
f 8950 8737 8941
f 8941 8737 8727
f 8738 8950 8728
f 8728 8950 8941
f 8953 8952 8951
f 8951 8954 8953
f 8955 8740 8942
f 8942 8740 8729
f 8942 8943 8956
f 8942 8956 8955
f 8945 8944 8957
f 8945 8957 8958
f 8741 8957 8731
f 8731 8957 8944
f 8960 8742 8959
f 8742 8947 8959
f 8742 8734 8947
f 8960 8959 8949
f 8948 8960 8949
f 8961 8960 8948
f 8743 8962 8736
f 8962 8948 8736
f 8962 8961 8948
f 8743 8737 8962
f 8737 8950 8962
f 8746 8744 8962
f 8746 8962 8950
f 8746 8950 8738
f 8965 8964 8963
f 8964 8966 8963
f 8969 8968 8967
f 8969 8967 8952
f 8967 8951 8952
f 8967 8970 8951
f 8954 8951 8971
f 8951 8972 8971
f 8951 8970 8972
f 8748 8749 8972
f 8749 8971 8972
f 8749 8973 8971
f 8975 8973 8974
f 8973 8750 8974
f 8973 8749 8750
f 8752 8974 8750
f 8977 8976 8955
f 8976 8740 8955
f 8976 8754 8740
f 8977 8955 8956
f 8980 8979 8978
f 8978 8979 8958
f 8978 8958 8957
f 8757 8978 8957
f 8756 8757 8957
f 8756 8957 8741
f 8981 8758 8960
f 8960 8758 8742
f 8982 8960 8961
f 8981 8960 8982
f 8962 8984 8983
f 8982 8962 8983
f 8961 8962 8982
f 8744 8759 8962
f 8759 8985 8962
f 8985 8984 8962
f 8985 8759 8986
f 8988 8987 8986
f 8987 8964 8986
f 8965 8985 8986
f 8965 8986 8964
f 8964 8987 8966
f 8991 8990 8989
f 8991 8989 8968
f 8989 8967 8968
f 8989 8992 8967
f 8967 8993 8970
f 8967 8992 8993
f 8970 8994 8972
f 8970 8993 8994
f 8994 8761 8748
f 8994 8748 8972
f 8975 8974 8763
f 8762 8975 8763
f 8995 8975 8762
f 8763 8974 8752
f 8996 8764 8765
f 8766 8997 8765
f 8765 8997 8996
f 8998 8997 8766
f 8754 8998 8766
f 8976 8998 8754
f 8980 8978 8767
f 8768 8980 8767
f 8999 8980 8768
f 8767 8978 8757
f 9001 9000 8981
f 9000 8758 8981
f 9000 8769 8758
f 9001 8981 8982
f 9001 8982 9002
f 9002 8982 8983
f 8770 9003 8986
f 8770 8986 8759
f 8988 8986 9004
f 9004 8986 9003
f 9007 9006 9005
f 8772 8773 9005
f 8773 9007 9005
f 8773 9008 9007
f 9009 8773 8774
f 9009 9008 8773
f 8776 8989 8990
f 9009 8776 8990
f 8774 8776 9009
f 8989 8776 8778
f 9010 8989 8778
f 8992 8989 9010
f 8992 9011 8993
f 8992 9010 9011
f 8993 9012 8994
f 8993 9011 9012
f 9013 8779 8761
f 8994 9013 8761
f 9012 9013 8994
f 9013 9014 8779
f 9014 8762 8779
f 9014 8995 8762
f 9016 9015 8996
f 9015 8764 8996
f 9015 8780 8764
f 9016 8996 8997
f 9016 8997 9017
f 9017 8997 8998
f 9020 9019 9018
f 9019 8999 9018
f 8999 8781 9018
f 8999 8768 8781
f 9000 8782 8769
f 9021 8782 9000
f 8784 9022 9003
f 8784 9003 8770
f 9004 9003 9023
f 9003 9024 9023
f 9003 9022 9024
f 9023 9024 9006
f 9024 9005 9006
f 9024 9025 9005
f 9025 8786 8772
f 9025 8772 9005
f 8789 9010 8778
f 9011 9010 9026
f 9010 8791 9026
f 8791 9027 9026
f 8791 9010 8789
f 9011 9026 9012
f 9012 9026 9028
f 9012 9028 9013
f 9013 9028 9029
f 9013 9029 9014
f 9015 8792 8780
f 9030 8792 9015
f 9031 9020 9018
f 9018 8781 9031
f 8781 9032 9031
f 8781 8793 9032
f 9021 8794 8782
f 9033 8794 9021
f 9035 9034 8795
f 9035 8795 8796
f 8784 8795 9022
f 8795 9036 9022
f 8795 9034 9036
f 9022 9036 9024
f 9024 9036 9037
f 9038 8798 8799
f 9024 9038 8799
f 9025 9024 8799
f 9037 9038 9024
f 9025 8799 8786
f 8801 9027 8791
f 8801 9039 9027
f 9030 8802 8792
f 9040 8802 9030
f 8803 9032 8793
f 8803 9041 9032
f 9033 9042 8794
f 8794 9042 8804
f 8804 9043 8806
f 9042 9043 8804
f 8796 8806 9035
f 9035 8806 9043
f 9038 8808 8798
f 9044 8808 9038
f 8810 9046 9045
f 9039 8810 9045
f 8801 8810 9039
f 9046 9047 9045
f 9050 9049 9048
f 9040 9050 9048
f 8811 9040 9048
f 8802 9040 8811
f 9053 9052 9051
f 9052 9041 9051
f 9041 8812 9051
f 9041 8803 8812
f 9044 8813 8808
f 9054 8813 9044
f 8814 9055 9046
f 8814 9046 8810
f 9047 9046 9056
f 9056 9046 9055
f 9059 9058 9057
f 9059 9057 9049
f 9049 9057 9048
f 9057 8815 9048
f 8815 8816 9048
f 9048 8816 8811
f 9062 9061 9060
f 9064 9063 9060
f 9064 9060 9061
f 9063 9064 9053
f 9051 9063 9053
f 9065 9063 9051
f 8817 9065 8812
f 8812 9065 9051
f 9067 9066 8819
f 8819 9066 8818
f 9068 8819 8820
f 9068 9067 8819
f 8820 8821 9068
f 9068 8821 9069
f 9070 8823 8824
f 9071 9070 8824
f 8813 9071 8824
f 9054 9071 8813
f 9074 9073 9072
f 8826 8827 9072
f 9073 8826 9072
f 9075 8826 9073
f 8826 9075 8814
f 9075 9076 8814
f 9076 9055 8814
f 9076 9075 9077
f 9056 9055 9078
f 9078 9055 9076
f 9058 9079 9057
f 9057 9079 8815
f 9079 8828 8815
f 9079 9080 8828
f 9082 9081 8829
f 8828 9082 8829
f 9080 9082 8828
f 9081 9082 9062
f 9060 9081 9062
f 9083 9081 9060
f 8832 9083 8831
f 9083 9063 8831
f 9083 9060 9063
f 8831 9063 8834
f 8834 9063 9065
f 8834 9065 8817
f 9066 8835 8818
f 9084 8835 9066
f 8836 9069 8821
f 8836 9085 9069
f 9086 8837 9070
f 9070 8837 8823
f 9070 9071 9087
f 9088 9070 9087
f 9086 9070 9088
f 9090 9089 9088
f 9090 9088 9087
f 8839 8840 9089
f 9090 8839 9089
f 9091 8839 9090
f 9072 8842 9074
f 8842 9091 9074
f 8842 8839 9091
f 8842 9072 8827
f 9077 9092 9076
f 9076 9092 9078
f 9081 8843 8829
f 8843 9081 8845
f 8845 9081 9083
f 8845 9083 8832
f 9084 8847 8835
f 9093 8847 9084
f 8849 9085 8836
f 8849 9094 9085
f 9086 8850 8837
f 8850 9086 8851
f 8851 9086 9088
f 8851 9088 8852
f 8852 9088 9089
f 8852 9089 8840
f 9093 8853 8847
f 9095 8853 9093
f 8855 9094 8849
f 8855 9096 9094
f 9095 9097 8853
f 8853 9097 8856
f 8859 8856 9097
f 8859 9097 9098
f 8861 9096 8855
f 8861 9099 9096
f 9098 9100 8859
f 8859 9100 8862
f 8861 8862 9099
f 9099 8862 9100
f 9102 9101 8865
f 8865 9101 8864
f 9103 8865 8866
f 9103 9102 8865
f 9104 8866 8867
f 9104 9103 8866
f 9105 8867 8869
f 9105 9104 8867
f 8869 8871 9105
f 9105 8871 9106
f 9107 8873 8874
f 8875 9107 8874
f 9109 9108 8878
f 8878 9108 8877
f 9110 8878 8879
f 9110 9109 8878
f 8879 8864 9101
f 8879 9101 9110
f 9111 9106 8871
f 9111 8871 8880
f 9113 9111 9112
f 9111 8881 9112
f 9111 8880 8881
f 8882 9112 8881
f 9115 9114 8884
f 8884 9114 8883
f 8884 8873 9107
f 9116 8884 9107
f 9115 8884 9116
f 9116 9107 8875
f 8885 9116 8875
f 9117 9116 8885
f 8885 8886 9117
f 9117 8886 9118
f 9108 8887 8877
f 9119 8887 9108
f 9120 9113 9112
f 9122 9120 9121
f 9121 9120 8888
f 9120 9112 8888
f 9112 8882 8888
f 9123 9121 8888
f 8883 9123 8888
f 9114 9123 8883
f 8890 9118 8886
f 8890 9124 9118
f 9127 9126 9125
f 9119 9127 9125
f 8891 9119 9125
f 8887 9119 8891
f 9122 9121 9128
f 9122 9128 9129
f 9130 8892 8893
f 9121 9130 8893
f 9128 9121 8893
f 9130 9121 9123
f 8892 9131 8894
f 9130 9131 8892
f 8894 9132 8895
f 9131 9132 8894
f 8890 8895 9124
f 9124 8895 9132
f 9125 9126 9133
f 9133 9126 9134
f 9133 8898 8891
f 9133 8891 9125
f 9137 9136 9135
f 9135 9136 9129
f 9135 9129 9128
f 8901 9135 9128
f 8900 8901 9128
f 8900 9128 8893
f 9133 9134 9138
f 9138 9134 9139
f 9138 8904 8898
f 9138 8898 9133
f 9137 9135 8905
f 8906 9137 8905
f 9140 9137 8906
f 8905 9135 8901
f 9143 9142 9141
f 9143 9141 9139
f 9141 9138 9139
f 9141 9144 9138
f 9144 8907 8904
f 9144 8904 9138
f 8908 9140 8906
f 8908 9145 9140
f 9142 9146 9141
f 9148 9147 9146
f 9147 9141 9146
f 9147 9144 9141
f 9147 8909 8907
f 9147 8907 9144
f 8910 9145 8908
f 8910 9149 9145
f 9148 9150 9147
f 8909 9147 9150
f 9151 8909 9150
f 8911 8909 9151
f 9152 9149 8910
f 9152 8910 8912
f 8912 8914 9152
f 9152 8914 9153
f 9154 8916 8917
f 9155 9154 8917
f 8911 9155 8917
f 9151 9155 8911
f 8919 9156 8918
f 9156 9157 8918
f 9157 8914 8918
f 9157 9153 8914
f 9154 8920 8916
f 8921 8920 9154
f 9155 8921 9154
f 9158 8921 9155
f 9160 9159 9156
f 8919 9160 9156
f 8922 9160 8919
f 9156 9159 9157
f 9158 9161 8921
f 8921 9161 8924
f 8925 8924 9161
f 8925 9161 9162
f 9164 9163 8927
f 9164 8927 8928
f 8927 9165 8930
f 9163 9165 8927
f 8922 8930 9160
f 9160 8930 9165
f 9167 9166 8933
f 8933 9166 8932
f 9169 9167 9168
f 9167 8934 9168
f 9167 8933 8934
f 8935 9168 8934
f 9162 9170 8925
f 8925 9170 8936
f 8937 8936 9170
f 8937 9170 9171
f 9173 9172 8939
f 9173 8939 8940
f 8928 8939 9164
f 9164 8939 9172
f 9166 8943 8932
f 9174 8943 9166
f 9169 9168 9175
f 9169 9175 9176
f 8945 9175 8935
f 8935 9175 9168
f 9171 9177 8937
f 8937 9177 8946
f 9179 9178 8947
f 8946 9179 8947
f 9177 9179 8946
f 9179 9173 9178
f 9173 8949 9178
f 9173 8940 8949
f 9182 9181 9180
f 9180 9183 9182
f 9186 9185 9184
f 8952 8953 9184
f 8953 9186 9184
f 8953 9187 9186
f 8953 8954 9187
f 9187 8954 9188
f 9174 8956 8943
f 9189 8956 9174
f 9176 9175 9190
f 9176 9190 9191
f 8958 9190 8945
f 8945 9190 9175
f 9178 8959 8947
f 8959 9178 8949
f 9180 9181 8963
f 9181 8965 8963
f 9181 9192 8965
f 9194 9193 8966
f 8966 9193 8963
f 9193 9183 8963
f 9183 9180 8963
f 9194 9195 9193
f 9184 9185 8969
f 9185 8968 8969
f 9185 9196 8968
f 9184 8969 8952
f 8954 8971 9197
f 9198 8954 9197
f 9188 8954 9198
f 8973 9199 8971
f 8971 9199 9197
f 8975 9199 8973
f 9200 8976 8977
f 8956 9189 9201
f 9200 8956 9201
f 9202 9200 9201
f 8977 8956 9200
f 9202 9201 9191
f 9202 9191 9190
f 8980 9202 9190
f 8979 8980 9190
f 8979 9190 8958
f 9203 8983 8984
f 9203 8984 9204
f 8984 9205 9204
f 8984 8985 9205
f 9192 9206 8965
f 9192 8987 9206
f 8987 9192 9207
f 9205 9207 9192
f 9207 9205 8988
f 9206 8988 9205
f 9205 8985 9206
f 9206 8985 8965
f 8987 8988 9206
f 9194 8966 8987
f 9207 9194 8987
f 9208 9194 9207
f 9195 9194 9209
f 9209 9194 9208
f 9211 9210 8991
f 8991 9210 8990
f 8991 8968 9196
f 8991 9196 9211
f 9212 9198 9197
f 9214 9213 9212
f 9197 9214 9212
f 9199 9214 9197
f 8995 9214 8975
f 8975 9214 9199
f 9215 8998 9200
f 9200 8998 8976
f 9216 9200 9202
f 9215 9200 9216
f 8999 9216 8980
f 8980 9216 9202
f 9218 9217 9001
f 9001 9217 9000
f 9219 9001 9002
f 9219 9218 9001
f 9002 8983 9203
f 9220 9002 9203
f 9219 9002 9220
f 9220 9203 9204
f 9004 9221 9207
f 9004 9207 8988
f 9221 9006 9007
f 9208 9221 9007
f 9207 9221 9208
f 9222 9209 9208
f 9007 9222 9208
f 9008 9222 9007
f 9223 9008 9009
f 9223 9222 9008
f 9009 8990 9210
f 9009 9210 9223
f 9213 9214 9224
f 9213 9224 9225
f 9014 9224 8995
f 8995 9224 9214
f 9226 9015 9016
f 9017 9227 9016
f 9016 9227 9226
f 9228 9227 9017
f 9228 9017 8998
f 9229 9228 8998
f 9215 9229 8998
f 9020 9230 9019
f 9230 9215 9019
f 9215 9216 9019
f 9230 9229 9215
f 9019 9216 8999
f 9217 9021 9000
f 9231 9021 9217
f 9023 9221 9004
f 9221 9023 9006
f 9027 9232 9026
f 9026 9232 9233
f 9234 9026 9233
f 9028 9026 9234
f 9224 9029 9225
f 9029 9234 9225
f 9029 9028 9234
f 9029 9224 9014
f 9235 9030 9226
f 9226 9030 9015
f 9227 9237 9236
f 9235 9227 9236
f 9226 9227 9235
f 9237 9227 9228
f 9020 9031 9238
f 9239 9020 9238
f 9230 9020 9239
f 9032 9238 9031
f 9231 9033 9021
f 9240 9033 9231
f 9035 9241 9034
f 9242 9036 9034
f 9242 9034 9241
f 9243 9037 9036
f 9243 9036 9242
f 9243 9038 9037
f 9039 9244 9232
f 9039 9232 9027
f 9233 9232 9245
f 9245 9232 9244
f 9246 9040 9235
f 9235 9040 9030
f 9235 9236 9247
f 9235 9247 9246
f 9239 9238 9248
f 9239 9248 9249
f 9041 9248 9032
f 9032 9248 9238
f 9240 9250 9033
f 9033 9250 9042
f 9042 9251 9043
f 9250 9251 9042
f 9035 9043 9241
f 9043 9252 9241
f 9043 9251 9252
f 9241 9252 9242
f 9242 9252 9253
f 9255 9254 9253
f 9254 9242 9253
f 9254 9243 9242
f 9254 9044 9038
f 9254 9038 9243
f 9045 9244 9039
f 9045 9047 9244
f 9047 9245 9244
f 9047 9256 9245
f 9257 9049 9050
f 9040 9246 9050
f 9246 9257 9050
f 9246 9258 9257
f 9246 9247 9259
f 9260 9246 9259
f 9258 9246 9260
f 9261 9260 9259
f 9249 9248 9052
f 9053 9249 9052
f 9262 9249 9053
f 9052 9248 9041
f 9255 9263 9254
f 9054 9044 9254
f 9264 9054 9254
f 9263 9264 9254
f 9054 9264 9265
f 9266 9265 9264
f 9056 9256 9047
f 9056 9267 9256
f 9268 9058 9059
f 9049 9257 9059
f 9257 9268 9059
f 9257 9269 9268
f 9270 9257 9258
f 9269 9257 9270
f 9062 9270 9061
f 9270 9260 9061
f 9270 9258 9260
f 9261 9271 9260
f 9271 9061 9260
f 9271 9064 9061
f 9053 9064 9262
f 9262 9064 9271
f 9272 9066 9067
f 9068 9273 9067
f 9067 9273 9272
f 9069 9273 9068
f 9274 9071 9265
f 9265 9071 9054
f 9265 9266 9275
f 9276 9265 9275
f 9274 9265 9276
f 9278 9277 9276
f 9278 9276 9275
f 9073 9074 9277
f 9278 9073 9277
f 9279 9073 9278
f 9279 9281 9280
f 9075 9279 9280
f 9073 9279 9075
f 9280 9077 9075
f 9078 9267 9056
f 9078 9282 9267
f 9268 9079 9058
f 9079 9268 9080
f 9080 9268 9269
f 9080 9269 9082
f 9082 9269 9270
f 9082 9270 9062
f 9283 9084 9272
f 9272 9084 9066
f 9273 9285 9284
f 9283 9273 9284
f 9272 9273 9283
f 9273 9069 9285
f 9069 9286 9285
f 9069 9085 9286
f 9274 9087 9071
f 9087 9274 9090
f 9090 9274 9276
f 9090 9276 9091
f 9091 9276 9277
f 9091 9277 9074
f 9281 9287 9280
f 9280 9287 9077
f 9287 9092 9077
f 9287 9288 9092
f 9078 9092 9282
f 9282 9092 9288
f 9289 9093 9283
f 9283 9093 9084
f 9283 9284 9290
f 9283 9290 9289
f 9094 9292 9291
f 9286 9094 9291
f 9085 9094 9286
f 9292 9293 9291
f 9294 9095 9289
f 9289 9095 9093
f 9289 9290 9295
f 9289 9295 9294
f 9096 9296 9292
f 9096 9292 9094
f 9293 9292 9297
f 9297 9292 9296
f 9294 9097 9095
f 9299 9298 9098
f 9299 9098 9097
f 9295 9299 9097
f 9294 9295 9097
f 9299 9300 9296
f 9099 9299 9296
f 9096 9099 9296
f 9298 9299 9099
f 9296 9300 9297
f 9298 9100 9098
f 9100 9298 9099
f 9302 9301 9102
f 9102 9301 9101
f 9303 9102 9103
f 9303 9302 9102
f 9304 9103 9104
f 9304 9303 9103
f 9305 9104 9105
f 9305 9304 9104
f 9105 9106 9305
f 9305 9106 9306
f 9307 9108 9109
f 9307 9109 9308
f 9109 9309 9308
f 9109 9110 9309
f 9110 9101 9301
f 9110 9301 9309
f 9310 9306 9106
f 9310 9106 9111
f 9312 9311 9113
f 9311 9111 9113
f 9311 9310 9111
f 9312 9313 9311
f 9314 9114 9115
f 9116 9315 9115
f 9115 9315 9314
f 9117 9316 9116
f 9116 9316 9315
f 9118 9316 9117
f 9317 9119 9307
f 9307 9119 9108
f 9307 9308 9318
f 9307 9318 9317
f 9120 9312 9113
f 9120 9122 9312
f 9122 9313 9312
f 9122 9319 9313
f 9320 9123 9314
f 9314 9123 9114
f 9321 9314 9315
f 9320 9314 9321
f 9322 9315 9316
f 9321 9315 9322
f 9124 9322 9118
f 9118 9322 9316
f 9324 9323 9127
f 9127 9323 9126
f 9127 9119 9317
f 9325 9127 9317
f 9324 9127 9325
f 9325 9317 9318
f 9328 9327 9326
f 9327 9319 9326
f 9319 9129 9326
f 9319 9122 9129
f 9320 9130 9123
f 9130 9320 9131
f 9131 9320 9321
f 9131 9321 9132
f 9132 9321 9322
f 9132 9322 9124
f 9331 9330 9329
f 9323 9331 9329
f 9134 9323 9329
f 9126 9323 9134
f 9328 9326 9136
f 9137 9328 9136
f 9332 9328 9137
f 9136 9326 9129
f 9329 9330 9333
f 9333 9330 9334
f 9333 9139 9134
f 9333 9134 9329
f 9140 9332 9137
f 9140 9335 9332
f 9333 9334 9143
f 9334 9142 9143
f 9334 9336 9142
f 9333 9143 9139
f 9145 9335 9140
f 9145 9337 9335
f 9336 9338 9142
f 9142 9338 9146
f 9148 9146 9338
f 9148 9338 9339
f 9149 9337 9145
f 9149 9340 9337
f 9339 9341 9148
f 9148 9341 9150
f 9151 9150 9341
f 9151 9341 9342
f 9149 9152 9343
f 9344 9149 9343
f 9340 9149 9344
f 9153 9343 9152
f 9346 9155 9345
f 9155 9342 9345
f 9155 9151 9342
f 9347 9346 9345
f 9344 9343 9348
f 9344 9348 9349
f 9157 9348 9153
f 9153 9348 9343
f 9350 9158 9346
f 9346 9158 9155
f 9346 9347 9351
f 9346 9351 9350
f 9349 9348 9159
f 9160 9349 9159
f 9352 9349 9160
f 9159 9348 9157
f 9350 9161 9158
f 9162 9161 9350
f 9351 9162 9350
f 9353 9162 9351
f 9355 9354 9163
f 9355 9163 9164
f 9163 9356 9165
f 9354 9356 9163
f 9160 9165 9352
f 9352 9165 9356
f 9357 9166 9167
f 9169 9357 9167
f 9170 9162 9358
f 9162 9359 9358
f 9162 9353 9359
f 9358 9171 9170
f 9361 9360 9172
f 9361 9172 9173
f 9164 9172 9355
f 9355 9172 9360
f 9362 9174 9357
f 9357 9174 9166
f 9176 9362 9169
f 9169 9362 9357
f 9359 9363 9358
f 9363 9365 9364
f 9363 9364 9177
f 9358 9363 9177
f 9171 9358 9177
f 9177 9364 9366
f 9367 9177 9366
f 9179 9177 9367
f 9173 9179 9361
f 9361 9179 9367
f 9370 9369 9368
f 9181 9182 9368
f 9182 9370 9368
f 9182 9371 9370
f 9182 9183 9371
f 9371 9183 9372
f 9374 9373 9186
f 9186 9373 9185
f 9375 9186 9187
f 9375 9374 9186
f 9187 9188 9375
f 9375 9188 9376
f 9377 9189 9362
f 9362 9189 9174
f 9191 9377 9176
f 9176 9377 9362
f 9365 9378 9364
f 9364 9378 9366
f 9368 9369 9379
f 9379 9369 9380
f 9379 9192 9181
f 9379 9181 9368
f 9183 9193 9381
f 9382 9183 9381
f 9372 9183 9382
f 9195 9381 9193
f 9373 9196 9185
f 9383 9196 9373
f 9198 9376 9188
f 9198 9384 9376
f 9377 9201 9189
f 9201 9377 9191
f 9379 9380 9205
f 9380 9204 9205
f 9380 9385 9204
f 9379 9205 9192
f 9386 9382 9381
f 9381 9195 9386
f 9195 9387 9386
f 9195 9209 9387
f 9389 9388 9211
f 9211 9388 9210
f 9211 9196 9383
f 9211 9383 9389
f 9198 9212 9390
f 9391 9198 9390
f 9384 9198 9391
f 9213 9390 9212
f 9392 9217 9218
f 9392 9218 9393
f 9218 9394 9393
f 9218 9219 9394
f 9395 9219 9220
f 9395 9394 9219
f 9220 9204 9385
f 9220 9385 9395
f 9209 9222 9396
f 9397 9209 9396
f 9387 9209 9397
f 9396 9222 9398
f 9222 9399 9398
f 9222 9223 9399
f 9223 9210 9388
f 9223 9388 9399
f 9391 9390 9400
f 9391 9400 9401
f 9225 9400 9213
f 9213 9400 9390
f 9402 9228 9229
f 9230 9402 9229
f 9404 9403 9392
f 9403 9217 9392
f 9403 9231 9217
f 9404 9392 9393
f 9407 9406 9405
f 9405 9406 9397
f 9396 9405 9397
f 9408 9405 9396
f 9396 9398 9409
f 9396 9409 9408
f 9401 9400 9234
f 9233 9401 9234
f 9410 9401 9233
f 9234 9400 9225
f 9413 9412 9411
f 9415 9414 9411
f 9411 9414 9413
f 9415 9416 9414
f 9417 9236 9237
f 9228 9402 9237
f 9402 9417 9237
f 9402 9418 9417
f 9239 9418 9230
f 9230 9418 9402
f 9403 9240 9231
f 9419 9240 9403
f 9422 9421 9420
f 9420 9421 9407
f 9405 9420 9407
f 9423 9420 9405
f 9424 9405 9408
f 9423 9405 9424
f 9408 9409 9425
f 9408 9425 9424
f 9245 9410 9233
f 9245 9426 9410
f 9411 9412 9427
f 9427 9412 9428
f 9430 9415 9429
f 9415 9427 9429
f 9415 9411 9427
f 9415 9430 9416
f 9431 9247 9417
f 9417 9247 9236
f 9432 9417 9418
f 9431 9417 9432
f 9249 9432 9239
f 9239 9432 9418
f 9419 9433 9240
f 9240 9433 9250
f 9250 9434 9251
f 9433 9434 9250
f 9251 9435 9252
f 9434 9435 9251
f 9252 9436 9253
f 9435 9436 9252
f 9420 9437 9255
f 9436 9420 9255
f 9253 9436 9255
f 9422 9420 9436
f 9438 9420 9423
f 9437 9420 9438
f 9439 9423 9424
f 9438 9423 9439
f 9424 9425 9440
f 9424 9440 9439
f 9256 9426 9245
f 9256 9441 9426
f 9428 9442 9427
f 9427 9442 9429
f 9431 9259 9247
f 9259 9431 9261
f 9431 9443 9261
f 9431 9432 9443
f 9262 9443 9249
f 9249 9443 9432
f 9437 9263 9255
f 9263 9437 9264
f 9264 9437 9438
f 9264 9438 9266
f 9438 9444 9266
f 9438 9439 9444
f 9439 9440 9445
f 9439 9445 9444
f 9267 9441 9256
f 9267 9446 9441
f 9443 9271 9261
f 9271 9443 9262
f 9444 9275 9266
f 9445 9447 9444
f 9447 9275 9444
f 9447 9278 9275
f 9278 9448 9279
f 9447 9448 9278
f 9450 9449 9281
f 9279 9450 9281
f 9448 9450 9279
f 9452 9451 9449
f 9452 9449 9450
f 9452 9446 9451
f 9446 9282 9451
f 9446 9267 9282
f 9453 9284 9285
f 9286 9453 9285
f 9449 9287 9281
f 9287 9449 9288
f 9288 9449 9451
f 9288 9451 9282
f 9455 9454 9453
f 9454 9284 9453
f 9454 9290 9284
f 9455 9453 9286
f 9291 9455 9286
f 9456 9455 9291
f 9291 9293 9456
f 9456 9293 9457
f 9454 9295 9290
f 9458 9295 9454
f 9461 9460 9459
f 9460 9457 9459
f 9457 9297 9459
f 9457 9293 9297
f 9458 9462 9295
f 9295 9462 9299
f 9459 9300 9461
f 9300 9462 9461
f 9300 9299 9462
f 9300 9459 9297
f 9463 9301 9302
f 9463 9302 9464
f 9302 9465 9464
f 9302 9303 9465
f 9466 9303 9304
f 9466 9465 9303
f 9467 9304 9305
f 9467 9466 9304
f 9305 9306 9467
f 9467 9306 9468
f 9469 9308 9309
f 9470 9469 9309
f 9470 9309 9301
f 9471 9470 9301
f 9463 9471 9301
f 9471 9463 9464
f 9472 9468 9306
f 9472 9306 9310
f 9474 9472 9473
f 9472 9311 9473
f 9472 9310 9311
f 9313 9473 9311
f 9475 9318 9469
f 9469 9318 9308
f 9469 9470 9476
f 9469 9476 9475
f 9474 9473 9477
f 9474 9477 9478
f 9319 9477 9313
f 9313 9477 9473
f 9479 9323 9324
f 9479 9324 9480
f 9324 9481 9480
f 9324 9325 9481
f 9325 9318 9475
f 9482 9325 9475
f 9481 9325 9482
f 9482 9475 9476
f 9485 9484 9483
f 9483 9484 9478
f 9483 9478 9477
f 9328 9483 9477
f 9327 9328 9477
f 9327 9477 9319
f 9486 9330 9331
f 9487 9486 9331
f 9487 9331 9323
f 9488 9487 9323
f 9479 9488 9323
f 9488 9479 9480
f 9489 9485 9483
f 9483 9328 9489
f 9328 9490 9489
f 9328 9332 9490
f 9491 9334 9486
f 9486 9334 9330
f 9486 9487 9492
f 9486 9492 9491
f 9335 9490 9332
f 9335 9493 9490
f 9494 9336 9491
f 9491 9336 9334
f 9491 9492 9495
f 9491 9495 9494
f 9498 9497 9496
f 9497 9493 9496
f 9493 9337 9496
f 9493 9335 9337
f 9494 9338 9336
f 9500 9499 9339
f 9500 9339 9338
f 9495 9500 9338
f 9494 9495 9338
f 9502 9501 9499
f 9502 9499 9500
f 9503 9501 9502
f 9498 9496 9504
f 9498 9504 9505
f 9340 9504 9337
f 9337 9504 9496
f 9499 9341 9339
f 9341 9499 9342
f 9499 9506 9342
f 9499 9501 9506
f 9501 9503 9507
f 9501 9507 9506
f 9505 9504 9508
f 9505 9508 9509
f 9344 9508 9340
f 9340 9508 9504
f 9506 9345 9342
f 9511 9510 9347
f 9511 9347 9345
f 9507 9511 9345
f 9506 9507 9345
f 9512 9510 9511
f 9513 9509 9508
f 9344 9349 9508
f 9349 9514 9508
f 9514 9513 9508
f 9514 9349 9515
f 9515 9516 9514
f 9517 9351 9510
f 9510 9351 9347
f 9510 9512 9518
f 9510 9518 9517
f 9521 9520 9519
f 9520 9522 9515
f 9352 9520 9515
f 9349 9352 9515
f 9519 9520 9352
f 9515 9522 9516
f 9524 9523 9517
f 9523 9351 9517
f 9523 9353 9351
f 9524 9517 9518
f 9355 9525 9354
f 9526 9521 9519
f 9354 9526 9519
f 9356 9354 9519
f 9526 9354 9525
f 9356 9519 9352
f 9523 9359 9353
f 9527 9359 9523
f 9361 9528 9360
f 9528 9529 9360
f 9360 9529 9355
f 9529 9530 9355
f 9530 9525 9355
f 9525 9530 9526
f 9363 9359 9531
f 9359 9532 9531
f 9359 9527 9532
f 9531 9365 9363
f 9366 9533 9367
f 9533 9534 9367
f 9367 9534 9361
f 9534 9535 9361
f 9535 9528 9361
f 9528 9535 9529
f 9536 9369 9370
f 9371 9537 9370
f 9370 9537 9536
f 9372 9537 9371
f 9539 9538 9374
f 9374 9538 9373
f 9541 9539 9540
f 9539 9375 9540
f 9539 9374 9375
f 9376 9540 9375
f 9532 9542 9531
f 9531 9542 9365
f 9542 9378 9365
f 9542 9543 9378
f 9366 9378 9533
f 9378 9544 9533
f 9378 9543 9544
f 9533 9544 9534
f 9545 9380 9536
f 9536 9380 9369
f 9546 9536 9537
f 9545 9536 9546
f 9382 9546 9372
f 9372 9546 9537
f 9538 9383 9373
f 9547 9383 9538
f 9548 9541 9540
f 9540 9376 9548
f 9376 9549 9548
f 9376 9384 9549
f 9550 9385 9545
f 9545 9385 9380
f 9551 9545 9546
f 9550 9545 9551
f 9386 9552 9382
f 9552 9546 9382
f 9552 9551 9546
f 9387 9552 9386
f 9553 9388 9389
f 9554 9553 9389
f 9383 9554 9389
f 9547 9554 9383
f 9391 9549 9384
f 9391 9555 9549
f 9556 9393 9394
f 9395 9557 9394
f 9394 9557 9556
f 9385 9550 9395
f 9550 9557 9395
f 9550 9558 9557
f 9559 9550 9551
f 9558 9550 9559
f 9560 9551 9552
f 9559 9551 9560
f 9397 9560 9387
f 9387 9560 9552
f 9561 9398 9399
f 9388 9553 9399
f 9553 9561 9399
f 9553 9562 9561
f 9553 9554 9563
f 9553 9563 9562
f 9401 9555 9391
f 9401 9564 9555
f 9565 9403 9404
f 9566 9565 9404
f 9566 9404 9393
f 9567 9566 9393
f 9556 9567 9393
f 9567 9556 9557
f 9567 9557 9568
f 9570 9569 9568
f 9557 9570 9568
f 9558 9570 9557
f 9571 9558 9559
f 9570 9558 9571
f 9407 9571 9406
f 9571 9560 9406
f 9571 9559 9560
f 9406 9560 9397
f 9572 9409 9561
f 9561 9409 9398
f 9562 9574 9573
f 9572 9562 9573
f 9561 9562 9572
f 9574 9562 9563
f 9577 9576 9575
f 9576 9564 9575
f 9564 9410 9575
f 9564 9401 9410
f 9579 9578 9413
f 9413 9578 9412
f 9581 9579 9580
f 9579 9414 9580
f 9579 9413 9414
f 9416 9580 9414
f 9582 9419 9565
f 9565 9419 9403
f 9565 9566 9583
f 9565 9583 9582
f 9569 9570 9584
f 9569 9584 9585
f 9422 9584 9421
f 9584 9571 9421
f 9584 9570 9571
f 9421 9571 9407
f 9586 9425 9572
f 9572 9425 9409
f 9572 9573 9587
f 9572 9587 9586
f 9577 9575 9588
f 9577 9588 9589
f 9426 9588 9410
f 9410 9588 9575
f 9578 9428 9412
f 9590 9428 9578
f 9581 9580 9430
f 9429 9581 9430
f 9591 9581 9429
f 9430 9580 9416
f 9582 9433 9419
f 9583 9592 9582
f 9592 9433 9582
f 9592 9434 9433
f 9434 9593 9435
f 9592 9593 9434
f 9584 9436 9585
f 9436 9593 9585
f 9436 9435 9593
f 9436 9584 9422
f 9594 9440 9586
f 9586 9440 9425
f 9586 9587 9595
f 9586 9595 9594
f 9589 9588 9596
f 9589 9596 9597
f 9441 9596 9426
f 9426 9596 9588
f 9590 9598 9428
f 9428 9598 9442
f 9429 9442 9591
f 9591 9442 9598
f 9599 9445 9594
f 9594 9445 9440
f 9594 9595 9600
f 9601 9594 9600
f 9599 9594 9601
f 9603 9602 9601
f 9603 9601 9600
f 9602 9603 9597
f 9596 9602 9597
f 9604 9602 9596
f 9446 9604 9441
f 9441 9604 9596
f 9599 9447 9445
f 9447 9599 9448
f 9448 9599 9601
f 9448 9601 9450
f 9450 9601 9602
f 9450 9602 9452
f 9452 9602 9604
f 9452 9604 9446
f 9605 9454 9455
f 9456 9606 9455
f 9455 9606 9605
f 9457 9606 9456
f 9607 9458 9605
f 9605 9458 9454
f 9461 9607 9460
f 9607 9606 9460
f 9607 9605 9606
f 9460 9606 9457
f 9607 9462 9458
f 9462 9607 9461
f 9609 9608 9465
f 9465 9608 9464
f 9610 9465 9466
f 9610 9609 9465
f 9612 9610 9611
f 9610 9467 9611
f 9610 9466 9467
f 9468 9611 9467
f 9613 9470 9471
f 9614 9613 9471
f 9464 9614 9471
f 9608 9614 9464
f 9615 9612 9611
f 9617 9615 9616
f 9616 9615 9472
f 9615 9611 9472
f 9611 9468 9472
f 9474 9616 9472
f 9619 9618 9613
f 9618 9470 9613
f 9618 9476 9470
f 9619 9613 9614
f 9617 9616 9620
f 9617 9620 9621
f 9478 9620 9474
f 9474 9620 9616
f 9622 9480 9481
f 9482 9623 9481
f 9481 9623 9622
f 9624 9623 9482
f 9476 9624 9482
f 9618 9624 9476
f 9621 9620 9484
f 9485 9621 9484
f 9625 9621 9485
f 9484 9620 9478
f 9626 9487 9488
f 9480 9622 9488
f 9622 9626 9488
f 9622 9627 9626
f 9623 9629 9628
f 9627 9623 9628
f 9622 9623 9627
f 9629 9623 9624
f 9485 9489 9630
f 9631 9485 9630
f 9625 9485 9631
f 9490 9630 9489
f 9632 9492 9626
f 9626 9492 9487
f 9627 9634 9633
f 9632 9627 9633
f 9626 9627 9632
f 9634 9627 9628
f 9631 9630 9635
f 9631 9635 9636
f 9493 9635 9490
f 9490 9635 9630
f 9637 9495 9632
f 9632 9495 9492
f 9632 9633 9638
f 9639 9632 9638
f 9637 9632 9639
f 9641 9640 9639
f 9641 9639 9638
f 9642 9640 9641
f 9636 9635 9497
f 9498 9636 9497
f 9643 9636 9498
f 9497 9635 9493
f 9637 9500 9495
f 9500 9637 9502
f 9502 9637 9639
f 9502 9639 9503
f 9639 9644 9503
f 9639 9640 9644
f 9640 9642 9645
f 9640 9645 9644
f 9648 9647 9646
f 9647 9643 9646
f 9643 9505 9646
f 9643 9498 9505
f 9649 9507 9644
f 9644 9507 9503
f 9644 9645 9650
f 9651 9644 9650
f 9649 9644 9651
f 9652 9651 9650
f 9648 9646 9653
f 9648 9653 9654
f 9509 9653 9505
f 9505 9653 9646
f 9649 9511 9507
f 9511 9649 9512
f 9649 9655 9512
f 9649 9651 9655
f 9651 9652 9656
f 9657 9651 9656
f 9655 9651 9657
f 9659 9658 9657
f 9659 9657 9656
f 9658 9659 9654
f 9653 9658 9654
f 9660 9658 9653
f 9513 9661 9509
f 9661 9653 9509
f 9661 9660 9653
f 9514 9662 9513
f 9513 9662 9661
f 9516 9662 9514
f 9663 9518 9655
f 9655 9518 9512
f 9657 9665 9664
f 9663 9657 9664
f 9655 9657 9663
f 9665 9657 9658
f 9665 9658 9666
f 9666 9658 9660
f 9666 9660 9667
f 9521 9668 9520
f 9668 9660 9520
f 9660 9661 9520
f 9668 9667 9660
f 9520 9661 9522
f 9522 9661 9662
f 9522 9662 9516
f 9669 9523 9524
f 9670 9669 9524
f 9670 9524 9518
f 9671 9670 9518
f 9663 9671 9518
f 9671 9663 9664
f 9526 9668 9521
f 9526 9672 9668
f 9673 9527 9669
f 9669 9527 9523
f 9669 9670 9674
f 9669 9674 9673
f 9529 9675 9530
f 9675 9676 9530
f 9676 9526 9530
f 9676 9672 9526
f 9677 9532 9673
f 9673 9532 9527
f 9673 9674 9678
f 9673 9678 9677
f 9534 9679 9535
f 9679 9680 9535
f 9535 9680 9529
f 9680 9681 9529
f 9681 9675 9529
f 9675 9681 9676
f 9682 9538 9539
f 9541 9682 9539
f 9677 9542 9532
f 9678 9683 9677
f 9683 9542 9677
f 9683 9543 9542
f 9543 9684 9544
f 9683 9684 9543
f 9534 9544 9679
f 9544 9685 9679
f 9544 9684 9685
f 9679 9685 9680
f 9686 9547 9682
f 9682 9547 9538
f 9548 9687 9541
f 9687 9682 9541
f 9687 9686 9682
f 9549 9687 9548
f 9688 9554 9686
f 9686 9554 9547
f 9689 9686 9687
f 9688 9686 9689
f 9555 9689 9549
f 9549 9689 9687
f 9690 9563 9688
f 9688 9563 9554
f 9691 9688 9689
f 9690 9688 9691
f 9564 9691 9555
f 9555 9691 9689
f 9692 9566 9567
f 9568 9693 9567
f 9567 9693 9692
f 9569 9693 9568
f 9694 9573 9574
f 9563 9690 9574
f 9690 9694 9574
f 9690 9695 9694
f 9577 9695 9576
f 9695 9691 9576
f 9695 9690 9691
f 9576 9691 9564
f 9696 9578 9579
f 9581 9696 9579
f 9697 9583 9692
f 9692 9583 9566
f 9698 9692 9693
f 9697 9692 9698
f 9585 9698 9569
f 9569 9698 9693
f 9699 9587 9694
f 9694 9587 9573
f 9700 9694 9695
f 9699 9694 9700
f 9589 9700 9577
f 9577 9700 9695
f 9701 9590 9696
f 9696 9590 9578
f 9591 9701 9581
f 9581 9701 9696
f 9697 9592 9583
f 9592 9697 9593
f 9593 9697 9698
f 9593 9698 9585
f 9702 9595 9699
f 9699 9595 9587
f 9703 9699 9700
f 9702 9699 9703
f 9597 9703 9589
f 9589 9703 9700
f 9701 9598 9590
f 9598 9701 9591
f 9702 9600 9595
f 9600 9702 9603
f 9603 9702 9703
f 9603 9703 9597
f 9705 9704 9609
f 9609 9704 9608
f 9706 9609 9610
f 9706 9705 9609
f 9610 9612 9706
f 9706 9612 9707
f 9704 9614 9608
f 9708 9614 9704
f 9612 9615 9709
f 9710 9612 9709
f 9707 9612 9710
f 9617 9709 9615
f 9711 9618 9619
f 9712 9711 9619
f 9614 9712 9619
f 9708 9712 9614
f 9710 9709 9713
f 9710 9713 9714
f 9621 9713 9617
f 9617 9713 9709
f 9716 9715 9711
f 9715 9618 9711
f 9715 9624 9618
f 9716 9711 9712
f 9714 9713 9717
f 9714 9717 9718
f 9625 9717 9621
f 9621 9717 9713
f 9719 9628 9629
f 9720 9719 9629
f 9624 9720 9629
f 9715 9720 9624
f 9718 9717 9721
f 9718 9721 9722
f 9631 9721 9625
f 9625 9721 9717
f 9723 9633 9634
f 9724 9723 9634
f 9724 9634 9628
f 9725 9724 9628
f 9719 9725 9628
f 9725 9719 9720
f 9728 9727 9726
f 9726 9727 9722
f 9721 9726 9722
f 9729 9726 9721
f 9636 9729 9631
f 9631 9729 9721
f 9723 9638 9633
f 9724 9730 9723
f 9730 9638 9723
f 9730 9641 9638
f 9642 9641 9730
f 9642 9730 9731
f 9728 9726 9732
f 9728 9732 9733
f 9734 9726 9729
f 9732 9726 9734
f 9643 9734 9636
f 9636 9734 9729
f 9736 9645 9735
f 9645 9731 9735
f 9645 9642 9731
f 9737 9736 9735
f 9733 9732 9738
f 9733 9738 9739
f 9648 9738 9647
f 9738 9734 9647
f 9738 9732 9734
f 9647 9734 9643
f 9736 9650 9645
f 9741 9740 9652
f 9741 9652 9650
f 9737 9741 9650
f 9736 9737 9650
f 9740 9741 9739
f 9738 9740 9739
f 9742 9740 9738
f 9654 9742 9648
f 9648 9742 9738
f 9740 9656 9652
f 9656 9740 9659
f 9659 9740 9742
f 9659 9742 9654
f 9743 9664 9665
f 9666 9744 9665
f 9665 9744 9743
f 9667 9745 9666
f 9666 9745 9744
f 9668 9745 9667
f 9746 9670 9671
f 9664 9743 9671
f 9743 9746 9671
f 9743 9747 9746
f 9744 9749 9748
f 9747 9744 9748
f 9743 9744 9747
f 9751 9750 9749
f 9744 9751 9749
f 9745 9751 9744
f 9672 9751 9668
f 9668 9751 9745
f 9752 9674 9746
f 9746 9674 9670
f 9753 9746 9747
f 9752 9746 9753
f 9747 9748 9754
f 9755 9747 9754
f 9753 9747 9755
f 9755 9754 9750
f 9751 9755 9750
f 9756 9755 9751
f 9676 9756 9672
f 9672 9756 9751
f 9757 9678 9752
f 9752 9678 9674
f 9758 9752 9753
f 9757 9752 9758
f 9759 9753 9755
f 9758 9753 9759
f 9680 9759 9681
f 9759 9756 9681
f 9759 9755 9756
f 9681 9756 9676
f 9757 9683 9678
f 9683 9757 9684
f 9684 9757 9758
f 9684 9758 9685
f 9685 9758 9759
f 9685 9759 9680
f 9760 9704 9705
f 9706 9761 9705
f 9705 9761 9760
f 9707 9761 9706
f 9762 9708 9760
f 9760 9708 9704
f 9763 9760 9761
f 9762 9760 9763
f 9710 9763 9707
f 9707 9763 9761
f 9764 9712 9762
f 9762 9712 9708
f 9765 9762 9763
f 9764 9762 9765
f 9714 9765 9710
f 9710 9765 9763
f 9766 9715 9716
f 9712 9764 9716
f 9764 9766 9716
f 9764 9767 9766
f 9768 9764 9765
f 9767 9764 9768
f 9718 9768 9714
f 9714 9768 9765
f 9769 9720 9766
f 9766 9720 9715
f 9770 9766 9767
f 9769 9766 9770
f 9771 9767 9768
f 9770 9767 9771
f 9722 9771 9718
f 9718 9771 9768
f 9772 9724 9725
f 9720 9769 9725
f 9769 9772 9725
f 9769 9773 9772
f 9774 9769 9770
f 9773 9769 9774
f 9728 9774 9727
f 9774 9771 9727
f 9774 9770 9771
f 9727 9771 9722
f 9772 9730 9724
f 9730 9772 9731
f 9772 9775 9731
f 9772 9773 9775
f 9776 9773 9774
f 9775 9773 9776
f 9733 9776 9728
f 9728 9776 9774
f 9775 9735 9731
f 9735 9775 9737
f 9775 9777 9737
f 9775 9776 9777
f 9739 9777 9733
f 9733 9777 9776
f 9777 9741 9737
f 9741 9777 9739
f 9778 9748 9749
f 9750 9778 9749
f 9778 9754 9748
f 9754 9778 9750
f 9781 9780 9779
f 9779 9782 9781
f 9779 9780 9783
f 9783 9780 9784
f 9782 9779 9785
f 9785 9779 9783
f 9783 9784 9786
f 9786 9784 9787
f 9785 9783 9788
f 9788 9783 9786
f 9787 9789 9786
f 9786 9789 9788
f 9792 9791 9790
f 9794 9793 9790
f 9790 9793 9792
f 9794 9795 9793
f 9790 9791 9796
f 9796 9791 9797
f 9796 9780 9781
f 9794 9796 9781
f 9790 9796 9794
f 9781 9782 9794
f 9782 9795 9794
f 9782 9798 9795
f 9801 9800 9799
f 9801 9799 9797
f 9799 9796 9797
f 9799 9802 9796
f 9802 9784 9780
f 9802 9780 9796
f 9785 9798 9782
f 9785 9803 9798
f 9799 9800 9804
f 9804 9800 9805
f 9799 9806 9802
f 9799 9804 9806
f 9806 9787 9784
f 9806 9784 9802
f 9788 9803 9785
f 9788 9807 9803
f 9805 9808 9804
f 9804 9808 9806
f 9806 9808 9809
f 9806 9809 9787
f 9809 9789 9787
f 9809 9810 9789
f 9788 9789 9807
f 9807 9789 9810
f 9811 9791 9792
f 9811 9792 9812
f 9792 9813 9812
f 9792 9793 9813
f 9793 9795 9813
f 9813 9795 9814
f 9817 9816 9815
f 9818 9817 9811
f 9817 9797 9811
f 9797 9791 9811
f 9817 9815 9797
f 9818 9811 9812
f 9798 9814 9795
f 9798 9819 9814
f 9815 9816 9801
f 9816 9800 9801
f 9816 9820 9800
f 9815 9801 9797
f 9803 9819 9798
f 9803 9821 9819
f 9823 9805 9822
f 9805 9820 9822
f 9805 9800 9820
f 9825 9824 9823
f 9825 9823 9822
f 9827 9826 9824
f 9827 9824 9825
f 9827 9821 9826
f 9821 9807 9826
f 9821 9803 9807
f 9823 9808 9805
f 9808 9823 9809
f 9809 9823 9824
f 9809 9824 9810
f 9810 9824 9826
f 9810 9826 9807
f 9828 9812 9813
f 9814 9828 9813
f 9829 9816 9817
f 9818 9830 9817
f 9817 9830 9829
f 9812 9828 9818
f 9828 9830 9818
f 9828 9831 9830
f 9819 9831 9814
f 9814 9831 9828
f 9832 9820 9829
f 9829 9820 9816
f 9833 9829 9830
f 9832 9829 9833
f 9834 9830 9831
f 9833 9830 9834
f 9821 9834 9819
f 9819 9834 9831
f 9832 9822 9820
f 9822 9832 9825
f 9825 9832 9833
f 9825 9833 9827
f 9827 9833 9834
f 9827 9834 9821
